CASE_ID,ACCIDENT_YEAR,PROC_DATE,JURIS,COLLISION_DATE,COLLISION_TIME,OFFICER_ID,REPORTING_DISTRICT,DAY_OF_WEEK,CHP_SHIFT,POPULATION,CNTY_CITY_LOC,SPECIAL_COND,BEAT_TYPE,CHP_BEAT_TYPE,CITY_DIVISION_LAPD,CHP_BEAT_CLASS,BEAT_NUMBER,PRIMARY_RD,SECONDARY_RD,DISTANCE,DIRECTION,INTERSECTION,WEATHER_1,WEATHER_2,STATE_HWY_IND,CALTRANS_COUNTY,CALTRANS_DISTRICT,STATE_ROUTE,ROUTE_SUFFIX,POSTMILE_PREFIX,POSTMILE,LOCATION_TYPE,RAMP_INTERSECTION,SIDE_OF_HWY,TOW_AWAY,COLLISION_SEVERITY,NUMBER_KILLED,NUMBER_INJURED,PARTY_COUNT,PRIMARY_COLL_FACTOR,PCF_CODE_OF_VIOL,PCF_VIOL_CATEGORY,PCF_VIOLATION,PCF_VIOL_SUBSECTION,HIT_AND_RUN,TYPE_OF_COLLISION,MVIW,PED_ACTION,ROAD_SURFACE,ROAD_COND_1,ROAD_COND_2,LIGHTING,CONTROL_DEVICE,CHP_ROAD_TYPE,PEDESTRIAN_ACCIDENT,BICYCLE_ACCIDENT,MOTORCYCLE_ACCIDENT,TRUCK_ACCIDENT,NOT_PRIVATE_PROPERTY,ALCOHOL_INVOLVED,STWD_VEHTYPE_AT_FAULT,CHP_VEHTYPE_AT_FAULT,COUNT_SEVERE_INJ,COUNT_VISIBLE_INJ,COUNT_COMPLAINT_PAIN,COUNT_PED_KILLED,COUNT_PED_INJURED,COUNT_BICYCLIST_KILLED,COUNT_BICYCLIST_INJURED,COUNT_MC_KILLED,COUNT_MC_INJURED,PRIMARY_RAMP,SECONDARY_RAMP,LATITUDE,LONGITUDE,COUNTY,CITY,POINT_X,POINT_Y
90356403,2016,2016-12-28,9350,2016-12-22,1825,019927,,4,2,9,2100,0,1,3,,1,012,SR-1,"ALMONTE BLVD",410.00,S,N,A,-,Y,,,1,,,,,,,N,2,0,1,2,A,-,11,21954,A,F,G,B,D,A,H,-,D,D,0,Y,,,,Y,Y,N,60,1,0,0,0,1,0,0,0,0,"- ","- ",37.880969999999998,-122.52424999999999,MARIN,UNINCORPORATED,-122.52427981,37.880950560000002
90538453,2017,2017-08-31,9350,2017-08-26,0945,018802,,6,1,9,2100,0,2,4,,1,014,"PANORAMIC HIGHWAY","SR-1 (SHORELINE HIGHWAY)",8448.00,E,N,A,-,Y,,,,,,,,,,Y,2,0,1,1,A,-,08,22107,,N,E,I,A,A,H,-,A,D,0,,,Y,,Y,,C,02,1,0,0,0,0,0,0,0,1,"- ","- ",37.89414,-122.62403,MARIN,UNINCORPORATED,-122.6238371,37.894095069999999
91159866,2019,2020-01-06,9350,2019-11-25,2500,022300,,1,4,9,2100,0,2,4,,1,044,"SIR FRANCIS DRAKE BOULEVARD","DEVILS GULCH FIRE RD",6336.00,E,N,A,-,N,,,,,,,,,,Y,1,1,0,1,A,-,08,22107,,N,E,I,A,A,H,-,A,D,0,,,,,Y,,A,07,0,0,0,0,0,0,0,0,0,"- ","- ",38.019901275634766,-122.72611999511719,MARIN,UNINCORPORATED,-122.72611999511719,38.019901275634766
6565440,2014,2016-05-11,9350,2014-07-16,0226,016836,,3,3,5,2109,0,1,2,,2,070,"US 101","MANUEL T FREITAS PKWY",1489.00,N,N,B,-,Y,MRN,4,101,-,-,14.000,H,-,N,Y,2,0,1,1,A,-,01,23152,A,N,E,I,A,A,H,-,C,D,1,,,,,Y,Y,A,07,1,0,0,0,0,0,0,0,0,"- ","- ",38.013060000000003,-122.54176,MARIN,"SAN RAFAEL",-122.54191243,38.011249460000002
7139632,2014,2016-01-12,2106,2014-10-20,2258,NP0373,N122,1,5,4,2106,0,0,0,,0,NP1,"NOVATO BL","SIMMONS LN",80.00,E,N,A,-,N,,,,,,,,,,Y,2,0,2,2,A,-,01,23152,,N,C,C,A,A,H,-,C,A,0,,,,,Y,Y,A,01,1,0,1,0,0,0,0,0,0,"- ","- ",,,MARIN,NOVATO,-122.5896736,38.111028040000001
90981490,2018,2019-07-12,9350,2018-11-10,1402,021391,,6,2,2,2102,0,1,2,,2,050,"US-101 S/B","TAMALPAIS DRIVE O/C",150.00,N,N,B,-,Y,,,101,,,,,,S,Y,1,1,0,1,A,-,08,22107,,N,E,I,A,A,H,-,A,D,0,,,,,Y,,A,01,0,0,0,0,0,0,0,0,0,"- ","- ",37.925811767578125,-122.51474761962891,MARIN,"CORTE MADERA",-122.51469421386719,37.925838470458984
91140764,2019,2019-12-11,9350,2019-11-30,1029,017201,,6,1,9,2100,0,1,2,,2,070,"US-101 N/B","MILLER CREEK O/C",1675.00,N,N,C,-,Y,,,101,,,,,,N,Y,2,0,2,1,A,-,03,22350,,N,F,A,A,B,H,-,A,D,0,,,,,Y,Y,D,22,1,1,0,0,0,0,0,0,0,"- ","- ",38.038211822509766,-122.53629302978516,MARIN,UNINCORPORATED,-122.53644561767578,38.038177490234375
91241923,2020,2020-05-26,9350,2020-05-20,1732,022108,,3,2,9,2100,0,2,4,,2,024,"SIR FRANCIS DRAKE BLVD","BON AIR RD",0.00,,Y,A,-,N,,,,,,,,,,Y,2,0,2,2,A,-,12,21453,A,N,D,C,A,A,H,-,A,A,0,,,,,Y,,A,07,1,0,1,0,0,0,0,0,0,"- ","- ",37.95050048828125,-122.53372192382812,MARIN,UNINCORPORATED,-122.53372955322266,37.950489044189453
91548961,2021,2021-08-19,9350,2021-08-14,1710,022433,,6,2,9,2100,0,3,5,,2,003,"SEMINARY DR.","GREAT CIRCLE DR.",100.00,E,N,A,-,N,,,,,,,,,,N,2,0,1,1,A,-,03,22350,,N,F,A,A,A,H,-,A,D,0,,Y,,,Y,,L,04,1,0,0,0,0,0,1,0,0,"- ","- ",37.883281707763672,-122.50253295898438,MARIN,UNINCORPORATED,-122.50240325927734,37.883319854736328
90452262,2017,2017-05-09,9350,2017-05-01,0202,021418,,1,3,9,2100,0,1,2,,2,070,"US 101 N/B","MILLER CREEK ROAD OVERCROSSING",984.00,S,N,A,-,Y,,,,,,,,,,Y,2,0,4,1,C,-,18,,,N,F,A,A,A,H,-,D,D,0,,,,,Y,,-,"- ",1,0,3,0,0,0,0,0,0,"- ","- ",38.031559999999999,-122.53726,MARIN,UNINCORPORATED,-122.53731938999999,38.03083736
90932850,2019,2019-02-25,9350,2019-02-12,0115,021699,,2,3,9,2100,0,1,2,,2,070,"US-101 N/B","LIGHT POLE 19042",90.00,S,N,B,-,Y,,,,,,,,,,Y,2,0,2,1,A,-,01,23152,A,N,E,I,A,B,H,-,C,D,0,,,,,Y,Y,A,01,2,0,0,0,0,0,0,0,0,"- ","- ",38.074810028076172,-122.54138946533203,MARIN,UNINCORPORATED,,
91702257,2022,2022-02-16,9350,2022-01-22,2030,022433,,6,2,9,2100,0,1,1,,2,115,"I-580 E/B","CASTRO STREET",7920.00,W,N,A,-,Y,CC,,580,,,6.623,H,,R,Y,2,0,1,5,A,-,03,22350,,N,C,C,A,A,H,-,C,D,0,,,,,Y,,-,"- ",1,0,0,0,0,0,0,0,0,"- ","- ",37.932891845703125,-122.41248321533203,MARIN,UNINCORPORATED,-122.4124755859375,37.932960510253906
92378535,2024,2024-04-30,9350,2024-04-21,1725,020979,,7,2,9,2100,0,1,2,,2,031,"US-101 N/B TO GGB VISTA POINT","ALEXANDER AVE",1290.00,S,N,A,-,Y,,,,,,,,,,Y,2,0,1,1,A,-,03,22350,,N,E,I,A,A,H,-,A,D,0,,,Y,,Y,,C,02,1,0,0,0,0,0,0,0,1,"- ","- ",37.833278656005859,-122.48136138916016,MARIN,UNINCORPORATED,-122.48459625244141,37.835601806640625
84463163,2024,2024-11-08,2109,2024-10-26,1855,695,,6,5,5,2109,0,0,0,,0,002,"MISSION AVE","NYE ST",0.00,,Y,A,-,N,,,,,,,,,,N,2,0,1,2,A,-,03,22350,,N,G,B,B,A,H,-,C,A,0,Y,,,,Y,,A,01,1,0,0,0,1,0,0,0,0,"- ","- ",37.974578857421875,-122.52509307861328,MARIN,"SAN RAFAEL",-122.52507019042969,37.974544525146484
91850553,2022,2022-08-26,9350,2022-08-12,1045,021418,,5,1,9,2100,0,1,1,,1,015,"I-580 W/B (BICYCLE PATH)","MARIN/CONTRA COSTA COUNTY LINE",6494.00,W,N,A,-,N,,,,,,,,,,N,2,0,1,1,A,-,03,22350,,N,F,A,A,A,H,-,A,D,0,,Y,,,Y,,L,04,1,0,0,0,0,0,1,0,0,"- ","- ",37.935420989990234,-122.44866943359375,MARIN,UNINCORPORATED,-122.44867706298828,37.935379028320312
91906921,2022,2022-11-01,9350,2022-10-24,1240,015964,,1,1,9,2100,0,1,3,,1,052,"SR-1 (SHORELINE HWY.)","MARCONI COVE MARINA",845.00,N,N,A,-,Y,MRN,,1,,,32.646,H,,R,N,2,0,1,1,A,-,03,22350,,N,F,0,A,A,H,-,A,D,0,,,Y,,Y,,C,02,1,0,0,0,0,0,0,0,1,"- ","- ",38.1026611328125,-122.83705139160156,MARIN,UNINCORPORATED,-122.83707427978516,38.102664947509766
94377977,2024,2024-09-02,9350,2024-08-28,"100 ",017691,,3,3,9,2100,0,1,2,,2,070,"U.S. 101 S/B TO LUCAS VALLEY RD","LUCAS VALLEY ROAD",260.00,S,N,A,-,Y,MRN,,101," "," ",14.679,H,,L,Y,2,0,1,1,A,-,01,23152,A,N,E,I,A,A,H,-,C,D,0,,,,,Y,Y,A,01,1,0,0,0,0,0,0,0,0,"- ","- ",38.020950317382812,-122.53970336914062,MARIN,UNINCORPORATED,-122.53945159912109,38.020893096923828
94424621,2024,2025-05-09,9350,2024-10-05,2039,022271,,6,2,4,2106,0,1,2,,2,070,"US-101 N/B","IGNACIO BLVD",2570.00,S,N,A,-,Y,MRN,,101," "," ",17.473,H,,R,Y,1,1,0,1,A,-,08,22107,,N,E,I,A,A,H,-,C,D,0,,,,,Y,,A,01,0,0,0,0,0,0,0,0,0,"- ","- ",38.059909820556641,-122.53163146972656,MARIN,NOVATO,-122.53175354003906,38.059860229492188
8769262,2018,2019-01-26,2104,2018-12-05,1518,094,1,3,5,3,2104,0,0,0,,0,002,"WARD ST","LOCUST AV",105.00,E,N,A,-,N,,,,,,,,,,N,2,0,1,2,A,-,21,22106,,N,G,B,F,A,H,-,A,D,0,Y,,,,Y,,A,01,1,0,0,0,1,0,0,0,0,"- ","- ",37.936019897460938,-122.53605651855469,MARIN,LARKSPUR,-122.53606414794922,37.936222076416016
92065231,2023,2023-05-09,9350,2023-04-01,1313,022433,,6,1,9,2100,0,1,3,,1,042,SR-1,"FAIRFAX-BOLINAS ROAD",0.00,,Y,A,-,Y,MRN,,1," "," ",17.072,H,,R,Y,1,1,2,3,A,-,09,21801,A,N,D,C,A,A,H,-,A,D,0,,,Y,,Y,,A,01,2,0,0,0,0,0,0,1,1,"- ","- ",37.934688568115234,-122.69754028320312,MARIN,UNINCORPORATED,-122.69754028320312,37.934688568115234
6749465,2014,2015-02-02,2109,2014-11-07,1730,566,39,5,5,5,2109,0,0,0,,0,003,"ANDERSEN DR","DU BOIS ST",44.00,S,N,A,-,N,,,,,,,,,,Y,2,0,1,2,A,-,03,22350,,N,C,C,A,A,H,-,C,D,0,,,Y,,Y,,C,02,1,0,0,0,0,0,0,0,1,"- ","- ",,,MARIN,"SAN RAFAEL",-122.51714548,37.96354006
7137639,2015,2015-12-17,2117,2015-10-24,0645,026,2,6,5,2,2102,0,0,0,,0,001,"PARADISE DR","HARBOR DR",12.00,E,N,A,-,N,,,,,,,,,,N,2,0,1,2,A,-,11,21954,A,N,G,B,D,A,H,-,C,A,0,Y,,,,Y,,N,60,1,0,0,0,1,0,0,0,0,"- ","- ",37.92022,-122.50893000000001,MARIN,"CORTE MADERA",-122.50881277000001,37.920115279999997
8067010,2016,2016-06-27,2117,2016-05-27,1855,026,,5,5,3,2108,0,0,0,,0,,"EAST SIR FRANCIS DRAKE BL","LARKSPUR LANDING CIR",203.00,W,N,A,-,N,,,,,,,,,,N,2,0,1,2,A,-,04,21703,,F,H,G,A,A,H,-,A,D,0,,Y,,,Y,,A,01,1,0,0,0,0,0,1,0,0,"- ","- ",37.945430000000002,-122.50756,MARIN,"SAN ANSELMO",-122.51210116999999,37.945443830000002
91485035,2021,2021-05-28,9350,2021-05-15,1500,022411,,6,2,9,2100,0,2,4,,1,044,"SIR FRANCIS DRAKE BLVD","SAN GERONIMO VALLEY DR.",2006.00,E,N,A,-,N,,,,,,,,,,Y,2,0,1,1,A,-,03,22350,,N,F,A,A,A,H,-,A,D,0,,,Y,,Y,,C,02,1,0,0,0,0,0,0,0,1,"- ","- ",38.011608123779297,-122.62338256835938,MARIN,UNINCORPORATED,-122.66334533691406,38.014503479003906
91948004,2022,2022-12-21,9350,2022-12-07,2040,021418,,3,2,9,2100,0,1,2,,2,070,"US-101 S/B TO SMITH RANCH ROAD","LUCAS VALLEY ROAD UNDERCROSSING",196.00,W,N,A,-,Y,,,,,,,,,,N,2,0,1,1,A,-,03,22350,,N,E,I,A,A,H,-,D,D,0,,,,,Y,,A,07,1,0,0,0,0,0,0,0,0,"- ","- ",38.020900726318359,-122.53987884521484,MARIN,UNINCORPORATED,-122.53987884521484,38.020900726318359
6452825,2014,2014-07-10,9350,2014-04-23,0200,015964,,3,3,9,2100,0,3,5,,2,002,"MESA RD","EVERGREEN RD",1056.00,W,N,A,-,N,,,,,,,,,,Y,2,0,1,1,A,-,08,22107,,N,E,I,A,A,H,-,D,D,0,,,,,Y,,A,07,1,0,0,0,0,0,0,0,0,"- ","- ",37.906840000000003,-122.70628000000001,MARIN,UNINCORPORATED,-122.70625883,37.909342879999997
90370799,2017,2017-01-17,9350,2017-01-08,0155,021266,,7,3,9,2100,0,1,3,,1,052,SR-1,"MESA ROAD",75.00,S,N,B,C,Y,,,1,,,,,,,Y,2,0,3,1,A,-,01,23152,A,N,E,I,A,B,H,-,D,D,0,,,,,Y,Y,A,01,1,0,2,0,0,0,0,0,0,"- ","- ",38.079740000000001,-122.80839,MARIN,UNINCORPORATED,-122.80834811,38.079815400000001
90803479,2018,2018-08-31,9350,2018-06-16,2310,021466,,6,3,5,2109,0,1,2,,1,060,"US-101 S/B","N. SAN PEDRO RD U/C",1620.00,N,N,A,-,Y,,,101,,,,,,S,Y,1,1,0,3,A,-,03,22350,,N,C,C,A,A,H,-,C,D,0,,,Y,,Y,,A,01,0,0,0,0,0,0,0,1,0,"- ","- ",37.998088836669922,-122.53526306152344,MARIN,"SAN RAFAEL",-122.53525543212891,37.998096466064453
91451779,2021,2021-04-16,9350,2021-03-19,0535,022556,,5,3,5,2109,0,1,1,,1,015,"I-580 W/B","SIR FRANCIS DRAKE BLVD O/C",8.00,E,N,B,-,Y,,,580,,,,,,W,Y,2,0,1,2,A,-,03,22350,,N,E,I,A,B,H,-,D,D,0,,,,,Y,,D,22,1,0,0,0,0,0,0,0,0,"- ","- ",37.946418762207031,-122.49111175537109,MARIN,"SAN RAFAEL",-122.49104309082031,37.946495056152344
91696601,2022,2022-02-09,9350,2022-01-29,1700,022441,,6,2,9,2100,0,2,4,,2,026,"NOVATO BLVD","STAFFORD LAKE ENTRANCE",5280.00,E,N,A,-,N,,,,,,,,,,Y,2,0,6,2,A,-,05,21460,A,N,A,C,A,A,H,-,A,D,0,,,,,Y,,A,01,1,4,1,0,0,0,0,0,0,"- ","- ",38.117198944091797,-122.64853668212891,MARIN,UNINCORPORATED,,
91832934,2022,2022-08-04,9350,2022-08-02,2117,022107,,2,2,9,2100,0,1,2,,2,040,"US-101 N/B","N. BRIDGE BLVDUNDERCROSSING",1214.00,N,N,A,-,Y,MRN,,101,,,3.573,H,,R,N,2,0,1,2,A,-,08,22107,,N,D,G,A,A,H,-,C,D,0,,Y,,,Y,,L,04,1,0,0,0,0,0,1,0,0,"- ","- ",37.874610900878906,-122.50888061523438,MARIN,UNINCORPORATED,-122.50886535644531,37.874622344970703
6906220,2015,2016-11-03,9350,2015-04-04,2054,020639,,6,2,9,2100,0,1,2,,2,040,"RT 101","NORTH BRIDGE BL",2250.00,N,N,A,-,Y,MRN,4,101,-,-,3.780,H,-,N,Y,2,0,1,2,A,-,07,21658,A,M,E,I,A,A,H,-,D,D,1,,,,,Y,,-,99,1,0,0,0,0,0,0,0,0,"- ","- ",37.877630000000003,-122.51326,MARIN,UNINCORPORATED,-122.51175718,37.876871139999999
7190519,2016,2018-09-27,2109,2016-10-06,2310,566,17,4,5,5,2109,0,0,0,,0,002,"2ND ST","TAMALPAIS AV",60.00,E,N,A,-,N,,,,,,,,,,Y,1,1,0,2,A,-,11,21954,A,F,G,B,D,A,H,-,C,A,0,Y,,,,Y,Y,N,60,0,0,0,1,0,0,0,0,0,"- ","- ",37.9711,-122.52312000000001,MARIN,"SAN RAFAEL",-122.52320328,37.970650310000003
8911424,2020,2020-08-12,2109,2020-07-03,1901,572,58,5,5,5,2109,0,0,0,,0,005,"NORTH SAN PEDRO RD","LOS RANCHITOS RD",110.00,E,N,A,-,N,,,,,,,,,,N,1,1,0,2,A,-,12,22451,A,N,H,F,A,A,H,-,A,A,0,,Y,,,Y,,L,04,0,0,0,0,0,1,0,0,0,"- ","- ",37.992378234863281,-122.53549194335938,MARIN,"SAN RAFAEL",-122.53534698486328,37.992591857910156
9539874,2022,2023-02-02,2106,2022-12-11,1503,420,,7,5,4,2106,0,0,0,,0,NP3,"MAIN GATE RD","CRESCENT DR",10.00,W,N,C,-,N,,,,,,,,,,N,2,0,1,2,A,-,10,21954,B,F,G,B,C,B,H,-,C,D,0,Y,,,,Y,,A,01,1,0,0,0,1,0,0,0,0,"- ","- ",,,MARIN,NOVATO,-122.52191162109375,38.055572509765625
90016747,2015,2015-10-19,9350,2015-09-03,2104,021099,,4,2,5,2109,0,1,2,,1,060,"US 101 N/B","LINCOLN AVE U/C",1320.00,S,N,A,-,Y,,,,,,,,,,Y,2,0,1,2,A,-,08,22107,,N,B,C,A,A,H,-,D,D,0,,,,,Y,,A,01,1,0,0,0,0,0,0,0,0,"- ","- ",37.988320000000002,-122.52694,MARIN,"SAN RAFAEL",-122.52416004,37.985468330000003
90088552,2015,2016-01-05,9350,2015-12-20,1743,019798,,7,2,9,2100,0,2,4,,2,025,"N. SAN PEDRO DR. (200 BLOCK)","WOODOAKS DR",615.00,W,N,C,-,N,,,,,,,,,,N,2,0,2,3,A,-,01,23152,A,N,G,B,D,B,H,-,C,D,0,Y,,,,Y,Y,A,07,1,1,0,0,2,0,0,0,0,"- ","- ",38.000570000000003,-122.52349,MARIN,UNINCORPORATED,-122.5234445,38.000685560000001
90447382,2017,2017-05-02,9350,2017-04-22,1415,021668,,6,2,9,2100,0,3,5,,2,003,"SEMINARY DRIVE","GILBERT DRIVE",1056.00,S,N,A,-,N,,,,,,,,,,N,2,0,1,2,A,-,03,22350,,N,H,G,A,A,H,-,A,D,0,,Y,,,Y,,L,04,1,0,0,0,0,0,1,0,0,"- ","- ",37.885159999999999,-122.51143,MARIN,UNINCORPORATED,-122.51130357,37.88518929
90604154,2017,2017-11-28,9350,2017-11-18,1256,021704,,6,1,9,2100,0,3,5,,2,002,"ALEXANDER AVE","US-101 S/B OVERCROSSING",10.00,E,N,A,-,N,,,,,,,,,,Y,2,0,3,2,A,-,01,23152,A,N,A,C,A,A,H,-,A,D,0,,,,,Y,Y,A,01,1,2,0,0,0,0,0,0,0,"- ","- ",37.835529999999999,-122.48484999999999,MARIN,UNINCORPORATED,-122.48483956,37.835526289999997
91025149,2019,2019-07-05,9350,2019-06-29,1735,022034,,6,2,9,2100,0,1,3,,1,042,SR-1,"SIR FRANCIS DRAKE BLVD",7075.00,S,N,A,-,Y,,,1,,,,,,,N,2,0,1,1,A,-,03,22350,,N,F,A,A,A,H,-,A,D,0,,,Y,,Y,,C,02,1,0,0,0,0,0,0,0,1,"- ","- ",38.024761199951172,-122.77507781982422,MARIN,UNINCORPORATED,-122.77509307861328,38.024734497070312
91379417,2020,2021-01-04,9350,2020-12-19,1518,022373,,6,2,9,2100,0,1,3,,1,042,SR-1,"FAIRFAX BOLINAS ROAD",1056.00,S,N,A,-,Y,,,1,,,,,,,Y,2,0,1,1,A,-,03,22350,,N,F,A,A,A,H,-,A,D,0,,,Y,,Y,,C,02,1,0,0,0,0,0,0,0,1,"- ","- ",37.933380126953125,-122.69428253173828,MARIN,UNINCORPORATED,-122.69427490234375,37.933403015136719
91737487,2022,2022-03-30,9360,2022-03-24,1220,019083,,4,1,9,2100,0,3,5,,2,007,"DILLON BEACH ROAD","SAND HAUL ROAD",850.00,W,N,E,-,N,,,,,,,,,,N,2,0,1,1,A,-,08,22107,,N,F,A,A,A,H,-,A,D,0,,,Y,,Y,,C,02,1,0,0,0,0,0,0,0,1,"- ","- ",38.252090454101562,-122.94770050048828,MARIN,UNINCORPORATED,,
9111592,2020,2020-10-09,2109,2020-06-11,2045,567,23,4,5,5,2109,0,0,0,,0,003,"FRANCISCO BL E","RT 580",17.00,S,N,A,-,Y,MRN,4,580,-,-,2.861,R,4,W,Y,2,0,1,1,A,-,08,22107,,N,E,J,A,A,H,-,B,D,0,,,Y,,Y,,C,02,1,0,0,0,0,0,0,0,1,"- ",WO,37.943901062011719,-122.48020172119141,MARIN,"SAN RAFAEL",-122.48360443115234,37.944923400878906
90647639,2017,2018-02-07,9350,2017-11-26,0835,021704,,7,1,2,2110,0,1,2,,1,030,"US-101 S/B","SPENCER AVE U/C",528.00,N,N,B,C,Y,,,101,,,,,,S,Y,1,1,0,2,A,-,03,22350,,N,F,A,A,B,H,-,A,D,0,,,,,Y,,D,22,0,0,0,0,0,0,0,0,0,"- ","- ",37.855620000000002,-122.49423,MARIN,SAUSALITO,-122.49420024,37.855647779999998
91303818,2020,2020-09-14,9360,2020-09-07,1140,020803,,1,1,9,2100,0,3,5,,2,007,"FRANKLIN SCHOOL VALLEY FORD RD","WHITAKER BLUFF RD",4752.00,W,N,A,-,N,,,,,,,,,,Y,2,0,1,1,A,-,08,22107,,N,F,A,A,A,H,-,A,D,0,,,,,Y,,A,01,1,0,0,0,0,0,0,0,0,"- ","- ",38.267078399658203,-122.94747161865234,MARIN,UNINCORPORATED,,
91541519,2021,2021-08-10,9350,2021-07-25,1300,022532,,7,1,9,2100,0,1,3,,1,042,SR-1,"HORSESHOE HILL RD",600.00,S,N,A,-,Y,,,1,,,,,,,N,2,0,1,1,A,-,08,22107,,N,F,A,A,A,H,-,A,D,0,,,Y,,Y,,C,02,1,0,0,0,0,0,0,0,1,"- ","- ",37.938400268554688,-122.70352935791016,MARIN,UNINCORPORATED,-122.70351409912109,37.938430786132812
9591043,2023,2023-07-19,2109,2023-06-17,1308,623,17,6,5,5,2109,0,0,0,,0,002,"HETHERTON ST","4TH ST",0.00,,Y,A,-,N,,,,,,,,,,N,2,0,1,2,A,-,10,21950,A,N,G,B,B,A,H,-,A,A,0,Y,,,,Y,,A,01,1,0,0,0,1,0,0,0,0,"- ","- ",37.972389221191406,-122.52195739746094,MARIN,"SAN RAFAEL",-122.52194976806641,37.972385406494141
90541210,2017,2017-09-06,9350,2017-08-30,0720,017008,,3,1,9,2100,0,3,5,,2,003,"PARADISE DR.","ANTILLES WAY",528.00,N,N,E,-,N,,,,,,,,,,Y,2,0,2,2,A,-,03,22350,,N,B,C,A,A,H,-,A,D,0,,,,Y,Y,,A,01,1,1,0,0,0,0,0,0,0,"- ","- ",37.91516,-122.47968,MARIN,UNINCORPORATED,-122.47977739,37.91525523
90754420,2018,2018-06-25,9350,2018-06-17,1728,021418,,7,2,9,2100,0,1,2,,2,070,"US-101 S/B","MILLER CREEK O/C",20064.00,S,N,A,-,Y,,,101,,,,,,S,Y,2,0,1,3,A,-,03,22350,,N,C,C,A,A,H,-,A,D,0,,,,,Y,,A,01,1,0,0,0,0,0,0,0,0,"- ","- ",38.027881622314453,-122.53781127929688,MARIN,UNINCORPORATED,-122.53788757324219,38.027889251708984
8202974,2016,2017-01-05,2117,2016-09-21,2322,076,2,3,5,2,2102,0,0,0,,0,001,"CASA BUENA DR","CONOW ST",958.00,S,N,A,-,N,,,,,,,,,,N,2,0,1,2,A,-,13,22515,,N,G,B,E,A,H,-,C,D,0,Y,,,,Y,,A,07,1,0,0,0,1,0,0,0,0,"- ","- ",37.92248,-122.51340999999999,MARIN,"CORTE MADERA",-122.51321794,37.922655749999997
9584184,2023,2023-05-17,2104,2023-03-08,"913 ",138,1D,3,5,3,2104,0,0,0,,0,002,"INDUSTRIAL WY","RICH ST",160.00,W,N,A,-,N,,,,,,,,,,N,2,0,3,2,A,-,21,22106,,N,G,B,E,B,H,-,A,D,0,Y,,,,Y,,A,01,1,2,0,0,1,0,0,0,0,"- ","- ",37.938888549804688,-122.51428985595703,MARIN,LARKSPUR,-122.51430511474609,37.938739776611328
90715664,2018,2018-04-27,9350,2018-04-14,0919,021075,,6,1,9,2100,0,2,4,,1,044,"SIR FRANCIS DRAKE BOULEVARD","BAYWOOD CANYON RD",3960.00,W,N,A,-,N,,,,,,,,,,Y,2,0,1,2,A,-,06,21760,C,N,B,G,A,A,H,-,A,D,0,,Y,,,Y,,A,01,1,0,0,0,0,0,1,0,0,"- ","- ",38.011119842529297,-122.61811065673828,MARIN,UNINCORPORATED,-122.61805725097656,38.011112213134766
91728986,2022,2022-03-22,9350,2022-02-17,0647,020189,,4,1,9,2100,0,1,2,,2,020,"US-101 N/B","ALEXANDER AVENUE UNDERCROSSING",2534.00,N,N,A,-,Y,MRN,,101,,,0.822,H,,R,Y,1,1,0,1,A,-,08,22107,,N,E,I,A,A,H,-,B,D,0,,,Y,,Y,,C,02,0,0,0,0,0,0,0,1,0,"- ","- ",37.842350006103516,-122.48544311523438,MARIN,UNINCORPORATED,-122.48548126220703,37.842353820800781
6376845,2014,2014-06-19,9350,2014-02-22,1425,019651,,6,2,9,2100,0,3,5,,2,003,"EAST STRAWBERRY DR","RICARDO LN",0.00,,Y,A,-,N,,,,,,,,,,Y,2,0,1,2,A,-,09,21802,A,N,D,C,A,A,H,-,A,D,0,,,Y,,Y,,A,01,1,0,0,0,0,0,0,0,1,"- ","- ",37.896659999999997,-122.50554,MARIN,UNINCORPORATED,-122.50554993999999,37.896709919999999
8067114,2016,2016-06-27,2117,2016-04-07,1454,037,,4,5,3,2104,0,0,0,,0,,"WARD ST","MAGNOLIA AV",160.00,W,N,A,-,N,,,,,,,,,,Y,2,0,1,1,A,-,03,22350,,N,E,I,A,A,H,-,A,D,0,,,,,Y,,A,01,1,0,0,0,0,0,0,0,0,"- ","- ",37.936300000000003,-122.53637000000001,MARIN,LARKSPUR,-122.53573012,37.936160999999998
8098513,2016,2016-08-11,2117,2016-06-03,1231,026,,5,5,2,2102,0,0,0,,0,,"CORTE MADERA AV","CHAPMAN DR",2640.00,N,N,A,-,N,,,,,,,,,,N,2,0,1,2,A,-,05,21460,A,N,H,G,A,A,H,-,A,D,0,,Y,,,Y,,D,72,1,0,0,0,0,0,1,0,0,"- ","- ",37.921280000000003,-122.52954,MARIN,"CORTE MADERA",-122.52997879,37.921177479999997
90744758,2018,2018-06-11,9350,2018-06-03,1120,022108,,7,1,5,2109,0,1,2,,1,060,"US-101 N/B","2ND STREET U/C",281.00,S,N,A,-,Y,,,101,,,,,,N,Y,2,0,1,2,A,-,07,21658,A,N,B,C,A,A,H,-,A,D,0,,,Y,,Y,,C,02,1,0,0,0,0,0,0,0,1,"- ","- ",37.969661712646484,-122.5213623046875,MARIN,"SAN RAFAEL",-122.52143096923828,37.969623565673828