CASE_ID,ACCIDENT_YEAR,PROC_DATE,JURIS,COLLISION_DATE,COLLISION_TIME,OFFICER_ID,REPORTING_DISTRICT,DAY_OF_WEEK,CHP_SHIFT,POPULATION,CNTY_CITY_LOC,SPECIAL_COND,BEAT_TYPE,CHP_BEAT_TYPE,CITY_DIVISION_LAPD,CHP_BEAT_CLASS,BEAT_NUMBER,PRIMARY_RD,SECONDARY_RD,DISTANCE,DIRECTION,INTERSECTION,WEATHER_1,WEATHER_2,STATE_HWY_IND,CALTRANS_COUNTY,CALTRANS_DISTRICT,STATE_ROUTE,ROUTE_SUFFIX,POSTMILE_PREFIX,POSTMILE,LOCATION_TYPE,RAMP_INTERSECTION,SIDE_OF_HWY,TOW_AWAY,COLLISION_SEVERITY,NUMBER_KILLED,NUMBER_INJURED,PARTY_COUNT,PRIMARY_COLL_FACTOR,PCF_CODE_OF_VIOL,PCF_VIOL_CATEGORY,PCF_VIOLATION,PCF_VIOL_SUBSECTION,HIT_AND_RUN,TYPE_OF_COLLISION,MVIW,PED_ACTION,ROAD_SURFACE,ROAD_COND_1,ROAD_COND_2,LIGHTING,CONTROL_DEVICE,CHP_ROAD_TYPE,PEDESTRIAN_ACCIDENT,BICYCLE_ACCIDENT,MOTORCYCLE_ACCIDENT,TRUCK_ACCIDENT,NOT_PRIVATE_PROPERTY,ALCOHOL_INVOLVED,STWD_VEHTYPE_AT_FAULT,CHP_VEHTYPE_AT_FAULT,COUNT_SEVERE_INJ,COUNT_VISIBLE_INJ,COUNT_COMPLAINT_PAIN,COUNT_PED_KILLED,COUNT_PED_INJURED,COUNT_BICYCLIST_KILLED,COUNT_BICYCLIST_INJURED,COUNT_MC_KILLED,COUNT_MC_INJURED,PRIMARY_RAMP,SECONDARY_RAMP,LATITUDE,LONGITUDE,COUNTY,CITY,POINT_X,POINT_Y
9602869,2023,2023-07-26,2105,2023-06-16,"912 ",MV6240,90002,5,5,3,2105,0,0,0,,0,MV2,"CAMINO ALTO","MILLER AV",501.00,N,N,A,-,N,,,,,,,,,,Y,2,0,1,2,A,-,09,21804,A,N,D,C,A,A,H,-,A,D,0,,,,,Y,,A,01,1,0,0,0,0,0,0,0,0,"- ","- ",,,MARIN,"MILL VALLEY",-122.53009796142578,37.894187927246094
91389622,2021,2021-01-18,9350,2021-01-09,1645,022578,,6,2,9,2100,0,1,2,,1,080,"US 101 S/B","AIRPORT RD",1056.00,N,N,A,-,Y,,,,,,,,,,Y,2,0,1,1,A,-,03,22350,,N,F,A,A,A,H,-,A,D,0,,,,,Y,,A,01,1,0,0,0,0,0,0,0,0,"- ","- ",38.143699645996094,-122.56462097167969,MARIN,UNINCORPORATED,-122.56385803222656,38.140888214111328
91637204,2021,2021-11-29,9350,2021-11-28,2500,021739,,7,4,4,2106,0,1,3,,2,037,"SR-37 WB","MARSH DR. UNDERCROSSING",3168.00,E,N,A,-,Y,,,37,,,,,,W,Y,2,0,1,1,A,-,08,22107,,N,E,I,A,A,H,-,D,D,0,,,,,Y,,D,22,1,0,0,0,0,0,0,0,0,"- ","- ",38.088088989257812,-122.53401184082031,MARIN,NOVATO,-122.53396606445312,38.088035583496094
91903920,2022,2022-10-28,9350,2022-10-15,1135,023069,,6,1,9,2100,0,2,4,,1,016,"LUCAS VALLEY ROAD","HUCKLEBERRY ROAD",30.00,W,N,A,-,N,,,,,,,,,,N,2,0,1,2,A,-,08,22107,,N,B,G,A,A,H,-,A,D,0,,Y,,Y,Y,,-,"- ",1,0,0,0,0,0,1,0,0,"- ","- ",38.025558471679688,-122.56360626220703,MARIN,UNINCORPORATED,-122.56354522705078,38.025562286376953
94464298,2024,2024-11-11,9350,2024-10-21,1900,023551,,1,2,4,2106,0,1,2,,1,080,"US 101 S/B","ATHERTON AVE",1000.00,N,N,A,-,Y,MRN,,101," ",R,22.213,H,,L,Y,2,0,2,2,A,-,08,22107,,N,C,C,A,A,H,-,D,D,0,,,,,Y,Y,A,01,1,0,1,0,0,0,0,0,0,"- ","- ",38.120670318603516,-122.56575775146484,MARIN,NOVATO,-122.56574249267578,38.120670318603516
6291712,2014,2016-01-04,9350,2014-10-04,0122,20225,,6,3,5,2109,0,1,2,,1,060,"RT 101","NORTH SAN PEDRO RD",25.00,S,N,A,-,Y,MRN,4,101,-,-,12.680,H,-,N,Y,1,1,2,2,A,-,01,23152,A,N,C,C,A,A,H,-,D,D,1,,,,,Y,Y,A,07,1,1,0,0,0,0,0,0,0,"- ","- ",37.994799999999998,-122.53243999999999,MARIN,"SAN RAFAEL",-122.53193398000001,37.99398892
6720411,2014,2015-01-14,2109,2014-11-20,0658,528,0,4,5,5,2109,0,0,0,,0,004,"MISSION ST","UNION ST",0.00,,Y,C,-,N,,,,,,,,,,Y,2,0,1,2,D,-,00,,,F,G,B,B,B,H,-,A,D,0,Y,,,,Y,,-,"- ",1,0,0,0,1,0,0,0,0,"- ","- ",,,MARIN,"SAN RAFAEL",-122.51555990999999,37.972189899999996
8444559,2017,2017-09-01,2117,2017-06-20,1248,036,2,2,5,2,2102,0,0,0,,0,001,"TAMALPAIS DR","EASTMAN AV",5.00,E,N,A,-,N,,,,,,,,,,N,2,0,1,2,A,-,10,21950,A,N,G,B,B,A,H,-,A,A,0,Y,,,,Y,,A,07,1,0,0,0,1,0,0,0,0,"- ","- ",37.925409999999999,-122.52388999999999,MARIN,"CORTE MADERA",-122.5238627,37.925409100000003
9238250,2021,2021-04-06,2106,2021-03-03,2011,450,N210,3,5,4,2106,0,0,0,,0,NP2,"ROWLAND BL","VINTAGE WY",23.00,W,N,A,-,N,,,,,,,,,,Y,2,0,2,1,A,-,01,23152,F,F,E,I,A,A,H,-,C,A,0,,,,,Y,,A,01,1,0,1,0,0,0,0,0,0,"- ","- ",38.086788177490234,-122.54927825927734,MARIN,NOVATO,-122.55520629882812,38.093620300292969
9339805,2021,2021-10-22,2109,2021-10-12,0805,422,54,2,5,5,2109,0,0,0,,0,006,"CIVIC CENTER DR","SCETTRINI DR",288.00,S,N,A,-,N,,,,,,,,,,Y,2,0,1,1,A,-,03,22350,,N,E,I,A,A,H,-,A,D,0,,,,,Y,,A,01,1,0,0,0,0,0,0,0,0,"- ","- ",38.001598358154297,-122.53666687011719,MARIN,"SAN RAFAEL",-122.5380859375,38.00311279296875
91982822,2023,2023-01-31,9350,2023-01-15,"547 ",023086,,7,3,5,2109,0,1,2,,1,060,"US-101 S/B","4TH ST",116.00,S,N,C,-,Y,MRN,,101," "," ",10.959,H,,L,N,2,0,1,1,A,-,01,23152,A,N,E,I,A,B,H,-,D,D,0,,,,,Y,Y,A,01,1,0,0,0,0,0,0,0,0,"- ","- ",37.971969604492188,-122.52178192138672,MARIN,"SAN RAFAEL",-122.52180480957031,37.971973419189453
8673131,2018,2018-08-13,2109,2018-07-16,1405,541,17,1,5,5,2109,0,0,0,,0,002,"4TH ST","LINCOLN AV",0.00,,Y,A,-,N,,,,,,,,,,N,2,0,1,2,A,-,10,21950,A,N,G,B,B,A,H,-,A,A,0,Y,,,,Y,,A,01,1,0,0,0,1,0,0,0,0,"- ","- ",37.972640991210938,-122.52381896972656,MARIN,"SAN RAFAEL",-122.52381896972656,37.972629547119141
9479469,2022,2022-08-18,2102,2022-07-26,1558,138,2,2,5,2,2102,0,0,0,,0,001,"TAMALPAIS DR","LAKESIDE DR",0.00,,Y,A,-,N,,,,,,,,,,N,2,0,1,2,A,-,10,21950,A,N,G,B,B,A,H,-,A,A,0,Y,,,,Y,,A,01,1,0,0,0,1,0,0,0,0,"- ","- ",37.925300598144531,-122.52060699462891,MARIN,"CORTE MADERA",-122.52068328857422,37.925243377685547
9170524,2020,2020-11-10,2109,2020-08-13,0701,592,51,4,5,5,2109,0,0,0,,0,006,"LAS GALLINAS AV","CHERRY HILL DR",101.00,S,N,A,-,N,,,,,,,,,,Y,2,0,2,1,A,-,03,22350,,N,E,I,A,A,H,-,A,A,0,,,,,Y,,A,07,1,1,0,0,0,0,0,0,0,"- ","- ",38.01953125,-122.55206298828125,MARIN,"SAN RAFAEL",-122.55178833007812,38.019412994384766
90312197,2016,2016-11-07,9350,2016-11-06,0838,018802,,7,1,2,2102,0,1,2,,2,050,"US-101 NB TO TAMALPAIS DRIVE","TAMALPAIS DRIVE",390.00,S,N,B,-,Y,,,101,,,,R,,N,Y,2,0,1,1,A,-,08,22107,,N,E,J,A,B,H,-,A,D,0,,,,,Y,,A,01,1,0,0,0,0,0,0,0,0,"- ","- ",37.925400000000003,-122.51355,MARIN,"CORTE MADERA",-122.51355,37.925400000000003
91875438,2022,2022-09-28,9360,2022-09-17,2110,020803,,6,2,9,2100,0,3,5,,2,007,SR-1,"VALLEY FORD ROAD",3855.00,S,N,A,-,Y,MRN,,1,,,49.903,H,,R,Y,2,0,2,1,A,-,01,23152,A,M,F,A,A,A,H,-,D,D,0,,,,,Y,Y,D,22,1,1,0,0,0,0,0,0,0,"- ","- ",38.305271148681641,-122.89698791503906,MARIN,UNINCORPORATED,-122.89726257324219,38.305187225341797
94460549,2024,2024-11-06,9350,2024-10-12,1210,023669,,6,1,4,2106,0,1,2,,1,080,"US-101 N/B TO ROWLAND BLVD","ROWLAND BLVD",28.00,S,N,A,-,Y,,,,,,,,,,N,2,0,1,2,A,-,21,22106,,N,C,C,A,A,H,-,A,A,0,,,,,Y,,A,01,1,0,0,0,0,0,0,0,0,"- ","- ",38.09307861328125,-122.55740356445312,MARIN,NOVATO,-122.55902099609375,38.092220306396484
8516808,2017,2018-01-11,2108,2017-11-25,0845,098,3,6,5,3,2108,0,0,0,,0,004,"SAN ANSELMO AV","MADRONE AV",0.00,,Y,A,-,N,,,,,,,,,,N,2,0,1,2,A,-,03,22350,,N,C,G,A,A,H,-,A,D,0,,Y,,,Y,,A,01,1,0,0,0,0,0,1,0,0,"- ","- ",37.976799999999997,-122.56399999999999,MARIN,"SAN ANSELMO",-122.56785999,37.977549949999997
9476464,2022,2022-07-19,2108,2022-06-10,1205,026,3,5,5,3,2108,0,0,0,,0,003,"BUTTERFIELD RD","ARROYO AV",263.00,S,N,A,-,N,,,,,,,,,,N,2,0,1,2,A,-,08,22107,,F,G,B,F,A,H,-,A,D,0,Y,,,,Y,,D,22,1,0,0,0,1,0,0,0,0,"- ","- ",,,MARIN,"SAN ANSELMO",-122.57654571533203,37.991329193115234
91876578,2022,2022-09-29,9350,2022-09-17,2015,022433,,6,2,9,2100,0,3,5,,2,005,"POINT SAN PEDRO RD","MOORING ROAD",0.00,,Y,A,-,N,,,,,,,,,,N,2,0,4,3,A,-,09,21801,A,N,D,C,A,A,H,-,C,D,0,,,,,Y,,A,01,1,2,1,0,0,0,0,0,0,"- ","- ",37.968048095703125,-122.51022338867188,MARIN,UNINCORPORATED,-122.51023101806641,37.968055725097656
6854881,2015,2016-09-14,9350,2015-02-14,0208,20201,,6,3,9,2100,0,1,2,,2,050,"RT 101","SIR FRANCIS DRAKE BL",100.00,S,N,A,-,Y,MRN,4,101,-,-,8.587,R,2,N,Y,2,0,2,1,A,-,01,23152,A,N,F,A,A,A,H,-,C,D,3,,,Y,,Y,Y,C,02,1,1,0,0,0,0,0,0,2,TO,"- ",37.94397,-122.51464,MARIN,UNINCORPORATED,-122.51484883000001,37.944454729999997
9603938,2023,2023-07-24,2104,2023-06-11,1147,138,IC,7,5,3,2104,0,0,0,,0,002,"ESFD BL","LARKSPUR LANDING CIR",405.00,E,N,A,-,N,,,,,,,,,,Y,2,0,1,1,-,-,"- ",,,M,E,I,A,A,H,-,A,D,0,,,,,Y,Y,-,"- ",1,0,0,0,0,0,0,0,0,"- ","- ",37.948009490966797,-122.50849914550781,MARIN,LARKSPUR,,
9621588,2023,2023-11-29,2105,2023-10-29,1435,MV6238,90004,7,5,3,2105,0,0,0,,0,MV1,"CORTE MADERA AV","KING ST",115.00,E,N,A,-,N,,,,,,,,,,N,2,0,1,1,A,-,03,22350,,N,H,I,A,A,H,-,A,D,0,,Y,,,Y,,-,,1,0,0,0,0,0,1,0,0,"- ","- ",,,MARIN,"MILL VALLEY",-122.55249786376953,37.914901733398438
91223756,2020,2020-04-09,9350,2020-03-15,0535,022133,,7,3,4,2106,0,1,2,,2,070,"US-101 N/B","NAVE DRIVE OVERCROSSING",2742.00,S,N,B,C,Y,,,101,,,,,,N,Y,1,1,0,1,A,-,08,22107,,N,F,I,A,B,H,-,D,D,0,,,,,Y,,D,22,0,0,0,0,0,0,0,0,0,"- ","- ",38.041278839111328,-122.53643035888672,MARIN,NOVATO,-122.53656768798828,38.041332244873047
90231009,2016,2016-07-27,9350,2016-07-19,1330,015765,,2,1,9,2100,0,2,4,,2,017,"ATHERTON AVE","TAMARIN LANE",607.00,E,N,A,-,N,,,,,,,,,,Y,2,0,4,3,A,-,01,23152,A,N,A,C,A,A,H,-,A,D,0,,,,,Y,Y,A,01,2,1,1,0,0,0,0,0,0,"- ","- ",38.105359999999997,-122.51948,MARIN,UNINCORPORATED,-122.51879971,38.104964889999998
90804672,2018,2018-09-04,9360,2018-08-25,0953,020386,,6,1,9,2100,0,3,5,,2,005,"TOMALES PETALUMA RD","IRVIN RD",1584.00,E,N,A,-,N,,,,,,,,,,Y,2,0,1,1,A,-,08,22107,,N,E,I,A,A,H,-,A,D,0,,,,,Y,,A,01,1,0,0,0,0,0,0,0,0,"- ","- ",38.241668701171875,-122.89218902587891,MARIN,UNINCORPORATED,-122.89177703857422,38.242130279541016
91767575,2022,2022-05-09,9360,2022-03-04,1145,019083,,5,1,9,2100,0,3,5,,2,007,"TOMALES PETALUMA ROAD","TWIN BRIDGE ROAD",1987.00,E,N,A,G,N,,,,,,,,,,Y,1,1,1,2,A,-,05,21460,A,N,A,C,A,A,H,-,A,A,0,,,Y,,Y,,C,02,0,0,1,0,0,0,0,1,0,"- ","- ",38.254161834716797,-122.85336303710938,MARIN,UNINCORPORATED,-122.85281372070312,38.253875732421875
91295780,2020,2020-08-31,9350,2020-08-26,1950,022445,,3,2,9,2100,0,2,4,,2,026,"NOVATO BLVD","STAFFORD LAKE ENTRANCE",1740.00,E,N,A,-,N,,,,,,,,,,Y,2,0,2,2,A,-,03,22350,,N,B,C,A,A,H,-,C,D,0,,,Y,,Y,,C,02,2,0,0,0,0,0,0,0,2,"- ","- ",38.11798095703125,-122.64424133300781,MARIN,UNINCORPORATED,,
91776108,2022,2022-05-19,9350,2022-05-11,1405,021418,,3,2,9,2100,0,1,3,,1,052,"SR-1 S/B","PANORAMIC HWY",5380.00,S,N,A,-,Y,MRN,,1,,,11.094,H,,L,N,2,0,1,1,A,-,03,22350,,N,F,A,A,A,H,-,A,D,0,,Y,,,Y,,L,04,1,0,0,0,0,0,1,0,0,"- ","- ",37.886631011962891,-122.62567901611328,MARIN,UNINCORPORATED,-122.62568664550781,37.886688232421875
92365276,2024,2024-04-16,9350,2024-03-31,1840,023716,,7,2,9,2100,0,1,2,,2,020,"US-101 S/B","ROBIN WILLIAMS TUNNEL",348.89,N,N,A,-,Y,MRN,,101," "," ",1.141,H,,L,N,2,0,2,1,A,-,03,22350,,N,F,A,A,A,H,-,A,D,0,,,Y,,Y,,C,02,2,0,0,0,0,0,0,0,2,"- ","- ",37.846820831298828,-122.48696899414062,MARIN,UNINCORPORATED,-122.48700714111328,37.8468017578125
94392934,2024,2024-09-13,9350,2024-09-09,"822 ",016034,,1,1,5,2109,0,1,2,,1,060,"US 101 S/B","MERRYDALE ROAD OVERCROSSING",1584.00,S,N,A,-,Y,MRN,,101," "," ",13.151,H,,L,Y,2,0,1,2,A,-,07,21658,A,N,B,2,A,A,H,-,A,D,0,,,Y,,Y,,A,01,1,0,0,0,0,0,0,0,1,"- ","- ",37.999919891357422,-122.53646087646484,MARIN,"SAN RAFAEL",-122.53652954101562,37.999889373779297
9534240,2023,2023-02-17,2106,2023-01-15,1946,482,N317,7,5,4,2106,0,0,0,,0,NP3,"NAVE DR","MAIN GATE RD",0.00,,Y,C,-,N,,,,,,,,,,Y,2,0,1,1,A,-,03,22350,,N,E,I,A,B,H,-,C,A,0,,,,,Y,,A,01,1,0,0,0,0,0,0,0,0,"- ","- ",38.055000305175781,-122.53205871582031,MARIN,NOVATO,-122.53025054931641,38.056400299072266
9627997,2023,2023-10-19,2109,2023-10-01,"802 ",604,17,7,5,5,2109,0,0,0,,0,,"2ND ST","LINCOLN AV",0.00,,Y,A,-,N,,,,,,,,,,N,2,0,1,2,A,-,03,22350,,N,G,B,D,A,H,-,A,A,0,Y,,,,Y,,A,01,1,0,0,0,1,0,0,0,0,"- ","- ",37.970680236816406,-122.52339172363281,MARIN,"SAN RAFAEL",-122.52429962158203,37.970748901367188
90056903,2015,2015-11-23,9350,2015-11-13,2348,020865,,5,3,9,2100,0,1,3,,2,022,SR-1,"PANORAMIC HWY",2218.00,S,N,A,-,Y,,,,,,,,,,Y,2,0,2,1,A,-,08,22107,,N,E,I,A,A,H,-,D,D,0,,,,,Y,,A,01,1,1,0,0,0,0,0,0,0,"- ","- ",37.891289999999998,-122.63477,MARIN,UNINCORPORATED,-122.63361999999999,37.891459240000003
91829203,2022,2022-07-29,9350,2022-07-23,0940,022532,,6,1,9,2100,0,2,4,,1,046,"POINT REYES PETALUMA RD","LAUREL CANYON RD",2112.00,N,N,A,-,N,,,,,,,,,,N,2,0,1,1,A,-,03,22350,,N,F,A,A,A,H,-,A,D,0,,Y,,,Y,,L,04,1,0,0,0,0,0,1,0,0,"- ","- ",38.076160430908203,-122.75637054443359,MARIN,UNINCORPORATED,-122.75662231445312,38.075740814208984
91854665,2022,2022-08-31,9350,2022-08-19,1100,021418,,5,1,9,2100,0,3,5,,2,006,MARSHALL-PETALUMA,"HICKS VALLEY ROAD",0.00,,Y,A,-,N,,,,,,,,,,N,2,0,1,2,A,-,09,21800,A,N,E,C,A,A,H,-,A,D,0,,Y,,,Y,,L,04,1,0,0,0,0,0,1,0,0,"- ","- ",38.167598724365234,-122.73143005371094,MARIN,UNINCORPORATED,-122.73139953613281,38.167594909667969
6676587,2014,2014-12-18,9350,2014-10-11,1650,018191,,6,2,9,2100,0,1,2,,1,120,"GOLDEN GATE BRIDGE","NORTH END OF GGB",1180.00,S,N,A,-,N,,,,,,,,,,N,2,0,2,3,B,-,22,,,N,B,G,A,A,H,-,A,D,0,,Y,,,Y,,L,04,2,0,0,0,0,0,2,0,0,"- ","- ",37.830219999999997,-122.47977,MARIN,UNINCORPORATED,,
8641152,2018,2018-07-02,2117,2018-05-03,2218,102,,4,5,3,2104,0,0,0,,0,,"LINCOLN VILLAGE CIR","DRAKES WY",199.00,W,N,A,-,N,,,,,,,,,,Y,2,0,1,1,A,-,03,22350,,N,E,I,A,A,H,-,C,D,0,,,,,Y,,-,,1,0,0,0,0,0,0,0,0,"- ","- ",37.947830200195312,-122.50724792480469,MARIN,LARKSPUR,-122.50657653808594,37.946659088134766
9288457,2021,2021-07-07,2103,2021-05-09,0918,177,EAST,7,5,2,2103,0,0,0,,0,PAT,"SIR FRANCIS DRAKE BL","WILLOW AV",167.00,W,N,A,-,N,,,,,,,,,,N,2,0,1,2,C,-,18,,,N,H,H,A,A,H,-,A,A,0,,,Y,,Y,,-,"- ",1,0,0,0,0,0,0,0,1,"- ","- ",37.986648559570312,-122.58242797851562,MARIN,FAIRFAX,-122.58290863037109,37.986660003662109
90043573,2015,2015-11-03,9350,2015-10-25,0945,019875,,7,1,9,2100,0,3,5,,2,003,"ALEXANDER AVE","BUNKER RD",60.00,W,N,A,-,N,,,,,,,,,,N,2,0,1,1,A,-,03,22350,,N,F,A,A,A,H,-,A,D,0,,Y,,,Y,,L,04,1,0,0,0,0,0,1,0,0,"- ","- ",37.837519999999998,-122.48298,MARIN,UNINCORPORATED,-122.48302,37.837859999999999
91592082,2021,2021-10-08,9350,2021-10-05,0740,016034,,2,1,9,2100,0,1,1,,1,015,"I-580 W/B","MAIN STREET UNDERCROSSING",1320.00,E,N,A,-,Y,,,580,,,,,,W,N,2,0,1,2,A,-,07,21658,A,F,B,C,A,A,H,-,A,D,0,,,Y,,Y,,-,99,1,0,0,0,0,0,0,0,1,"- ","- ",37.942230224609375,-122.47596740722656,MARIN,UNINCORPORATED,-122.4759521484375,37.942317962646484
6356280,2014,2015-01-20,2109,2014-01-12,1530,512,22,7,5,5,2109,0,0,0,,0,003,"FRANCISCO BL E","CASTRO AV",0.00,,Y,A,-,N,,,,,,,,,,N,2,0,1,2,A,-,08,22107,,N,B,C,A,A,H,-,A,A,0,,,,,Y,,-,"- ",1,0,0,0,0,0,0,0,0,"- ","- ",,,MARIN,"SAN RAFAEL",-122.50395987,37.959599939999997
6360984,2014,2016-01-05,9350,2014-01-19,2050,019821,,7,2,9,2100,0,1,2,,2,040,"RT 101","RT 131",1141.00,S,N,A,-,Y,MRN,4,101,-,-,5.470,H,-,S,N,2,0,1,2,A,-,11,21950,B,F,G,B,E,A,H,-,D,D,1,Y,,,,Y,,N,60,1,0,0,0,1,0,0,0,0,"- ","- ",37.900930000000002,-122.51584,MARIN,UNINCORPORATED,-122.51610868,37.899515350000001
6362368,2014,2016-03-08,9350,2014-01-17,0750,18774,,5,1,2,2102,0,1,2,,2,050,"RT 101","WORNUM DR",50.00,N,N,A,-,Y,MRN,4,101,-,-,8.050,H,-,S,Y,2,0,2,3,A,-,08,22107,,N,B,C,A,A,H,-,A,D,3,,,Y,,Y,,C,02,1,0,1,0,0,0,0,0,1,"- ","- ",37.935639999999999,-122.5163,MARIN,"CORTE MADERA",-122.5169073,37.935857810000002
6372944,2014,2016-05-11,9350,2014-02-18,1728,013775,,2,2,9,2100,0,1,2,,1,080,"RT 101","ATHERTON AV",170.00,N,N,A,-,Y,MRN,4,101,-,R,22.220,H,-,N,Y,2,0,1,2,A,-,07,21658,A,N,D,C,A,A,H,-,A,D,1,,,,,Y,,A,01,1,0,0,0,0,0,0,0,0,"- ","- ",38.118229999999997,-122.56518,MARIN,UNINCORPORATED,-122.56548103999999,38.120965830000003
6376833,2014,2016-03-02,9350,2014-02-16,1255,19777,,7,1,9,2100,0,1,3,,1,042,"RT 1","FAIRFAX BOLINAS RD",2640.00,S,N,A,-,Y,MRN,4,1,-,-,16.560,H,-,N,N,2,0,1,1,A,-,08,22107,,N,F,A,A,A,H,-,A,D,0,,,Y,,Y,,C,02,1,0,0,0,0,0,0,0,1,"- ","- ",37.932569999999998,-122.69049,MARIN,UNINCORPORATED,-122.68854019,37.931739460000003
6440155,2014,2014-06-11,2103,2014-01-13,1016,95,DNTN,1,5,2,2103,0,0,0,,0,PAT,BROADWAY,"BOLINAS RD",27.00,E,N,A,-,N,,,,,,,,,,N,2,0,1,2,A,-,09,21804,A,N,H,G,A,A,H,-,A,A,0,,Y,,,Y,,L,04,1,0,0,0,0,0,1,0,0,"- ","- ",,,MARIN,FAIRFAX,-122.58879696,37.987041089999998
6506128,2014,2014-08-05,2109,2014-05-06,1108,513,19,2,5,5,2109,0,0,0,,0,,"HOAG ST","FRANCISCO BL E",0.00,,Y,A,-,N,,,,,,,,,,N,2,0,1,2,A,-,03,22350,,N,H,G,A,A,H,-,A,A,0,,Y,,,Y,,L,04,1,0,0,0,0,0,1,0,0,"- ","- ",,,MARIN,"SAN RAFAEL",-122.51214987,37.964029889999999
6530544,2014,2015-01-27,9350,2014-06-14,1640,19678,,6,2,9,2100,0,1,3,,1,052,"RT 1","MPM 33.06",19.00,S,N,A,-,Y,MRN,4,1,-,-,33.060,H,-,S,N,2,0,1,1,A,-,08,22107,,N,F,A,A,A,H,-,A,D,0,,,Y,,Y,,C,02,1,0,0,0,0,0,0,0,1,"- ","- ",38.10528,-122.84014000000001,MARIN,UNINCORPORATED,-122.8395901,38.106316460000002
6530555,2014,2014-08-09,9350,2014-06-17,1845,16406,,2,2,9,2100,0,3,5,,2,004,"SAN GERONIMO VALLEY DR","MEADOW VIEW LN",400.00,W,N,A,-,N,,,,,,,,,,Y,2,0,1,1,A,-,01,23152,A,N,E,I,A,A,H,-,A,D,0,,,Y,,Y,Y,C,02,1,0,0,0,0,0,0,0,1,"- ","- ",38.011420000000001,-122.6563,MARIN,UNINCORPORATED,-122.65591114999999,38.011454399999998
6585998,2014,2016-05-11,9350,2014-07-28,1615,15765,,1,2,4,2106,0,1,2,,1,080,"US 101","ATHERTON AV",2640.00,N,N,A,-,Y,MRN,4,101,-,R,22.500,H,-,N,Y,2,0,1,3,A,-,"- ",,,N,B,C,A,A,H,-,A,D,1,,,Y,,Y,,C,02,1,0,0,0,0,0,0,0,1,"- ","- ",38.144950000000001,-122.56452,MARIN,NOVATO,-122.56585539,38.125052680000003
6606177,2014,2014-09-29,9350,2014-05-04,2500,16034,,7,4,9,2100,0,1,3,,2,022,"RT 1","PANORAMIC HWY",4224.00,N,N,A,-,Y,MRN,4,1,-,-,4.150,H,-,N,Y,1,1,0,1,A,-,08,22107,,N,F,A,A,A,H,-,A,D,0,,,,,Y,,A,01,0,0,0,0,0,0,0,0,0,"- ","- ",37.874899999999997,-122.5591,MARIN,UNINCORPORATED,-122.55816833999999,37.87559495
6623108,2014,2016-05-11,9350,2014-09-05,0420,020647,,5,3,9,2100,0,1,2,,1,080,"RT 101","MRN 101 MPM 24.18",36.00,N,N,A,-,Y,MRN,4,101,-,-,24.190,H,-,N,Y,2,0,2,1,A,-,01,23152,E,N,F,I,A,A,D,-,D,A,0,,,Y,,Y,,C,02,2,0,0,0,0,0,0,0,2,"- ","- ",,,MARIN,UNINCORPORATED,-122.56500856,38.146297490000002
6671561,2014,2014-12-16,2110,2014-10-18,1712,SP5240,S1,6,5,2,2110,0,0,0,,0,SP1,"MAIN ST","2ND ST",0.00,,Y,A,-,N,,,,,,,,,,N,2,0,1,2,A,-,06,21750,,N,D,G,A,A,H,-,A,D,0,,Y,,,Y,,L,04,1,0,0,0,0,0,1,0,0,"- ","- ",,,MARIN,SAUSALITO,-122.48076998000001,37.848909970000001
6694233,2014,2016-06-17,9350,2014-10-22,1920,019703,,3,2,9,2100,0,1,3,,1,012,"RT 1","ALMONTE BL",745.00,S,N,A,-,Y,MRN,4,1,-,-,0.510,H,-,S,N,2,0,1,2,A,-,11,21954,A,N,G,B,D,A,H,-,C,D,0,Y,,,,Y,,N,60,1,0,0,0,1,0,0,0,0,"- ","- ",37.880510000000001,-122.52397000000001,MARIN,UNINCORPORATED,-122.52398278,37.880495170000003
6710752,2014,2015-01-07,9350,2014-10-30,2350,019875,,4,3,9,2100,0,2,4,,2,026,"NOVATO BL","POINT REYES PETALUMA RD",42.00,N,N,B,-,N,,,,,,,,,,Y,2,0,1,1,A,-,03,22350,,N,E,I,A,B,H,-,D,D,0,,,,,Y,,A,01,1,0,0,0,0,0,0,0,0,"- ","- ",38.142580000000002,-122.70573,MARIN,UNINCORPORATED,-122.70567,38.142560000000003
6718556,2014,2016-01-07,2105,2014-02-10,1003,MV6219,MV44,1,5,3,2105,0,0,0,,0,MV1,"GREENWOOD WY","RIDER LN",600.00,W,N,C,G,N,,,,,,,,,,Y,1,1,0,1,A,-,03,22350,,N,F,I,A,B,B,-,D,D,0,,,,,Y,,A,07,0,0,0,0,0,0,0,0,0,"- ","- ",,,MARIN,"MILL VALLEY",-122.54956,37.915999999999997
6723839,2014,2015-01-21,2105,2014-11-20,1445,MV6219,MV1,4,5,3,2105,0,0,0,,0,002,"REDWOOD HWY FRNTG RD","HAMILTON DR",744.00,S,N,B,-,N,,,,,,,,,,Y,2,0,1,2,A,-,03,22350,,N,B,C,A,B,H,-,A,D,0,,,Y,,Y,,C,02,1,0,0,0,0,0,0,0,1,"- ","- ",,,MARIN,"MILL VALLEY",-122.51737475,37.889898170000002