CASE_ID,ACCIDENT_YEAR,PROC_DATE,JURIS,COLLISION_DATE,COLLISION_TIME,OFFICER_ID,REPORTING_DISTRICT,DAY_OF_WEEK,CHP_SHIFT,POPULATION,CNTY_CITY_LOC,SPECIAL_COND,BEAT_TYPE,CHP_BEAT_TYPE,CITY_DIVISION_LAPD,CHP_BEAT_CLASS,BEAT_NUMBER,PRIMARY_RD,SECONDARY_RD,DISTANCE,DIRECTION,INTERSECTION,WEATHER_1,WEATHER_2,STATE_HWY_IND,CALTRANS_COUNTY,CALTRANS_DISTRICT,STATE_ROUTE,ROUTE_SUFFIX,POSTMILE_PREFIX,POSTMILE,LOCATION_TYPE,RAMP_INTERSECTION,SIDE_OF_HWY,TOW_AWAY,COLLISION_SEVERITY,NUMBER_KILLED,NUMBER_INJURED,PARTY_COUNT,PRIMARY_COLL_FACTOR,PCF_CODE_OF_VIOL,PCF_VIOL_CATEGORY,PCF_VIOLATION,PCF_VIOL_SUBSECTION,HIT_AND_RUN,TYPE_OF_COLLISION,MVIW,PED_ACTION,ROAD_SURFACE,ROAD_COND_1,ROAD_COND_2,LIGHTING,CONTROL_DEVICE,CHP_ROAD_TYPE,PEDESTRIAN_ACCIDENT,BICYCLE_ACCIDENT,MOTORCYCLE_ACCIDENT,TRUCK_ACCIDENT,NOT_PRIVATE_PROPERTY,ALCOHOL_INVOLVED,STWD_VEHTYPE_AT_FAULT,CHP_VEHTYPE_AT_FAULT,COUNT_SEVERE_INJ,COUNT_VISIBLE_INJ,COUNT_COMPLAINT_PAIN,COUNT_PED_KILLED,COUNT_PED_INJURED,COUNT_BICYCLIST_KILLED,COUNT_BICYCLIST_INJURED,COUNT_MC_KILLED,COUNT_MC_INJURED,PRIMARY_RAMP,SECONDARY_RAMP,LATITUDE,LONGITUDE,COUNTY,CITY,POINT_X,POINT_Y
6757119,2014,2015-01-28,2109,2014-11-11,1716,476,7,2,5,5,2109,0,0,0,,0,,"C ST","5TH AV",0.00,,Y,A,-,N,,,,,,,,,,N,2,0,1,2,A,-,10,21950,A,N,G,B,B,A,H,-,C,A,0,Y,,,,Y,,H,13,1,0,0,0,1,0,0,0,0,"- ","- ",,,MARIN,"SAN RAFAEL",-122.53055990999999,37.974389889999998
6779278,2014,2016-07-06,9350,2014-12-20,1423,19166,,6,2,9,2100,0,1,2,,1,030,"RT 101","SAUSALITO LATERAL",728.00,S,N,B,-,Y,MRN,4,101,-,-,0.180,H,-,S,Y,2,0,5,3,A,-,03,22350,,N,D,C,A,A,H,-,A,D,1,,,,,Y,,A,01,1,3,1,0,0,0,0,0,0,"- ","- ",37.833599999999997,-122.48309999999999,MARIN,UNINCORPORATED,-122.48354037,37.833886309999997
6783881,2016,2016-07-15,2109,2016-07-01,0651,534,54,5,5,5,2109,0,0,0,,0,006,"PROFESSIONAL CENTER PKWY","REDWOOD HWY",918.00,E,N,A,-,N,,,,,,,,,,N,2,0,1,2,A,-,21,22106,,N,A,E,A,A,H,-,A,D,0,,,,,Y,,A,01,1,0,0,0,0,0,0,0,0,"- ","- ",38.009549999999997,-122.53807,MARIN,"SAN RAFAEL",-122.53849658,38.009889350000002
6788004,2015,2015-02-25,9350,2015-01-10,1130,020865,,6,1,9,2100,0,3,5,,2,004,"FAIRFAX BOLINAS RD","MORA AV",5808.00,W,N,B,-,N,,,,,,,,,,N,2,0,1,1,A,-,03,22350,,N,F,A,A,A,H,-,A,D,0,,Y,,,Y,,L,04,1,0,0,0,0,0,1,0,0,"- ","- ",37.970440000000004,-122.62683,MARIN,UNINCORPORATED,-122.62683,37.970440000000004
6812105,2015,2016-09-28,9350,2015-01-23,1858,20639,,5,2,9,2100,0,1,1,,1,015,"RT 580","SHORELINE PKWY",12.00,W,N,A,-,Y,MRN,4,580,-,-,3.650,H,-,W,Y,2,0,1,2,A,-,01,23152,A,N,C,C,A,A,H,-,C,D,1,,,,,Y,Y,A,01,1,0,0,0,0,0,0,0,0,"- ","- ",37.950499999999998,-122.4953,MARIN,UNINCORPORATED,-122.49556115999999,37.950788099999997
6836719,2015,2015-03-12,2110,2015-02-13,1149,SP5260,S5,5,5,2,2110,0,0,0,,0,SP1,"BULKLEY AV","SANTA ROSA AV",0.00,,Y,A,-,N,,,,,,,,,,N,2,0,1,2,A,-,09,21800,B,N,D,G,A,A,H,-,A,D,0,,Y,,,Y,,L,04,1,0,0,0,0,0,1,0,0,"- ","- ",,,MARIN,SAUSALITO,-122.4818099,37.857089979999998
6849834,2015,2015-03-24,2117,2015-02-25,0746,036,1,3,5,3,2104,0,0,0,,0,002,"MAGNOLIA AV","WARD ST",2.00,N,N,A,-,N,,,,,,,,,,N,2,0,1,2,A,-,10,21950,A,N,G,B,B,A,H,-,A,A,0,Y,,,,Y,,A,01,1,0,0,0,1,0,0,0,0,"- ","- ",,,MARIN,LARKSPUR,-122.5351886,37.936065380000002
6851789,2015,2016-09-14,9350,2015-03-01,0534,020865,,7,3,9,2100,0,1,2,,1,080,"RT 101","DE LONG AV",1056.00,S,N,A,-,Y,MRN,4,101,-,R,20.730,H,-,N,Y,2,0,1,1,A,-,08,22107,,N,E,I,A,A,H,-,C,D,1,,,,,Y,Y,A,08,1,0,0,0,0,0,0,0,0,"- ","- ",38.100450000000002,-122.56138,MARIN,UNINCORPORATED,-122.56163607000001,38.09952028
6854206,2014,2016-01-12,2106,2014-10-19,0826,NP0333,N211,7,5,4,2106,0,0,0,,0,NP2,"ATHERTON AV","BINFORD RD",349.00,E,N,E,-,N,,,,,,,,,,Y,1,1,0,1,A,-,08,22107,,N,E,I,A,A,H,-,D,D,0,,,,,Y,,D,22,0,0,0,0,0,0,0,0,0,"- ","- ",,,MARIN,NOVATO,-122.56175293,38.116546739999997
6861215,2015,2015-04-03,9350,2015-03-14,1100,17201,,6,1,9,2100,0,3,5,,2,003,"PARADISE DR","PLAYA VERDE",600.00,S,N,A,-,N,,,,,,,,,,N,2,0,1,1,D,-,00,,,N,F,A,A,A,H,-,A,D,0,,Y,,,Y,,-,"- ",1,0,0,0,0,0,1,0,0,"- ","- ",37.893749999999997,-122.46245999999999,MARIN,UNINCORPORATED,-122.46267793,37.893735270000001
6861223,2015,2016-05-02,9350,2015-03-12,1839,19352,,4,2,9,2100,0,3,5,,2,007,"ATHERTON AV","GLEN LN",960.00,N,N,A,-,N,,,,,,,,,,Y,2,0,2,1,A,-,03,22350,,N,E,I,A,A,H,-,A,D,0,,,,,Y,,A,01,1,0,1,0,0,0,0,0,0,"- ","- ",38.104909999999997,-122.51721999999999,MARIN,UNINCORPORATED,-122.51130999999999,38.105220000000003
6881450,2015,2015-04-24,9350,2015-03-27,0955,018191,,5,1,9,2100,0,1,2,,1,120,"GOLDEN GATE BRIDGE","ALEXANDER AV",200.00,S,N,A,-,N,,,,,,,,,,N,2,0,1,1,B,-,22,,,N,E,I,A,A,H,-,A,D,0,,Y,,,Y,,L,04,1,0,0,0,0,0,1,0,0,"- ","- ",37.828490000000002,-122.47951,MARIN,UNINCORPORATED,-122.48434156,37.835139339999998
6976161,2015,2015-07-10,9350,2015-06-08,1830,19678,,1,2,9,2100,0,2,4,,1,044,"SIR FRANCIS DRAKE BL","MONTEZUMA RD",380.00,W,N,A,-,N,,,,,,,,,,N,2,0,1,1,A,-,08,22107,,N,F,A,A,A,H,-,A,D,0,,Y,,,Y,,L,04,1,0,0,0,0,0,1,0,0,"- ","- ",38.105339999999998,-122.69046,MARIN,UNINCORPORATED,-122.69021935000001,38.01529
6994670,2015,2015-08-05,2109,2015-07-19,2118,517,46,7,5,5,2109,0,0,0,,0,005,"LAS GALLINAS AV","NORTHGATE DR",0.00,,Y,A,-,N,,,,,,,,,,N,2,0,2,3,A,-,12,21453,A,N,G,B,B,C,H,-,C,A,0,Y,,,,Y,,A,07,1,0,1,0,2,0,0,0,0,"- ","- ",38.006709999999998,-122.54561,MARIN,"SAN RAFAEL",-122.54556995999999,38.006689969999996
6996050,2015,2015-09-02,9350,2015-07-11,1145,020955,,6,1,9,2100,0,2,4,,1,014,"PANORAMIC HWY","PAN TOLL RD",4752.00,E,N,A,-,N,,,,,,,,,,N,2,0,1,1,A,-,03,22350,,N,F,A,A,A,H,-,A,D,0,,Y,,,Y,,L,04,1,0,0,0,0,0,1,0,0,"- ","- ",,,MARIN,UNINCORPORATED,-122.59700561,37.913048000000003
7006737,2015,2016-01-07,9350,2015-07-23,1214,17419,,4,1,9,2100,0,2,4,,1,016,"LUCAS VALLEY RD","WESTGATE DR",6336.00,W,N,A,-,N,,,,,,,,,,Y,1,1,0,2,A,-,08,22107,,N,F,A,A,A,H,-,A,D,0,,,Y,Y,Y,,C,02,0,0,0,0,0,0,0,1,0,"- ","- ",38.043779999999998,-122.61342999999999,MARIN,UNINCORPORATED,-122.61524088,38.043980879999999
7014476,2015,2015-08-17,9350,2015-07-26,1910,020955,,7,2,9,2100,0,2,4,,1,014,"PANORAMIC HWY","PAN TOLL RD",6864.00,E,N,A,-,N,,,,,,,,,,Y,2,0,3,1,A,-,01,23152,A,N,E,I,A,A,H,-,A,D,0,,,,,Y,Y,A,01,1,2,0,0,0,0,0,0,0,"- ","- ",,,MARIN,UNINCORPORATED,-122.59253042,37.90983885
7143791,2015,2016-01-05,2109,2015-09-18,1615,566,50,5,5,5,2109,0,0,0,,0,006,"LAS COLINDAS RD","LAS GALLINAS RD",514.00,W,N,A,-,N,,,,,,,,,,Y,2,0,1,2,A,-,01,23152,,N,H,G,A,A,H,-,A,D,0,,Y,,,Y,,A,01,1,0,0,0,0,0,1,0,0,"- ","- ",38.012799999999999,-122.55177,MARIN,"SAN RAFAEL",-122.55124726,38.013006429999997
7151681,2014,2016-01-19,2106,2014-05-12,1141,NP0342,N307,1,5,4,2106,0,0,0,,0,NP3,"NAVE DR","ROBLAR DR",88.00,S,N,A,-,N,,,,,,,,,,Y,2,0,1,2,A,-,06,21755,,N,B,C,A,A,H,-,A,A,0,,,Y,,Y,,C,03,1,0,0,0,0,0,0,0,1,"- ","- ",,,MARIN,NOVATO,-122.53439793,38.064252150000002
7159157,2015,2016-02-08,2117,2015-11-16,0750,075,3,1,5,3,2108,0,0,0,,0,004,"SIR FRANCIS DRAKE BL","SAUNDERS AV",0.00,,Y,A,-,N,,,,,,,,,,N,2,0,1,2,A,-,10,21950,A,N,G,B,B,A,H,-,A,A,0,Y,,,,Y,,A,01,1,0,0,0,1,0,0,0,0,"- ","- ",37.9833,-122.57256,MARIN,"SAN ANSELMO",-122.57040996000001,37.983229899999998
7190568,2016,2018-09-27,2109,2016-06-09,1313,476,17,4,5,5,2109,0,0,0,,0,,"3RD ST","HETHERTON ST",0.00,,Y,A,-,N,,,,,,,,,,N,1,1,0,2,A,-,10,21950,A,N,G,B,B,A,H,-,A,A,0,Y,,,Y,Y,,F,27,0,0,0,1,0,0,0,0,0,"- ","- ",37.971409999999999,-122.52222999999999,MARIN,"SAN RAFAEL",-122.52223988999999,37.971429950000001
8008768,2016,2016-05-03,2106,2016-04-12,1758,NP0405,13040,2,5,4,2106,0,0,0,,0,NP4,"ARLINGTON CIR","DENLYN ST",0.00,,Y,A,-,N,,,,,,,,,,N,2,0,1,2,A,-,03,22350,,N,H,G,A,A,H,-,A,A,0,,Y,,,Y,,L,04,1,0,0,0,0,0,1,0,0,"- ","- ",,,MARIN,NOVATO,-122.56119992000001,38.079669950000003
8019566,2016,2016-06-01,2110,2016-04-06,1441,SP5254,S1,3,5,2,2110,0,0,0,,0,SP1,"LOWER CRESCENT AV","LOWER CRESCENT AV  42",0.00,,N,A,-,N,,,,,,,,,,Y,2,0,1,1,A,-,21,22106,,N,E,I,A,D,D,-,A,D,0,,,Y,,Y,,C,02,1,0,0,0,0,0,0,0,1,"- ","- ",,,MARIN,SAUSALITO,-122.48424768,37.849933129999997
8024798,2016,2016-05-17,2110,2016-04-18,0710,SP5190,S1,1,5,2,2110,0,0,0,,0,SP1,"WEST ST","MAIN ST",0.00,,Y,A,-,N,,,,,,,,,,N,2,0,1,2,A,-,03,22350,,N,D,G,A,A,H,-,A,A,0,,Y,,,Y,,L,04,1,0,0,0,0,0,1,0,0,"- ","- ",,,MARIN,SAUSALITO,-122.48344985999999,37.848959899999997
8043484,2016,2016-05-20,2109,2016-04-29,1127,587,7,5,5,5,2109,0,0,0,,0,001,"B ST","4TH ST",3.00,S,N,A,-,N,,,,,,,,,,N,2,0,1,2,A,-,10,21950,A,N,G,B,B,A,H,-,A,A,0,Y,,,,Y,,A,01,1,0,0,0,1,0,0,0,0,"- ","- ",37.973269999999999,-122.52948000000001,MARIN,"SAN RAFAEL",-122.52954115999999,37.973281810000003
8114486,2016,2016-09-09,2106,2016-08-22,2131,NP0373,N108,1,5,4,2106,0,0,0,,0,NP1,"CENTER RD","WILSON AV",0.00,,Y,A,-,N,,,,,,,,,,Y,2,0,2,2,A,-,12,22450,A,N,D,C,A,A,H,-,C,A,0,,,,,Y,,-,"- ",1,0,1,0,0,0,0,0,0,"- ","- ",,,MARIN,NOVATO,-122.59329999000001,38.108409950000002
8201699,2017,2017-03-28,2109,2017-03-03,2111,491,23,5,5,5,2109,0,0,0,,0,003,"SHORELINE PKWY","KERNER BL",0.00,,Y,A,-,N,,,,,,,,,,N,2,0,1,1,A,-,08,22107,,N,F,A,A,A,H,-,C,D,0,,,Y,,Y,,C,02,1,0,0,0,0,0,0,0,1,"- ","- ",37.953009999999999,-122.49292,MARIN,"SAN RAFAEL",-122.49372998,37.951379899999999
8206016,2016,2017-01-17,2103,2016-12-23,1750,156,DNTN,5,5,2,2103,0,0,0,,0,PAT,"SIR FRANCIS DRAKE BL","AZALEA AV",13.00,E,N,B,-,N,,,,,,,,,,N,2,0,1,2,A,-,10,21950,,N,G,B,B,B,H,-,C,D,0,Y,,,,Y,,A,07,1,0,0,0,1,0,0,0,0,"- ","- ",37.989130000000003,-122.59129,MARIN,FAIRFAX,-122.59125587,37.989076079999997
8302588,2017,2017-03-16,2109,2017-02-05,1815,552,21,7,5,5,2109,0,0,0,,0,003,"LARKSPUR ST","KERNER BL",0.00,,Y,C,-,N,,,,,,,,,,N,2,0,1,2,A,-,03,22350,,F,G,B,C,B,H,-,C,D,0,Y,,,,Y,,-,,1,0,0,0,1,0,0,0,0,"- ","- ",37.96275,-122.50208000000001,MARIN,"SAN RAFAEL",-122.50218987,37.962729979999999
8371686,2017,2017-05-23,2109,2017-04-05,0302,579,17,3,5,5,2109,0,0,0,,0,,"2ND ST","HETHERTON ST",0.00,,Y,A,-,N,,,,,,,,,,Y,2,0,3,1,A,-,03,22350,,N,E,I,A,A,H,-,C,A,0,,,,,Y,,A,01,1,1,1,0,0,0,0,0,0,"- ","- ",37.970579999999998,-122.52236000000001,MARIN,"SAN RAFAEL",-122.52235985999999,37.970569920000003
83769279,2024,2024-08-08,2109,2024-08-06,1515,691,,2,5,5,2109,0,0,0,,0,005,"MANUEL T FREITAS PKWY.","LEA DR.",42.00,W,-,A,-,N,,,,,,,,,,Y,2,0,1,1,A,-,08,22107,,N,E,I,A,A,H,-,A,D,0,,,,,Y,,A,01,1,0,0,0,0,0,0,0,0,"- ","- ",38.010250091552734,-122.56517791748047,MARIN,"SAN RAFAEL",-122.56427001953125,38.010223388671875
8417445,2017,2017-07-31,2109,2017-07-13,0704,534,53,4,5,5,2109,0,0,0,,0,006,"SMITH RANCH RD","N REDWOOD HWY",7.00,E,N,A,-,N,,,,,,,,,,Y,2,0,1,2,A,-,01,23152,A,N,F,C,A,A,H,-,A,D,0,,,,,Y,Y,A,01,1,0,0,0,0,0,0,0,0,"- ","- ",38.020650000000003,-122.53431,MARIN,"SAN RAFAEL",-122.53507598,38.019847050000003
84518880,2024,2024-12-30,2109,2024-12-26,1247,567,,4,5,5,2109,0,0,0,,0,002,"LINCOLN AVENUE","PACHECO STREET",0.00,,Y,C,-,N,,,,,,,,,,N,2,0,1,2,A,-,09,21800,A,N,D,C,A,B,H,-,A,D,0,,,Y,Y,Y,,O,05,1,0,0,0,0,0,0,0,1,"- ","- ",37.976081848144531,-122.52278137207031,MARIN,"SAN RAFAEL",-122.52278900146484,37.976058959960938
8461448,2015,2017-10-16,2106,2015-02-25,1649,NP0376,N319,3,5,4,2106,0,0,0,,0,NP3,"NAVE DR","BOLLING DR",13.00,S,N,A,-,N,,,,,,,,,,N,2,0,2,3,A,-,10,21950,A,N,G,B,-,A,H,-,A,A,0,Y,,,,Y,,A,01,1,0,1,0,2,0,0,0,0,"- ","- ",,,MARIN,NOVATO,-122.53074087,38.050945339999998
8465019,2017,2017-10-16,2106,2017-05-21,1626,NP0424,13013,7,5,4,2106,0,0,0,,0,NP1,"FELIZ RD","FERRIS DR",213.00,E,N,A,-,N,,,,,,,,,,Y,2,0,3,3,A,-,01,23152,A,N,A,B,F,A,H,-,A,D,0,Y,,,,Y,Y,A,01,1,0,2,0,1,0,0,0,0,"- ","- ",,,MARIN,NOVATO,-122.58893467,38.115711560000001
8465830,2019,2021-05-25,2108,2019-04-21,2208,026,,7,5,3,2108,0,0,0,,0,,"BUTTERFIELD RD","CALETA AV",9.00,N,N,A,-,N,,,,,,,,,,Y,1,1,0,2,A,-,01,23153,B,N,G,B,B,A,H,-,C,D,0,Y,,,,Y,Y,A,01,0,0,0,1,0,0,0,0,0,"- ","- ",37.998409271240234,-122.57647705078125,MARIN,"SAN ANSELMO",-122.57623291015625,37.998264312744141
8467520,2015,2017-11-08,2106,2015-07-06,1405,NP0401,N334,1,5,4,2106,0,0,0,,0,NP3,"ENFRENTE RD","RT 101",0.00,,Y,A,-,Y,MRN,4,101,-,-,18.262,R,4,S,N,2,0,1,2,A,-,09,21802,A,N,H,G,A,A,H,-,A,A,0,,Y,,,Y,,L,04,1,0,0,0,0,0,1,0,0,"- ","- ",,,MARIN,NOVATO,-122.538974,38.068680999999998
8471411,2017,2017-10-20,2110,2017-10-03,1755,SP5272,10000,2,5,2,2110,0,0,0,,0,SP2,BRIDGEWAY,"NAPA ST",0.00,,Y,A,-,N,,,,,,,,,,,2,0,1,2,A,-,08,22107,,N,B,G,A,A,H,-,A,A,0,,Y,,,Y,,A,01,1,0,0,0,0,0,1,0,0,"- ","- ",,,MARIN,SAUSALITO,-122.48937986,37.861219890000001
8473239,2017,2017-11-21,2102,2017-08-26,2221,026,2A,6,5,2,2102,0,0,0,,0,002,"TAMALPAIS DR","WILLOW AV",63.00,W,N,A,-,N,,,,,,,,,,N,2,0,1,2,A,-,11,21954,A,N,G,B,D,A,H,-,C,D,0,Y,,,,Y,,N,60,1,0,0,0,1,0,0,0,0,"- ","- ",37.925840000000001,-122.52816,MARIN,"CORTE MADERA",-122.52811766000001,37.925585009999999
8476013,2015,2017-11-07,2106,2015-10-29,0748,NP0333,N129,4,5,4,2106,0,0,0,,0,NP1,"OLIVE AV","REDWOOD BL",105.00,W,N,A,-,N,,,,,,,,,,Y,2,0,1,2,A,-,10,21954,B,N,G,B,F,A,H,-,A,D,0,Y,,,,Y,,A,01,1,0,0,0,1,0,0,0,0,"- ","- ",,,MARIN,NOVATO,-122.56927234,38.111385499999997
8476760,2017,2017-10-23,2109,2017-10-10,1129,364,19,2,5,5,2109,0,0,0,,0,003,"FRANCISCO BL E","MEDWAY RD",99.00,E,N,A,-,N,,,,,,,,,,N,2,0,1,2,A,-,00,22801,A,N,B,G,A,A,H,-,A,D,0,,Y,,,Y,,A,07,1,0,0,0,0,0,1,0,0,"- ","- ",37.963140000000003,-122.50971,MARIN,"SAN RAFAEL",-122.510006,37.962815999999997
84774805,2025,2025-07-24,2109,2025-06-28,1536,527,,6,5,5,2109,0,0,0,,0,005,"MANUEL T FREITAS PKWY","LEA DR",0.00,,Y,A,-,N,,,,,,,,,,N,1,1,2,2,A,-,09,21801,A,N,H,G,A,A,H,-,A,D,0,,Y,,,Y,,A,07,0,2,0,0,0,1,0,0,0,"- ","- ",38.010169982910156,-122.56407165527344,MARIN,"SAN RAFAEL",-122.56412506103516,38.010250091552734
8481862,2017,2018-06-28,2111,2017-10-07,1041,TP7331,TA2,6,5,2,2111,0,0,0,,0,TP1,"TIBURON BL","LYFORD DR",558.00,E,N,A,-,Y,MRN,4,131,-,-,3.830,H,-,E,Y,2,0,1,1,A,-,03,22350,,N,F,J,A,A,H,-,A,D,0,,,,,Y,,-,,1,0,0,0,0,0,0,0,0,"- ","- ",37.524500000000003,-122.27457,MARIN,TIBURON,-122.46351023,37.878560550000003
8528016,2017,2018-01-10,2102,2017-11-18,2040,026,2,6,5,2,2102,0,0,0,,0,001,"TAMALPAIS DR","EASTMAN AV",0.00,,Y,A,-,N,,,,,,,,,,Y,2,0,1,2,A,-,11,21456,B,N,G,B,B,A,H,-,C,A,0,Y,,,,Y,,N,60,1,0,0,0,1,0,0,0,0,"- ","- ",37.925699999999999,-122.52409,MARIN,"CORTE MADERA",-122.52387998,37.92540992
8539195,2018,2018-01-31,2110,2018-01-06,1439,SP5235,S1,6,5,2,2110,0,0,0,,0,SP1,"SAN CARLOS AV","SANTA ROSA AV",0.00,,Y,A,-,N,,,,,,,,,,N,2,0,1,2,A,-,03,22350,,N,G,B,E,A,H,-,A,D,0,Y,,,,Y,,A,01,1,0,0,0,1,0,0,0,0,"- ","- ",,,MARIN,SAUSALITO,-122.48320007324219,37.855239868164062
8560171,2018,2018-02-23,2110,2018-02-13,1339,SP5240,10001,2,5,2,2110,0,0,0,,0,SP2,BRIDGEWAY,"COLOMA ST",60.00,S,N,A,-,N,,,,,,,,,,N,2,0,1,2,A,-,08,22107,,N,B,G,A,A,G,-,A,A,0,,Y,,,Y,,L,04,1,0,0,0,0,0,1,0,0,"- ","- ",,,MARIN,SAUSALITO,-122.50250244140625,37.868442535400391
8574173,2018,2018-03-15,2109,2018-02-15,1736,592,7,4,5,5,2109,0,0,0,,0,001,"2ND ST","WEST ST",0.00,,Y,A,-,N,,,,,,,,,,Y,2,0,1,2,A,-,09,21801,A,N,A,C,A,A,H,-,A,D,0,,,Y,,Y,,A,01,1,0,0,0,0,0,0,0,1,"- ","- ",37.973850250244141,-122.54042053222656,MARIN,"SAN RAFAEL",-122.54048919677734,37.973751068115234
8616467,2018,2018-05-21,2109,2018-04-29,1331,517,7,7,5,5,2109,0,0,0,,0,001,"4TH ST","F ST",0.00,,Y,A,-,N,,,,,,,,,,Y,2,0,1,2,A,-,09,21801,B,N,D,C,A,A,H,-,A,D,0,,,Y,,Y,,A,07,1,0,0,0,0,0,0,0,1,"- ","- ",37.973709106445312,-122.53633880615234,MARIN,"SAN RAFAEL",-122.53642272949219,37.973960876464844
8634959,2018,2019-04-30,2109,2018-05-22,1149,541,16,2,5,5,2109,0,0,0,,0,002,"3RD ST","LINCOLN AV",0.00,,Y,A,-,N,,,,,,,,,,Y,1,1,0,2,A,-,10,21950,A,N,G,B,B,A,H,-,A,A,0,Y,,,,Y,,A,01,0,0,0,1,0,0,0,0,0,"- ","- ",37.971660614013672,-122.52406311035156,MARIN,"SAN RAFAEL",-122.52407836914062,37.971660614013672
8660278,2018,2018-10-10,2108,2018-06-06,1728,100,3,3,5,3,2108,0,0,0,,0,004,"SIERRA AV","SIR FRANCIS DRAKE BL",8.00,S,N,A,-,N,,,,,,,,,,Y,2,0,1,1,C,-,18,,,N,F,I,A,A,H,-,A,D,0,,,,,Y,,-,"- ",1,0,0,0,0,0,0,0,0,"- ","- ",37.985851287841797,-122.57499694824219,MARIN,"SAN ANSELMO",-122.57499694824219,37.985797882080078
8678435,2018,2018-10-09,2109,2018-08-09,0845,551,23,4,5,5,2109,0,0,0,,0,003,"FRANCISCO BL E","CASTRO AV",362.00,E,N,A,-,N,,,,,,,,,,N,2,0,1,2,A,-,08,22107,,N,H,G,A,A,H,-,A,D,0,,Y,,,Y,,L,04,1,0,0,0,0,0,1,0,0,"- ","- ",37.956291198730469,-122.50106811523438,MARIN,"SAN RAFAEL",-122.50346374511719,37.958690643310547
8689594,2018,2018-09-26,2109,2018-08-27,1359,510,26,1,5,5,2109,0,0,0,,0,004,"IRWIN ST","5TH AV",36.00,W,N,A,-,N,,,101,,,,,,,Y,2,0,1,2,A,-,09,21800,A,N,D,C,A,A,H,-,A,A,0,,,,,Y,,A,01,1,0,0,0,0,0,0,0,0,"- ","- ",37.972980499267578,-122.52047729492188,MARIN,"SAN RAFAEL",-122.520477,37.97298
8719742,2018,2018-10-25,2109,2018-09-30,1317,513,7,7,5,5,2109,0,0,0,,0,,"MISSION AV","B ST",6.00,W,N,A,-,N,,,,,,,,,,N,2,0,1,2,A,-,10,21950,A,N,G,B,B,A,H,-,A,A,0,Y,,,,Y,,-,,1,0,0,0,1,0,0,0,0,"- ","- ",37.9752197265625,-122.52912902832031,MARIN,"SAN RAFAEL",-122.52927398681641,37.974952697753906
8747443,2018,2018-12-28,2109,2018-11-06,1555,616,19,2,5,5,2109,0,0,0,,0,003,"MEDWAY AV","CANAL ST",16.00,S,N,A,-,N,,,,,,,,,,N,2,0,1,2,A,-,11,21955,,N,G,B,D,A,H,-,A,D,0,Y,,,,Y,,N,60,1,0,0,0,1,0,0,0,0,"- ","- ",37.965198516845703,-122.50829315185547,MARIN,"SAN RAFAEL",-122.50833892822266,37.965137481689453
8753063,2018,2019-01-26,2109,2018-12-06,1830,268,20,4,5,5,2109,0,0,0,,0,003,"BELLAM BL","LISBON ST",0.00,,Y,A,-,N,,,,,,,,,,N,2,0,1,2,A,-,05,21650,,N,H,G,A,A,H,-,C,A,0,,Y,,,Y,,L,04,1,0,0,0,0,0,1,0,0,"- ","- ",37.960990905761719,-122.50359344482422,MARIN,"SAN RAFAEL",-122.50360107421875,37.9610595703125
8760951,2018,2019-01-17,2109,2018-12-07,0811,606,19,5,5,5,2109,0,0,0,,0,003,"HARBOR ST","MILL ST",0.00,,Y,A,-,N,,,,,,,,,,Y,2,0,3,3,A,-,09,21804,A,N,D,C,F,A,H,-,A,D,0,Y,,,,Y,,D,22,1,1,1,0,1,0,0,0,0,"- ","- ",37.965789794921875,-122.51384735107422,MARIN,"SAN RAFAEL",-122.51262664794922,37.966510772705078
8769180,2018,2019-01-30,2104,2018-12-26,1932,101,1,3,5,3,2104,0,0,0,,0,002,"MAGNOLIA AV","WARD ST",2.00,N,N,A,-,N,,,,,,,,,,N,2,0,2,3,A,-,10,21950,A,N,G,B,B,A,H,-,C,A,0,Y,,,,Y,Y,D,22,2,0,0,0,2,0,0,0,0,"- ","- ",37.936290740966797,-122.53536224365234,MARIN,LARKSPUR,-122.53518676757812,37.936065673828125
8808322,2019,2021-05-25,2106,2019-05-30,2124,NP0352,13041,4,5,4,2106,0,0,0,,0,NP4,"DIABLO AV","GEORGE ST",0.00,,Y,A,-,N,,,,,,,,,,Y,1,1,0,2,A,-,01,23152,A,N,G,B,B,A,H,-,C,A,0,Y,,,,Y,Y,A,01,0,0,0,1,0,0,0,0,0,"- ","- ",,,MARIN,NOVATO,-122.57250213623047,38.103778839111328
8886744,2019,2019-07-03,2102,2019-04-14,1256,103,2,7,5,2,2102,0,0,0,,0,001,"CORTE MADERA AV","CHAPMAN DR",528.00,N,N,A,-,N,,,,,,,,,,N,2,0,2,3,A,-,08,22105,,N,B,G,A,A,H,-,A,D,0,,Y,,,Y,,A,01,2,0,0,0,0,0,2,0,0,"- ","- ",37.917121887207031,-122.52577209472656,MARIN,"CORTE MADERA",-122.52742767333984,37.917320251464844
8899677,2019,2019-08-01,2106,2019-07-08,1916,NP0399,13040,1,5,4,2106,0,0,0,,0,NP4,"ROWLAND BL","LEAFWOOD DR",17.00,W,N,A,-,N,,,,,,,,,,N,2,0,1,2,A,-,10,21954,B,N,G,B,D,A,H,-,A,A,0,Y,,,,Y,,A,01,1,0,0,0,1,0,0,0,0,"- ","- ",,,MARIN,NOVATO,-122.56307983398438,38.089588165283203
8943210,2019,2019-09-23,2109,2019-09-06,1218,635,22,5,5,5,2109,0,0,0,,0,003,"FRANCISCO BL E","CASTRO AV",10.00,S,N,A,-,N,,,,,,,,,,Y,2,0,1,3,A,-,09,21804,,N,D,C,A,A,H,-,A,D,0,,,Y,,Y,,A,01,1,0,0,0,0,0,0,0,1,"- ","- ",37.959621429443359,-122.50401306152344,MARIN,"SAN RAFAEL",-122.50395202636719,37.959575653076172