CASE_ID,ACCIDENT_YEAR,PROC_DATE,JURIS,COLLISION_DATE,COLLISION_TIME,OFFICER_ID,REPORTING_DISTRICT,DAY_OF_WEEK,CHP_SHIFT,POPULATION,CNTY_CITY_LOC,SPECIAL_COND,BEAT_TYPE,CHP_BEAT_TYPE,CITY_DIVISION_LAPD,CHP_BEAT_CLASS,BEAT_NUMBER,PRIMARY_RD,SECONDARY_RD,DISTANCE,DIRECTION,INTERSECTION,WEATHER_1,WEATHER_2,STATE_HWY_IND,CALTRANS_COUNTY,CALTRANS_DISTRICT,STATE_ROUTE,ROUTE_SUFFIX,POSTMILE_PREFIX,POSTMILE,LOCATION_TYPE,RAMP_INTERSECTION,SIDE_OF_HWY,TOW_AWAY,COLLISION_SEVERITY,NUMBER_KILLED,NUMBER_INJURED,PARTY_COUNT,PRIMARY_COLL_FACTOR,PCF_CODE_OF_VIOL,PCF_VIOL_CATEGORY,PCF_VIOLATION,PCF_VIOL_SUBSECTION,HIT_AND_RUN,TYPE_OF_COLLISION,MVIW,PED_ACTION,ROAD_SURFACE,ROAD_COND_1,ROAD_COND_2,LIGHTING,CONTROL_DEVICE,CHP_ROAD_TYPE,PEDESTRIAN_ACCIDENT,BICYCLE_ACCIDENT,MOTORCYCLE_ACCIDENT,TRUCK_ACCIDENT,NOT_PRIVATE_PROPERTY,ALCOHOL_INVOLVED,STWD_VEHTYPE_AT_FAULT,CHP_VEHTYPE_AT_FAULT,COUNT_SEVERE_INJ,COUNT_VISIBLE_INJ,COUNT_COMPLAINT_PAIN,COUNT_PED_KILLED,COUNT_PED_INJURED,COUNT_BICYCLIST_KILLED,COUNT_BICYCLIST_INJURED,COUNT_MC_KILLED,COUNT_MC_INJURED,PRIMARY_RAMP,SECONDARY_RAMP,LATITUDE,LONGITUDE,COUNTY,CITY,POINT_X,POINT_Y
90876630,2018,2019-01-29,9350,2018-10-21,1857,021266,,7,2,4,2106,0,1,2,,2,070,"US-101 NORTHBOUND","NAVE DRIVE OVERCROSSING",35.00,N,N,A,-,Y,,,101,,,,,,N,Y,1,1,0,2,A,-,10,21954,B,N,G,B,D,A,H,-,D,D,0,Y,,,,Y,Y,N,60,0,0,0,1,0,0,0,0,0,"- ","- ",38.048240661621094,-122.53215026855469,MARIN,NOVATO,-122.53212738037109,38.048229217529297
90897089,2018,2019-01-03,9360,2018-07-09,1534,020803,,1,2,9,2100,0,3,5,,2,007,"TOMALES PETALUMA RD.","TWIN BRIDGE RD",1810.00,E,N,A,-,N,,,,,,,,,,Y,1,1,0,2,A,-,05,21460,A,N,A,C,A,A,H,-,A,D,0,,,Y,,Y,,C,02,0,0,0,0,0,0,0,1,0,"- ","- ",38.253841400146484,-122.85328674316406,MARIN,UNINCORPORATED,-122.85334777832031,38.254123687744141
90922471,2019,2019-02-08,9350,2019-02-01,1055,019150,,5,1,9,2100,0,1,2,,1,080,"US-101 S/B","ATHERTON AVE",5280.00,N,N,B,-,Y,,,101,,,,,,S,Y,2,0,2,3,A,-,01,23152,F,N,C,E,E,A,H,-,A,D,0,Y,,,Y,Y,,A,01,1,1,0,0,1,0,0,0,0,"- ","- ",38.132469177246094,-122.56398773193359,MARIN,UNINCORPORATED,-122.56390380859375,38.132469177246094
90939615,2019,2019-03-05,9350,2019-02-25,2320,021466,,1,3,9,2100,0,2,4,,1,016,"LUCAS VALLEY ROAD W/B","WESTGATE DRIVE",2000.00,W,N,B,C,N,,,,,,,,,,Y,2,0,1,1,A,-,08,22107,,N,F,I,A,B,H,-,D,D,0,,,,,Y,Y,A,01,1,0,0,0,0,0,0,0,0,"- ","- ",38.038478851318359,-122.60308074951172,MARIN,UNINCORPORATED,-122.60331726074219,38.038581848144531
90967464,2019,2019-04-15,9350,2019-04-03,1220,021075,,3,1,9,2100,0,3,5,,2,002,"ROSEMONT AVE","ALMONTE BLVD",80.00,W,N,B,-,N,,,,,,,,,,Y,2,0,1,1,C,-,18,,,N,E,I,A,A,H,-,A,D,0,,,,,Y,,-,"- ",1,0,0,0,0,0,0,0,0,"- ","- ",37.884128570556641,-122.52512359619141,MARIN,UNINCORPORATED,-122.52490997314453,37.884220123291016
90977624,2019,2020-01-21,9350,2019-04-12,1249,019265,,5,1,4,2106,0,1,2,,2,070,"US-101 S/B","IGNACIO BLVD",1500.00,N,N,A,-,Y,,,101,,,,,,S,Y,2,0,2,2,A,-,07,21658,A,F,B,C,A,A,H,-,A,D,0,,,,,Y,,A,01,1,1,0,0,0,0,0,0,0,"- ","- ",38.070121765136719,-122.53920745849609,MARIN,NOVATO,-122.53921508789062,38.070117950439453
90994397,2019,2019-05-22,9350,2019-04-05,2107,022133,,5,2,9,2100,0,2,4,,2,026,"NOVATO BLVD","PT. REYES - PETALMUMA RD",15840.00,E,N,B,-,N,,,,,,,,,,Y,1,2,0,1,A,-,01,23152,A,N,E,I,A,A,H,-,D,D,0,,,,,Y,,D,22,0,0,0,0,0,0,0,0,0,"- ","- ",38.117401123046875,-122.66280364990234,MARIN,UNINCORPORATED,-122.66393280029297,38.117443084716797
90994407,2019,2019-05-22,9350,2019-02-26,1422,022128,,2,2,2,2110,0,1,2,,1,030,"US-101 S/B","SPENCER AVE. UNDER CROSSING",1584.00,N,N,C,-,Y,,,101,,,,,,S,Y,1,1,1,4,A,-,03,22350,,N,C,E,E,B,G,-,A,D,0,Y,,,Y,Y,,D,22,0,1,0,1,0,0,0,0,0,"- ","- ",37.856109619140625,-122.49492645263672,MARIN,SAUSALITO,-122.49488830566406,37.856182098388672
91003429,2019,2019-06-04,9350,2019-04-04,1635,019000,,4,2,9,2100,0,3,5,,2,004,"W. RIDGECREST BLVD","PAN TOLL ROAD",4224.00,W,N,B,E,N,,,,,,,,,,Y,1,1,1,1,A,-,08,22107,,N,F,A,A,B,H,-,A,D,0,,,,,Y,,A,01,1,0,0,0,0,0,0,0,0,"- ","- ",37.911388397216797,-122.62542724609375,MARIN,UNINCORPORATED,-122.62552642822266,37.911434173583984
91028445,2019,2019-07-10,9350,2019-07-02,1555,019000,,2,2,9,2100,0,2,4,,1,014,"PANORAMIC HWY","PAN TOLL RD",3696.00,E,N,A,-,N,,,,,,,,,,N,2,0,1,2,A,-,05,21460,A,N,H,G,A,A,H,-,A,D,0,,Y,,,Y,,A,01,1,0,0,0,0,0,1,0,0,"- ","- ",37.910751342773438,-122.59703063964844,MARIN,UNINCORPORATED,-122.59730529785156,37.910846710205078
91029642,2019,2019-07-12,9350,2019-06-27,2227,021686,,4,3,5,2109,0,1,2,,1,060,"US-101 N/B","N. SAN PEDRO RD.",835.00,N,N,A,-,Y,,,101,,,,,,N,Y,2,0,4,3,A,-,03,22350,,N,C,C,A,A,H,-,C,D,0,,,,,Y,,A,01,4,0,0,0,0,0,0,0,0,"- ","- ",37.995948791503906,-122.53349304199219,MARIN,"SAN RAFAEL",-122.53340148925781,37.996009826660156
91032216,2019,2019-07-17,9350,2019-07-10,0058,021418,,3,3,9,2100,0,1,2,,2,070,"US-101 N/B","MILLER CREEK RD. O/C",1486.00,S,N,A,-,Y,,,101,,,,,,N,Y,2,0,2,2,A,-,03,22350,,N,C,C,A,A,D,-,D,D,0,,,,,Y,,A,07,2,0,0,0,0,0,0,0,0,"- ","- ",38.029361724853516,-122.53752899169922,MARIN,UNINCORPORATED,-122.53746795654297,38.029354095458984
91049722,2019,2019-08-12,9350,2019-08-05,1140,021099,,1,1,9,2100,0,3,5,,2,006,"PLATFORM BRIDGE RD","SIR FRANCIS DRAKE BLVD",5280.00,N,N,A,-,N,,,,,,,,,,Y,2,0,2,1,A,-,03,22350,,N,E,I,A,A,H,-,A,D,0,,,Y,,Y,,C,02,1,1,0,0,0,0,0,0,2,"- ","- ",38.059158325195312,-122.77053070068359,MARIN,UNINCORPORATED,-122.7681884765625,38.059589385986328
91050328,2019,2019-08-12,9350,2019-08-03,0715,021099,,6,1,9,2100,0,2,4,,1,044,"SIR FRANCIS DRAKE BLVD","BAYWOOD CANYON RD",2640.00,W,N,A,-,N,,,,,,,,,,N,2,0,1,1,A,-,03,22350,,N,F,A,A,A,H,-,A,D,0,,Y,,,Y,,L,04,1,0,0,0,0,0,1,0,0,"- ","- ",38.008991241455078,-122.61757659912109,MARIN,UNINCORPORATED,-122.61673736572266,38.007884979248047
91053177,2019,2019-08-16,9360,2019-08-11,1200,020803,,7,1,9,2100,0,3,5,,2,007,"TOMALES PETALUMA RD","TWIN BRIDGE RD",1950.00,E,N,A,-,N,,,,,,,,,,Y,2,0,1,1,A,-,08,22107,,N,E,I,A,A,H,-,A,D,0,,,Y,,Y,,C,02,1,0,0,0,0,0,0,0,1,"- ","- ",38.253849029541016,-122.85262298583984,MARIN,UNINCORPORATED,-122.85292053222656,38.253929138183594
91054746,2019,2019-08-19,9350,2019-08-11,1235,015964,,7,1,9,2100,0,3,5,,2,006,"NICASIO VALLEY ROAD (N/B)","POINT REYES-PETALUMA ROAD",12144.00,S,N,A,-,N,,,,,,,,,,Y,2,0,3,2,A,-,06,21750,A,N,D,C,A,A,H,-,A,D,0,,,Y,,Y,,C,02,2,1,0,0,0,0,0,0,2,"- ","- ",38.073898315429688,-122.7061767578125,MARIN,UNINCORPORATED,-122.70625305175781,38.073921203613281
91061304,2019,2019-08-28,9350,2019-08-08,1747,022300,,4,2,4,2106,0,1,2,,1,080,"US-101 S/B","SR-37 W/B",241.00,N,N,A,-,Y,,,101,,,,,,S,Y,2,0,2,2,A,-,06,21755,,N,C,E,A,A,H,-,A,D,0,,,,,Y,,A,07,1,0,1,0,0,0,0,0,0,"- ","- ",38.080421447753906,-122.54686737060547,MARIN,NOVATO,-122.54685974121094,38.080432891845703
91065174,2019,2019-09-02,9350,2019-08-30,0826,022128,,5,1,9,2100,0,1,2,,2,040,"US-101 NB","SHORELINE HWY UNDERCROSSING",85.00,S,N,A,-,Y,,,101,,,,,,N,N,2,0,1,2,A,-,11,21954,A,N,G,B,E,A,D,-,A,D,0,Y,,,,Y,,N,60,1,0,0,0,1,0,0,0,0,"- ","- ",37.879650115966797,-122.51566314697266,MARIN,UNINCORPORATED,-122.51573944091797,37.879581451416016
91068166,2019,2019-09-05,9350,2019-08-29,1430,021739,,4,2,9,2100,0,1,2,,1,080,"US-101 NB","ATHERTON AVE O/C",1584.00,N,N,A,-,Y,,,101,,,,,,N,Y,2,0,5,3,A,-,03,22350,,N,C,C,A,A,H,-,A,D,0,,,,,Y,,A,08,2,1,2,0,0,0,0,0,0,"- ","- ",38.122348785400391,-122.56578826904297,MARIN,UNINCORPORATED,-122.56569671630859,38.122364044189453
91088592,2019,2019-10-02,9350,2019-09-19,2315,022300,,4,3,5,2109,0,1,2,,2,050,"US-101 S/B","BELLAM BLVD",1300.00,S,N,A,-,Y,,,101,,,,,,S,Y,2,0,2,3,A,-,01,23152,A,N,E,I,A,A,H,-,D,D,0,,,,,Y,Y,D,22,1,0,1,0,0,0,0,0,0,"- ","- ",37.953849792480469,-122.50852966308594,MARIN,"SAN RAFAEL",-122.50860595703125,37.953853607177734
91094384,2019,2019-10-10,9350,2019-09-30,1635,016406,,1,2,9,2100,0,1,2,,2,070,"US-101 N/B","MANUEL T FREITAS PKY",1056.00,N,N,A,-,Y,,,,,,,,,,Y,2,0,5,2,A,-,08,22107,,N,E,I,A,A,H,-,A,D,0,,,,,Y,,A,01,2,3,0,0,0,0,0,0,0,"- ","- ",38.013469696044922,-122.54187774658203,MARIN,UNINCORPORATED,-122.54189300537109,38.009937286376953
91103044,2019,2019-10-22,9350,2019-10-14,1625,021699,,1,2,9,2100,0,1,3,,1,042,SR-1,"ROCKY POINT ROAD",1300.00,S,N,A,-,Y,,,1,,,,,,,Y,2,0,1,1,A,-,01,23152,A,N,E,J,A,A,H,-,A,D,0,,,,,Y,Y,D,22,1,0,0,0,0,0,0,0,0,"- ","- ",37.885288238525391,-122.62258148193359,MARIN,UNINCORPORATED,-122.62251281738281,37.885292053222656
91103616,2019,2019-10-23,9350,2019-10-17,0855,015964,,4,1,9,2100,0,1,3,,1,042,"SHORELINE HIGHWAY (SR-1)","HORSESHOE HILL RD.",2640.00,N,N,B,-,Y,,,1,,,,,,,Y,2,0,1,1,A,-,03,22350,,N,F,A,A,B,H,-,A,D,0,,,Y,,Y,,C,02,1,0,0,0,0,0,0,0,1,"- ","- ",37.945449829101562,-122.70626831054688,MARIN,UNINCORPORATED,-122.70632934570312,37.945423126220703
91110777,2019,2019-10-31,9350,2019-10-14,1600,021893,,1,2,9,2100,0,1,3,,1,052,"SR-1 S/B","MARSHALL PETALUMA RD",1584.00,N,N,A,-,Y,,,1,,,,,,S,Y,2,0,1,1,A,-,08,22107,,N,F,A,A,A,H,-,A,D,0,,,Y,,Y,,C,02,1,0,0,0,0,0,0,0,1,"- ","- ",38.167030334472656,-122.89308929443359,MARIN,UNINCORPORATED,-122.89307403564453,38.167076110839844
91112455,2019,2019-11-04,9350,2019-10-27,1001,022108,,7,1,5,2109,0,1,2,,1,060,"US-101 N/B","N SAN PEDRO ROAD",1426.00,S,N,A,-,Y,,,101,,,,,,N,Y,2,0,1,2,A,-,08,22107,,N,B,C,A,A,H,-,A,D,0,,,,,Y,,A,01,1,0,0,0,0,0,0,0,0,"- ","- ",37.990928649902344,-122.52935028076172,MARIN,"SAN RAFAEL",-122.5294189453125,37.990863800048828
91123372,2019,2019-11-19,9350,2019-11-12,0455,022432,,2,3,9,2100,0,1,2,,2,050,"US-101 N/B","I-580 O/C",2239.00,S,N,A,-,Y,,,101,,,,,,N,Y,2,0,1,1,A,-,01,23152,A,N,E,I,A,A,H,-,D,D,0,,,,,Y,Y,A,01,1,0,0,0,0,0,0,0,0,"- ","- ",37.955860137939453,-122.50859832763672,MARIN,UNINCORPORATED,-122.50856018066406,37.955867767333984
9113283,2020,2020-08-27,2106,2020-05-16,1230,442,,6,5,4,2106,0,0,0,,0,,"SOUTH NOVATO BL","REDWOOD BL",159.00,E,N,A,-,N,,,,,,,,,,,2,0,1,1,C,-,18,,,N,H,A,A,A,H,-,A,D,0,,Y,,,Y,,-,"- ",1,0,0,0,0,0,1,0,0,"- ","- ",38.07733154296875,-122.55184936523438,MARIN,NOVATO,-122.55155944824219,38.077491760253906
91146068,2019,2019-12-18,9350,2019-12-07,2330,022373,,6,3,9,2100,0,1,2,,2,020,"US 101 SB","ROBIN WILLIAMS TUNNEL",565.00,S,N,B,-,Y,,,,,,,,,,Y,2,0,1,1,A,-,01,23152,A,N,E,I,A,B,H,-,C,D,0,,,,,Y,Y,A,01,1,0,0,0,0,0,0,0,0,"- ","- ",37.841640472412109,-122.48589324951172,MARIN,UNINCORPORATED,,
91200331,2020,2020-08-05,9350,2020-02-10,1320,013918,,1,1,9,2100,0,1,2,,2,050,"U.S. 101 S/B","RT 131",2600.00,S,N,A,-,Y,,,,,,,,,,Y,2,0,1,2,A,-,03,22350,,N,C,C,A,A,H,-,A,D,0,,,,,Y,,A,01,1,0,0,0,0,0,0,0,0,"- ","- ",37.909721374511719,-122.51271057128906,MARIN,UNINCORPORATED,,
91203988,2020,2020-03-09,9350,2020-02-22,1535,022300,,6,2,5,2109,0,1,2,,1,060,"US-101 S/B","2ND ST",250.00,S,N,A,-,Y,,,101,,,,,,S,Y,2,0,1,1,A,-,03,22350,,N,F,A,A,A,H,-,A,D,0,,,Y,,Y,,C,02,1,0,0,0,0,0,0,0,1,"- ","- ",37.970161437988281,-122.52191925048828,MARIN,"SAN RAFAEL",-122.5218505859375,37.970180511474609
91215163,2020,2020-03-25,9350,2020-03-18,1345,016406,,3,1,4,2106,0,1,2,,2,070,"US-101 N/B","NAVE DR",2640.00,S,N,C,-,Y,,,101,,,,,,N,Y,2,0,1,2,A,-,08,22107,,N,B,C,A,B,H,-,A,D,0,,,,,Y,,-,"- ",1,0,0,0,0,0,0,0,0,"- ","- ",38.040569305419922,-122.53677368164062,MARIN,NOVATO,-122.53678894042969,38.040573120117188
91223865,2020,2020-04-10,9350,2020-04-03,1838,019000,,5,2,9,2100,0,1,3,,1,042,"SR-1 (SHORELINE HIGHWAY)","AUDOBON FIRE ROAD",4224.00,S,N,A,-,Y,,,1,,,,,,,Y,2,0,1,1,A,-,08,22107,,N,F,A,A,A,H,-,A,D,0,,,Y,,Y,,C,02,1,0,0,0,0,0,0,0,1,"- ","- ",37.922588348388672,-122.67410278320312,MARIN,UNINCORPORATED,-122.67409515380859,37.922595977783203
91230278,2020,2020-04-28,9350,2020-04-25,1320,021075,,6,1,9,2100,0,2,4,,1,014,"PANORAMIC HIGHWAY","PAN TOLL ROAD",5280.00,E,N,A,-,N,,,,,,,,,,Y,2,0,1,1,A,-,03,22350,,N,F,A,A,A,H,-,A,D,0,,Y,,,Y,,L,04,1,0,0,0,0,0,1,0,0,"- ","- ",37.9114990234375,-122.59500122070312,MARIN,UNINCORPORATED,-122.59584045410156,37.911960601806641
91230296,2020,2020-04-28,9350,2020-04-25,0940,021075,,6,1,9,2100,0,1,3,,2,022,SR-1,"PANORAMIC HIGHWAY",5280.00,N,N,A,-,Y,,,,,,,,,,Y,2,0,1,1,A,-,03,22350,,N,F,A,A,A,H,-,A,D,0,,Y,,,Y,,L,04,1,0,0,0,0,0,1,0,0,"- ","- ",37.875900268554688,-122.56199645996094,MARIN,UNINCORPORATED,-122.64968109130859,37.90478515625
91235126,2020,2020-05-08,9350,2020-04-27,1215,021629,,1,1,9,2100,0,3,5,,2,006,"PLATFORM BRIDGE RD","SIR FRANCIS DRAKE BLVD",5861.00,N,N,A,-,N,,,,,,,,,,Y,2,0,1,1,A,-,08,22107,,N,E,I,A,A,H,-,A,D,0,,,,,Y,,A,01,1,0,0,0,0,0,0,0,0,"- ","- ",38.059230804443359,-122.77021789550781,MARIN,UNINCORPORATED,-122.77014923095703,38.059219360351562
91247814,2020,2020-06-05,9350,2020-06-02,1520,015964,,2,2,9,2100,0,2,4,,1,016,"LUCAS VALLEY ROAD (W/B)","NICASIO VALLEY ROAD",7392.00,E,N,A,-,N,,,,,,,,,,Y,2,0,1,1,A,-,08,22107,,N,F,A,A,A,H,-,A,D,0,,,,,Y,,A,01,1,0,0,0,0,0,0,0,0,"- ","- ",38.051528930664062,-122.67137908935547,MARIN,UNINCORPORATED,-122.67127227783203,38.05157470703125
91254055,2020,2020-06-18,9350,2020-06-04,1240,016406,,4,1,9,2100,0,3,5,,2,004,"ALTA AVENUE","ORCHARD FIRE ROAD",0.00,,Y,A,-,N,,,,,,,,,,N,2,0,1,1,B,-,22,,,N,F,A,A,A,H,-,A,D,0,,Y,,,Y,,L,04,1,0,0,0,0,0,1,0,0,"- ","- ",37.863208770751953,-122.51177215576172,MARIN,UNINCORPORATED,-122.51177199999999,37.863208999999998
91256499,2020,2020-06-24,9350,2020-06-14,1340,022373,,7,1,9,2100,0,1,3,,1,052,SR-1,"BEAR VALLEY RD",485.00,N,N,A,-,Y,,,1,,,,,,,Y,2,0,2,3,A,-,03,22350,,N,C,C,A,A,H,-,A,D,0,,,Y,,Y,,C,02,1,1,0,0,0,0,0,0,2,"- ","- ",38.043308258056641,-122.78887939453125,MARIN,UNINCORPORATED,-122.78888702392578,38.043312072753906
91256716,2020,2020-06-24,9350,2020-05-25,1200,013918,,1,1,9,2100,0,3,5,,2,003,"SEMINARY DR","GILBERT DR",20.00,N,N,A,-,N,,,,,,,,,,N,2,0,2,2,A,-,02,22400,A,N,F,G,A,A,H,-,A,D,0,,Y,,,Y,,L,04,2,0,0,0,0,0,2,0,0,"- ","- ",37.886878967285156,-122.50843048095703,MARIN,UNINCORPORATED,-122.50837707519531,37.8868408203125
91260852,2020,2020-06-30,9350,2020-06-21,1215,021586,,7,1,4,2106,0,1,2,,1,080,"US-101 SB","ATHERTON AVE",1056.00,N,N,A,-,Y,,,101,,,,,,S,Y,2,0,3,1,C,-,18,,,N,E,I,A,A,H,-,A,D,0,,,,,Y,,-,"- ",2,0,1,0,0,0,0,0,0,"- ","- ",38.120361328125,-122.56562805175781,MARIN,NOVATO,-122.56569671630859,38.120349884033203
91262639,2020,2020-07-03,9350,2020-06-25,1936,022310,,4,2,9,2100,0,2,4,,1,044,"SIR FRANCIS DRAKE BLVD (7500 BLOCK)","LOWER PETERS DAM ROAD",528.00,E,N,A,-,Y,,,,,,,,,,Y,2,0,5,1,A,-,01,23152,A,N,E,I,A,A,H,-,A,D,0,,,,,Y,Y,A,01,3,1,1,0,0,0,0,0,0,"- ","- ",38.005039215087891,-122.70632934570312,MARIN,UNINCORPORATED,,
91270067,2020,2020-11-05,9350,2020-07-09,1951,021266,,4,2,9,2100,0,1,3,,2,022,SR-1,"SEASCAPE DR",0.00,,Y,A,-,Y,,,1,,,,,,,Y,2,0,1,2,A,-,09,21801,A,N,D,C,A,A,H,-,A,D,0,,,Y,,Y,,A,07,1,0,0,0,0,0,0,0,1,"- ","- ",37.863079071044922,-122.57760620117188,MARIN,UNINCORPORATED,-122.57759094238281,37.863101959228516
91273536,2020,2020-07-23,9350,2020-07-22,1335,021418,,3,1,5,2109,0,1,1,,1,015,"I-580 E/B FROM E. SIR FRANCIS DRAKE E/B","ANDERSEN DR",747.00,E,N,A,-,Y,,,580,,,,R,,E,N,2,0,1,1,A,-,03,22350,,N,F,A,A,A,H,-,A,D,0,,Y,,,Y,,L,04,1,0,0,0,0,0,1,0,0,"- ","- ",37.946048736572266,-122.49137878417969,MARIN,"SAN RAFAEL",-122.49137878417969,37.946048736572266
91291158,2020,2020-08-24,9350,2020-08-19,1420,021418,,3,2,9,2100,0,1,2,,2,020,"US-101 NB (GGB EAST SIDE WALK)","NORTH TOWER OF GGB",810.00,N,N,A,-,Y,,,101,,,,,,N,N,2,0,1,1,B,-,22,,,N,F,A,A,A,H,-,A,D,0,,Y,,,Y,,L,04,1,0,0,0,0,0,1,0,0,"- ","- ",37.828090667724609,-122.47940063476562,MARIN,UNINCORPORATED,-122.47969818115234,37.828060150146484
91309604,2020,2020-09-23,9350,2020-09-19,1025,016736,,6,1,9,2100,0,2,4,,1,016,"LUCAS VALLEY RD","LOMA ALTA FIRE ROAD",4224.00,W,N,A,-,N,,,,,,,,,,N,2,0,1,1,A,-,03,22350,,N,E,I,A,A,B,-,A,D,0,,Y,,,Y,,L,04,1,0,0,0,0,0,1,0,0,"- ","- ",38.044151306152344,-122.63455200195312,MARIN,UNINCORPORATED,,
91324681,2020,2020-11-12,9350,2020-09-17,1627,017978,,4,2,9,2100,0,1,2,,1,080,"US-101 N/B","RUSH LANDING ROAD",5333.00,N,N,A,-,Y,,,101,,,,,,N,Y,1,1,1,3,A,-,03,22350,,N,B,C,A,A,H,-,A,D,0,,,Y,,Y,,C,02,0,0,1,0,0,0,0,1,0,"- ","- ",38.137699127197266,-122.56395721435547,MARIN,UNINCORPORATED,-122.56392669677734,38.137702941894531
91326980,2020,2020-10-20,9350,2020-09-28,0906,015964,,1,1,9,2100,0,2,4,,1,046,"POINT REYES-PETALUMA ROAD","NOVATO BOULEVARD",4224.00,W,N,A,-,N,,,,,,,,,,Y,1,1,1,2,A,-,05,21460,A,N,A,C,A,A,H,-,A,D,0,,,,Y,Y,,A,01,1,0,0,0,0,0,0,0,0,"- ","- ",38.129711151123047,-122.71321868896484,MARIN,UNINCORPORATED,-122.71221160888672,38.132236480712891
91330025,2020,2020-10-23,9350,2020-10-12,0621,022373,,1,1,5,2109,0,1,2,,1,060,"US 101 SB","LINCOLN AVE UNDERCROSSING",880.00,N,N,A,-,Y,,,,,,,,,,Y,2,0,1,1,C,-,18,,,N,E,I,A,A,H,-,C,D,0,,,Y,,Y,,-,"- ",1,0,0,0,0,0,0,0,1,"- ","- ",37.990039825439453,-122.52876281738281,MARIN,"SAN RAFAEL",,
91332085,2020,2020-10-27,9350,2020-10-18,2340,021699,,7,3,5,2109,0,1,2,,1,060,"US-101 N/B TO MANUEL T FREITAS PKWY","MANUEL T FREITAS PKY O/C",530.00,S,N,A,-,Y,,,101,,,,R,,N,Y,2,0,1,1,A,-,01,23152,A,N,E,I,A,A,H,-,C,D,0,,,,,Y,Y,D,22,1,0,0,0,0,0,0,0,0,"- ","- ",38.005718231201172,-122.54010772705078,MARIN,"SAN RAFAEL",-122.54010772705078,38.005718231201172
91348463,2020,2020-11-19,9350,2020-11-12,1425,015964,,4,2,9,2100,0,2,4,,1,044,"SIR FRANCIS DRAKE BLVD. (W/B)","BAYWOOD CANYON RD.",1584.00,W,N,B,-,N,,,,,,,,,,Y,2,0,1,1,A,-,08,22107,,N,E,I,A,A,H,-,A,D,0,,,,,Y,,A,01,1,0,0,0,0,0,0,0,0,"- ","- ",38.004871368408203,-122.61427307128906,MARIN,UNINCORPORATED,-122.61451721191406,38.005657196044922
91385731,2021,2021-01-12,9350,2021-01-02,0615,022433,,6,1,9,2100,0,1,2,,2,070,"US-101 S/B","MILLER CREEK RD",2690.00,N,N,B,C,Y,,,101,,,,,,S,Y,2,0,1,1,A,-,03,22350,,N,E,I,A,B,H,-,D,D,0,,,,,Y,,A,01,1,0,0,0,0,0,0,0,0,"- ","- ",38.041000366210938,-122.53682708740234,MARIN,UNINCORPORATED,-122.53701782226562,38.041057586669922
91389075,2021,2021-01-18,9350,2021-01-08,1130,022556,,5,1,2,2110,0,1,2,,1,030,"US-101 S/B","SPENCER AVE",3590.00,N,N,A,-,Y,,,101,,,,,,S,Y,2,0,1,2,A,-,03,22350,,N,C,C,A,A,H,-,A,D,0,,,Y,,Y,,C,02,1,0,0,0,0,0,0,0,1,"- ","- ",37.859001159667969,-122.50034332275391,MARIN,SAUSALITO,-122.50037384033203,37.858970642089844
91395567,2021,2021-01-28,9350,2021-01-24,0317,022578,,7,3,5,2109,0,1,2,,1,060,"US-101 N/B","2ND STREET U/C",45.00,S,N,A,-,Y,,,,,,,,,,Y,2,0,3,1,A,-,03,22350,,N,E,I,A,A,H,-,C,D,0,,,,,Y,,A,01,1,2,0,0,0,0,0,0,0,"- ","- ",37.970390319824219,-121.52169799804688,MARIN,"SAN RAFAEL",-122.52171325683594,37.97039794921875
91428002,2021,2021-03-16,9350,2021-01-24,2141,022433,,7,2,5,2109,0,1,1,,1,015,"I-580 WESTBOUND","SIR FRANCIS DRAKE BOULEVARD OVERCROSSING",261.00,E,N,B,-,Y,,,580,,,,,,W,Y,1,1,2,5,A,-,01,23152,A,N,E,I,A,B,H,-,D,D,0,,,,Y,Y,Y,D,22,0,1,1,0,0,0,0,0,0,"- ","- ",37.946010589599609,-122.49064636230469,MARIN,"SAN RAFAEL",-122.49058532714844,37.946086883544922
91440034,2021,2021-03-31,9350,2021-03-25,0715,015765,,4,1,9,2100,0,1,2,,1,080,"US-101 S/B","SAN ANTONIO RD. OVERCROSSING",5000.00,N,N,A,-,Y,,,101,,,,,,S,Y,2,0,1,1,A,-,03,22350,,N,F,A,A,A,H,-,A,D,0,,,Y,,Y,,C,02,1,0,0,0,0,0,0,0,1,"- ","- ",38.171970367431641,-122.58807373046875,MARIN,UNINCORPORATED,-122.58805847167969,38.171981811523438
91454936,2021,2021-04-21,9350,2021-04-17,1140,022445,,6,1,9,2100,0,2,4,,1,014,"PANORAMIC HWY",SR-1,8184.00,E,N,A,-,N,,,,,,,,,,Y,2,0,1,1,A,-,03,22350,,N,F,J,A,A,H,-,A,D,0,,,Y,,Y,,C,02,1,0,0,0,0,0,0,0,1,"- ","- ",37.893840789794922,-122.62403869628906,MARIN,UNINCORPORATED,-122.62394714355469,37.893695831298828