CASE_ID,ACCIDENT_YEAR,PROC_DATE,JURIS,COLLISION_DATE,COLLISION_TIME,OFFICER_ID,REPORTING_DISTRICT,DAY_OF_WEEK,CHP_SHIFT,POPULATION,CNTY_CITY_LOC,SPECIAL_COND,BEAT_TYPE,CHP_BEAT_TYPE,CITY_DIVISION_LAPD,CHP_BEAT_CLASS,BEAT_NUMBER,PRIMARY_RD,SECONDARY_RD,DISTANCE,DIRECTION,INTERSECTION,WEATHER_1,WEATHER_2,STATE_HWY_IND,CALTRANS_COUNTY,CALTRANS_DISTRICT,STATE_ROUTE,ROUTE_SUFFIX,POSTMILE_PREFIX,POSTMILE,LOCATION_TYPE,RAMP_INTERSECTION,SIDE_OF_HWY,TOW_AWAY,COLLISION_SEVERITY,NUMBER_KILLED,NUMBER_INJURED,PARTY_COUNT,PRIMARY_COLL_FACTOR,PCF_CODE_OF_VIOL,PCF_VIOL_CATEGORY,PCF_VIOLATION,PCF_VIOL_SUBSECTION,HIT_AND_RUN,TYPE_OF_COLLISION,MVIW,PED_ACTION,ROAD_SURFACE,ROAD_COND_1,ROAD_COND_2,LIGHTING,CONTROL_DEVICE,CHP_ROAD_TYPE,PEDESTRIAN_ACCIDENT,BICYCLE_ACCIDENT,MOTORCYCLE_ACCIDENT,TRUCK_ACCIDENT,NOT_PRIVATE_PROPERTY,ALCOHOL_INVOLVED,STWD_VEHTYPE_AT_FAULT,CHP_VEHTYPE_AT_FAULT,COUNT_SEVERE_INJ,COUNT_VISIBLE_INJ,COUNT_COMPLAINT_PAIN,COUNT_PED_KILLED,COUNT_PED_INJURED,COUNT_BICYCLIST_KILLED,COUNT_BICYCLIST_INJURED,COUNT_MC_KILLED,COUNT_MC_INJURED,PRIMARY_RAMP,SECONDARY_RAMP,LATITUDE,LONGITUDE,COUNTY,CITY,POINT_X,POINT_Y
91463399,2021,2021-04-30,9350,2021-04-19,1620,022411,,1,2,9,2100,0,1,2,,2,040,"US-101 N/B TO SR-131",SR-131,522.00,S,N,A,-,Y,,,101,,,,R,,N,Y,2,0,1,2,A,-,08,22107,,N,E,I,A,A,H,-,A,D,0,,Y,,,Y,,A,01,1,0,0,0,0,0,1,0,0,"- ","- ",37.901378631591797,-122.51524353027344,MARIN,UNINCORPORATED,-122.51524353027344,37.901378631591797
91492904,2021,2021-06-09,9350,2021-06-06,1425,022441,,7,2,9,2100,0,1,3,,2,022,SR-1,"PANORAMIC HWY",1320.00,S,N,A,-,Y,,,1,,,,,,,Y,2,0,1,1,A,-,03,22350,,N,F,A,A,A,H,-,A,D,0,,,Y,,Y,,C,02,1,0,0,0,0,0,0,0,1,"- ","- ",37.893150329589844,-122.63449096679688,MARIN,UNINCORPORATED,-122.63449096679688,37.893165588378906
91515864,2021,2021-07-08,9350,2021-06-05,1210,022300,,6,1,9,2100,0,2,4,,1,046,"PT. REYES PETALUMA RD.","NOVATO BLVD",0.00,,Y,A,-,N,,,,,,,,,,Y,2,0,3,3,A,-,08,22107,,N,D,G,A,A,H,-,A,D,0,,Y,Y,,Y,,L,04,1,2,0,0,0,0,2,0,1,"- ","- ",38.142601013183594,-122.70568084716797,MARIN,UNINCORPORATED,-122.70568084716797,38.142559051513672
91517063,2021,2021-07-09,9350,2021-07-03,1130,022388,,6,1,9,2100,0,3,5,,2,003,"EAST STRAWBERRY DRIVE","TIBURON BLVD.",44.00,S,N,A,-,N,,,,,,,,,,N,2,0,1,2,A,-,05,21651,B,N,D,G,A,A,H,-,A,D,0,,Y,,,Y,,L,04,1,0,0,0,0,0,1,0,0,"- ","- ",37.898929595947266,-122.50476837158203,MARIN,UNINCORPORATED,-122.50467681884766,37.898960113525391
91542217,2021,2021-08-11,9350,2021-07-26,0707,013918,,1,1,9,2100,0,1,3,,1,012,"RT 1","PANORAMIC HWY",1000.00,S,N,B,-,Y,,,1,,,,,,,Y,2,0,1,1,A,-,08,22107,,N,F,I,A,B,B,-,A,D,0,,,,,Y,,A,01,1,0,0,0,0,0,0,0,0,"- ","- ",37.886428833007812,-122.55113220214844,MARIN,UNINCORPORATED,-122.55160522460938,37.886272430419922
9157159,2020,2021-01-21,2109,2020-09-13,1945,635,13,7,5,5,2109,0,0,0,,0,002,"LINCOLN AV","WILSON CT",60.00,S,N,A,-,N,,,,,,,,,,Y,2,0,1,3,C,-,18,,,N,C,E,A,A,H,-,C,D,0,,,,,Y,,-,"- ",1,0,0,0,0,0,0,0,0,"- ","- ",37.986351013183594,-122.52661895751953,MARIN,"SAN RAFAEL",-122.52639007568359,37.986553192138672
91573716,2021,2021-09-20,9350,2021-09-12,1100,022643,,7,1,9,2100,0,2,4,,2,025,"NORTH SAN PEDRO RD.","PEACOCK GAP TRAIL",60.00,W,N,A,-,N,,,,,,,,,,N,2,0,1,2,A,-,09,21801,A,N,H,A,A,A,H,-,A,D,0,,Y,,,Y,,A,01,1,0,0,0,0,0,1,0,0,"- ","- ",38.003238677978516,-122.46717071533203,MARIN,UNINCORPORATED,,
91575155,2021,2021-09-21,9350,2021-09-11,1558,022577,,6,2,9,2100,0,2,4,,1,044,"SIR FRANCIS DRAKE BLVD EASTBOUND","AREQUIPA FIRE ROAD",472.00,E,N,A,-,N,,,,,,,,,,N,2,0,1,1,A,-,03,22350,,N,F,A,A,A,H,-,A,D,0,,Y,,,Y,,L,04,1,0,0,0,0,0,1,0,0,"- ","- ",38.003078460693359,-122.61380767822266,MARIN,UNINCORPORATED,,
91596399,2021,2021-10-14,9350,2021-10-02,2006,022577,,6,2,9,2100,0,1,2,,2,040,"US-101 SOUTHBOUND","STRAWBERRY PEDESTRIAN OVERCROSSING",930.00,N,N,A,-,Y,,,101,,,,,,S,Y,2,0,8,2,A,-,01,23152,A,N,C,C,A,A,H,-,C,D,0,,,,,Y,Y,A,01,3,5,0,0,0,0,0,0,0,"- ","- ",37.891510009765625,-122.51670074462891,MARIN,UNINCORPORATED,-122.51670837402344,37.891510009765625
91597802,2021,2021-10-15,9350,2021-10-08,0133,022623,,5,3,9,2100,0,1,2,,1,080,"US-101 N/B","ATHERTON AVENUE",6125.00,N,N,A,-,Y,,,101,,,,,,N,Y,2,0,2,1,A,-,08,22107,,N,E,I,A,A,H,-,D,D,0,,,,,Y,,A,07,1,1,0,0,0,0,0,0,0,"- ","- ",38.13433837890625,-122.56356811523438,MARIN,UNINCORPORATED,-122.56369781494141,38.134330749511719
91623013,2021,2021-11-12,9350,2021-11-06,0019,021686,,6,3,9,2100,0,2,4,,2,024,"SIR FRANCIS DRAKE BOULEVARD WESTBOUND","ASH AVENUE",8.00,E,N,A,-,N,,,,,,,,,,Y,2,0,1,1,A,-,08,22107,,N,E,I,A,A,H,-,C,D,0,,,,,Y,,A,01,1,0,0,0,0,0,0,0,0,"- ","- ",37.954311370849609,-122.54575347900391,MARIN,UNINCORPORATED,-122.57437896728516,37.985496520996094
91630665,2021,2021-11-19,9350,2021-11-07,1555,022532,,7,2,9,2100,0,1,3,,1,012,SR-1,"FLAMINGO RD",150.00,N,N,A,-,Y,,,1,,,,,,,N,2,0,1,1,A,-,03,22350,,N,F,A,A,A,B,-,A,D,0,,,Y,,Y,,C,02,1,0,0,0,0,0,0,0,1,"- ","- ",37.880699157714844,-122.52686309814453,MARIN,UNINCORPORATED,-122.52690124511719,37.880733489990234
91635918,2021,2022-03-23,9350,2021-11-24,1245,015765,,3,1,9,2100,0,1,2,,1,080,"US-101 N/B","AIRPORT RD.",2628.00,N,N,A,-,Y,,,101,,,,,,N,Y,2,0,1,2,A,-,03,22350,,N,C,C,A,A,H,-,A,D,0,,,Y,,Y,,C,02,1,0,0,0,0,0,0,0,1,"- ","- ",38.148139953613281,-122.56556701660156,MARIN,UNINCORPORATED,-122.56562805175781,38.148120880126953
91657417,2021,2021-12-21,9350,2021-12-07,2355,022107,,2,3,9,2100,0,2,4,,1,016,"LUCAS VALLEY ROAD","CAMINO MARGARITA",3168.00,E,N,A,-,N,,,,,,,,,,Y,2,0,1,1,A,-,03,22350,,N,F,A,A,B,H,-,C,D,0,,,,,Y,,A,01,1,0,0,0,0,0,0,0,0,"- ","- ",38.043678283691406,-122.63504791259766,MARIN,UNINCORPORATED,-122.63607788085938,38.042964935302734
91709652,2022,2022-02-25,9350,2022-02-20,1600,022606,,7,2,9,2100,0,3,5,,2,006,"MARSHALL-PETALUMA RD.",SR-1,19536.00,E,N,A,G,N,,,,,,,,,,N,2,0,1,1,A,-,08,22107,,N,F,A,A,A,H,-,A,D,0,,,Y,,Y,,C,02,1,0,0,0,0,0,0,0,1,"- ","- ",38.148319244384766,-122.83557891845703,MARIN,UNINCORPORATED,-122.835205078125,38.148464202880859
91713118,2022,2022-03-02,9350,2022-02-25,1030,022633,,5,1,9,2100,0,3,5,,2,003,"REDWOOD HIGHWAY FRONTAGE RD.","DE SILVA ISLAND DR.",500.00,S,N,A,-,N,,,,,,,,,,N,2,0,1,1,C,-,18,,,N,F,A,A,A,B,-,A,D,0,,Y,,,Y,,-,"- ",1,0,0,0,0,0,1,0,0,"- ","- ",37.887260437011719,-122.51627349853516,MARIN,UNINCORPORATED,-122.51628112792969,37.887252807617188
91715952,2022,2022-03-07,9350,2022-02-26,1200,022441,,6,1,9,2100,0,2,4,,1,046,"POINT REYES-PETALUMA ROAD","TELEPHONE ROAD",528.00,W,N,A,-,N,,,,,,,,,,Y,2,0,4,2,A,-,08,22107,,N,D,C,A,A,H,-,A,D,0,,,,,Y,,D,22,2,2,0,0,0,0,0,0,0,"- ","- ",38.092330932617188,-122.74476623535156,MARIN,UNINCORPORATED,-122.74471282958984,38.092330932617188
91720623,2022,2022-03-11,9350,2022-02-27,0920,022633,,7,1,9,2100,0,1,3,,1,052,SR-1,"SIR FRANCIS DRAKE BLVD.",1584.00,S,N,A,-,Y,MRN,,1,,,28.187,H,,R,N,2,0,1,1,A,-,08,22107,,N,F,I,A,A,H,-,A,D,0,,,Y,,Y,,C,02,1,0,0,0,0,0,0,0,1,"- ","- ",38.060661315917969,-122.80216979980469,MARIN,UNINCORPORATED,-122.80217742919922,38.060653686523438
91746447,2022,2022-04-12,9350,2022-04-02,2500,022606,,6,4,9,2100,0,1,3,,1,052,SR-1,"18400 SR-1",780.00,S,N,A,-,Y,MRN,,1,,,36.071,H,,R,Y,2,0,1,1,A,-,08,22107,,N,E,A,A,A,H,-,D,D,0,,,,,Y,,A,01,1,0,0,0,0,0,0,0,0,"- ","- ",38.138809204101562,-122.87155151367188,MARIN,UNINCORPORATED,-122.87157440185547,38.138813018798828
91748851,2022,2022-04-15,9350,2022-04-06,1405,021520,,3,2,9,2100,0,1,3,,1,052,SR-1,"WILLOW WAY",4752.00,S,N,A,-,Y,MRN,,1,,,43.310,H,,R,Y,2,0,1,1,A,-,08,22107,,N,F,A,A,A,H,-,A,D,0,,,Y,,Y,,C,02,1,0,0,0,0,0,0,0,1,"- ","- ",38.219039916992188,-122.92299652099609,MARIN,UNINCORPORATED,-122.92298126220703,38.219039916992188
91756856,2022,2022-04-26,9350,2022-04-10,0115,022614,,7,3,9,2100,0,1,1,,1,015,"I-580 W/B","MARIN/CONTRA COSTA COUNTY LINE",460.00,W,N,A,-,Y,MRN,,580,,,0.407,H,,L,Y,2,0,2,2,A,-,05,21651,B,N,A,C,A,A,H,-,A,D,0,,,,,Y,,D,22,2,0,0,0,0,0,0,0,0,"- ","- ",37.934879302978516,-122.44126129150391,MARIN,UNINCORPORATED,-122.44126129150391,37.93487548828125
91763701,2022,2022-05-26,9350,2022-04-29,2040,022441,,5,2,4,2106,0,1,2,,2,070,"US-101 N/B","NAVE DRIVE",3696.00,S,N,A,-,Y,MRN,,101,,,15.854,H,,R,Y,2,0,1,2,A,-,01,23152,A,N,B,C,A,A,H,-,D,D,0,,,Y,,Y,Y,C,02,1,0,0,0,0,0,0,0,1,"- ","- ",38.037609100341797,-122.53633117675781,MARIN,NOVATO,-122.53635406494141,38.037609100341797
91775323,2022,2022-05-18,9350,2022-02-19,2235,021696,,6,3,9,2100,0,2,4,,2,024,"NOVATO BOULEVARD","NOVATO CREEK ROAD",2218.00,E,N,A,-,N,,,,,,,,,,Y,1,1,3,1,A,-,08,22107,,N,E,I,A,A,H,-,D,D,0,,,,,Y,,A,07,2,1,0,0,0,0,0,0,0,"- ","- ",38.122180938720703,-122.62808990478516,MARIN,UNINCORPORATED,-122.57325744628906,38.103168487548828
91775375,2022,2022-05-18,9350,2022-03-16,1801,021418,,3,2,9,2100,0,2,4,,1,016,"LUCAS VALLEY ROAD","NICASIO VALLEY ROAD",16949.00,E,N,A,-,N,,,,,,,,,,N,1,1,0,1,A,-,01,23152,A,N,E,I,A,A,H,-,A,D,0,,,Y,,Y,,C,02,0,0,0,0,0,0,0,1,0,"- ","- ",38.053848266601562,-122.6492919921875,MARIN,UNINCORPORATED,-122.64378356933594,38.049468994140625
91780560,2022,2022-05-25,9350,2022-04-09,1046,022532,,6,1,9,2100,0,2,4,,1,046,"POINT-REYES PETALUMA ROAD","HICKS VALLEY ROAD",3168.00,N,N,A,-,N,,,,,,,,,,Y,1,1,0,1,A,-,16,24002,A,N,H,A,A,A,H,-,A,D,0,,,Y,,Y,,C,02,0,0,0,0,0,0,0,1,0,"- ","- ",38.158840179443359,-122.69210052490234,MARIN,UNINCORPORATED,-122.69609069824219,38.1558837890625
91780654,2022,2022-05-25,9350,2022-05-17,1400,021696,,2,2,9,2100,0,2,4,,2,026,"NOVATO BLVD","POINT REYES PETALUMA ROAD",11880.00,E,N,A,-,N,,,,,,,,,,Y,2,0,1,1,A,-,08,22107,,N,E,I,A,A,H,-,A,D,0,,,Y,,Y,,C,02,1,0,0,0,0,0,0,0,1,"- ","- ",38.125541687011719,-122.67243957519531,MARIN,UNINCORPORATED,-122.67240905761719,38.125461578369141
91781545,2022,2022-05-26,9350,2022-05-07,0610,022532,,6,1,9,2100,0,2,4,,1,044,"SIR FRANCIS DRAKE BLVD","PLATFORM BRIDGE RD",1056.00,E,N,B,-,N,,,,,,,,,,Y,2,0,1,1,A,-,01,23152,A,N,E,I,A,A,H,-,B,D,0,,,,,Y,Y,A,01,1,0,0,0,0,0,0,0,0,"- ","- ",38.0489501953125,-122.75547027587891,MARIN,UNINCORPORATED,-122.75550079345703,38.048961639404297
91796134,2022,2022-06-15,9350,2022-06-12,1425,022623,,7,2,9,2100,0,1,3,,1,012,SR-1,"SEACAPE DR",900.00,N,N,B,-,Y,MRN,,1,,,6.557,H,,R,Y,2,0,1,1,A,-,08,22107,,N,H,A,A,A,H,-,A,D,0,,,,,Y,,A,01,1,0,0,0,0,0,0,0,0,"- ","- ",37.864479064941406,-122.57993316650391,MARIN,UNINCORPORATED,-122.57987213134766,37.864383697509766
91803307,2022,2022-06-27,9350,2022-06-10,1350,022656,,5,1,4,2106,0,1,2,,1,080,"US-101 NB","DE LONG AVE",24.00,N,N,A,-,Y,MRN,,101,,R,21.128,H,,R,Y,2,0,4,3,A,-,03,22350,,N,C,C,A,A,H,-,A,D,0,,,,,Y,,A,01,1,1,2,0,0,0,0,0,0,"- ","- ",38.105239868164062,-122.56224822998047,MARIN,NOVATO,-122.56217193603516,38.105258941650391
91810606,2022,2022-07-05,9350,2022-06-19,0315,022574,,7,3,4,2106,0,2,4,,2,017,"ATHERTON AVE.","BAY TREE HOLLOW",211.00,E,N,A,-,N,,,,,,,,,,Y,2,0,1,1,A,-,01,23152,A,N,E,I,A,A,H,-,D,D,0,,,,,Y,Y,D,22,1,0,0,0,0,0,0,0,0,"- ","- ",38.116920471191406,-122.55915832519531,MARIN,NOVATO,-122.55931091308594,38.116825103759766
91817806,2022,2022-07-15,9350,2022-07-04,1832,022577,,1,2,9,2100,0,1,3,,2,022,"PANORAMIC HWY","PANORAMIC HIGHWAY MRN 4.22",4224.00,E,N,A,-,N,,,,,,,,,,N,2,0,1,1,A,-,03,22350,,N,E,I,A,A,H,-,A,D,0,,,Y,,Y,,C,02,1,0,0,0,0,0,0,0,1,"- ","- ",37.91046142578125,-122.59420013427734,MARIN,UNINCORPORATED,,
91818685,2022,2022-07-18,9350,2022-07-05,2034,022514,,2,2,2,2110,0,1,2,,2,020,"US-101 NB","SPENCER AVE",1056.00,S,N,E,-,Y,MRN,,101,,,1.498,H,,R,N,2,0,1,1,A,-,08,22107,,N,E,I,A,A,H,-,A,D,0,,,,,Y,,A,01,1,0,0,0,0,0,0,0,0,"- ","- ",37.851028442382812,-122.49012756347656,MARIN,SAUSALITO,-122.49006652832031,37.851058959960938
91837022,2022,2022-08-10,9350,2022-07-29,0500,021615,,5,3,9,2100,0,3,5,,2,006,"NICASIO VALLEY RD","NICASIO CREEK RD",407.00,N,N,A,-,N,,,,,,,,,,Y,2,0,1,1,A,-,01,23152,A,N,E,J,A,A,H,-,D,D,0,,,,,Y,Y,A,01,1,0,0,0,0,0,0,0,0,"- ","- ",38.061248779296875,-122.69774627685547,MARIN,UNINCORPORATED,-122.69781494140625,38.061058044433594
91869723,2022,2022-09-21,9350,2022-09-13,0658,013918,,2,1,2,2110,0,1,2,,1,030,"US101 N/B TO RODEO AVE","RODEO AVE",70.00,N,N,B,-,Y,,,,,,,,,,N,2,0,2,1,A,-,08,22107,,N,F,I,A,A,H,-,A,D,0,,,,,Y,,A,01,1,0,1,0,0,0,0,0,0,"- ","- ",37.860618591308594,-122.50084686279297,MARIN,SAUSALITO,-122.50084686279297,37.860618591308594
91879102,2022,2022-09-30,9350,2022-06-14,2115,020979,,2,2,9,2100,0,3,5,,2,006,"RUBICON COURT","IDYLBERRY ROAD",163.00,S,N,A,-,N,,,,,,,,,,N,1,1,0,2,A,-,01,23152,A,N,G,B,E,A,H,-,D,D,0,Y,,,,Y,Y,A,07,0,0,0,1,0,0,0,0,0,"- ","- ",38.035388946533203,-122.58329772949219,MARIN,UNINCORPORATED,-122.58318328857422,38.035675048828125
91882253,2022,2022-10-04,9350,2022-09-24,1210,022020,,6,1,9,2100,0,1,3,,2,022,"SR-1 (SHORELINE HIGHWAY)","PACIFIC WAY",3907.00,S,N,A,-,Y,MRN,,1,,,4.971,H,,R,N,2,0,2,2,A,-,05,21460,A,N,A,C,A,A,H,-,A,D,0,,,Y,,Y,,C,02,1,0,1,0,0,0,0,0,1,"- ","- ",37.867778778076172,-122.56485748291016,MARIN,UNINCORPORATED,-122.56484222412109,37.867778778076172
91954106,2022,2022-12-28,9350,2022-12-18,0740,016533,,7,1,4,2106,0,1,2,,2,070,"US-101 N/B","IGNACIO BLVD OVER CROSSING",2125.00,S,N,A,-,Y,MRN,,101,,,17.586,H,,R,Y,2,0,2,1,A,-,01,23152,A,N,E,I,A,A,H,-,A,D,0,,,,,Y,Y,A,01,2,0,0,0,0,0,0,0,0,"- ","- ",38.061279296875,-122.53276824951172,MARIN,NOVATO,-122.53282928466797,38.061244964599609
91973028,2022,2023-01-20,9350,2022-12-10,1307,015964,,6,1,9,2100,0,2,4,,1,046,"POINT REYES-PETALUMA ROAD","HICKS VALLEY ROAD",874.00,N,N,B,-,N,,,,,,,,,,Y,1,1,1,2,A,-,03,22350,,N,A,C,A,B,H,-,A,D,0,,,,,Y,,A,01,1,0,0,0,0,0,0,0,0,"- ","- ",38.151508331298828,-122.70153045654297,MARIN,UNINCORPORATED,-122.70153045654297,38.151298522949219
91984438,2023,2023-02-01,9350,2023-01-26,"715 ",021740,,4,1,5,2109,0,1,2,,2,050,"US-101 N/B TO BELLAM BOULEVARD","I-580 OVERCROSSING",220.00,S,N,A,-,Y,,,,,,,,,,Y,2,0,1,1,C,-,18,,,N,E,I,A,A,H,-,A,D,0,,,,,Y,,-,"- ",1,0,0,0,0,0,0,0,0,"- ","- ",37.961288452148438,-122.50926208496094,MARIN,"SAN RAFAEL",-122.50926208496094,37.961288452148438
91986358,2022,2023-02-03,9350,2022-10-23,1245,022433,,7,1,9,2100,0,2,4,,1,014,"PANORAMIC HWY","PANTOLL ROAD",5650.00,W,N,A,-,N,,,,,,,,,,N,2,0,2,3,A,-,03,22350,,N,C,G,A,A,H,-,A,D,0,,Y,,,Y,,A,07,1,1,0,0,0,0,2,0,0,"- ","- ",37.910511016845703,-122.59420013427734,MARIN,UNINCORPORATED,-122.61273956298828,37.898769378662109
91990030,2023,2023-02-08,9350,2023-02-07,1435,021488,,2,2,9,2100,0,2,4,,2,024,"SIR FRANCIS DRAKE BLVD","ASH AVE",210.00,E,N,A,-,N,,,,,,,,,,Y,2,0,1,1,A,-,08,22107,,N,E,I,A,A,H,-,A,D,0,,,,,Y,,A,01,1,0,0,0,0,0,0,0,0,"- ","- ",37.953910827636719,-122.54528045654297,MARIN,UNINCORPORATED,-122.57380676269531,37.985176086425781
91998865,2023,2023-02-21,9350,2023-02-13,"740 ",021629,,1,1,9,2100,0,1,2,,2,031,"DANA BOWERS REST AREA TO US-101 N/B","ALEXANDER AVE",1296.00,S,N,B,-,Y,,,,,,,,,,N,2,0,1,1,A,-,03,22350,,N,F,A,A,B,H,-,A,D,0,,Y,,,Y,,L,04,1,0,0,0,0,0,1,0,0,"- ","- ",37.833309173583984,-122.48088836669922,MARIN,UNINCORPORATED,,
92011501,2023,2023-03-07,9350,2023-02-19,1410,022917,,7,2,9,2100,0,3,5,,2,006,"MARSHALL PETALUMA RD",SR-1,2006.00,E,N,A,-,N,,,,,,,,,,Y,2,0,1,1,A,-,08,22107,,N,F,A,A,A,H,-,A,D,0,,,Y,,Y,,C,02,1,0,0,0,0,0,0,0,1,"- ","- ",38.162860870361328,-122.81201934814453,MARIN,UNINCORPORATED,-122.88629913330078,38.162406921386719
92052459,2023,2023-04-25,9350,2023-01-21,"658 ",022108,,6,1,9,2100,0,3,5,,2,005,"POINT SAN PEDRO RD W/B","BAYVIEW DR",18.00,W,N,A,-,N,,,,,,,,,,Y,1,1,0,1,A,-,01,23152,A,N,E,8,A,A,H,-,B,D,0,,,,,Y,Y,A,01,0,0,0,0,0,0,0,0,0,"- ","- ",37.975490570068359,-122.48130798339844,MARIN,UNINCORPORATED,-122.48149108886719,37.975421905517578
9207448,2020,2021-02-11,2109,2020-12-28,1730,648,0,1,5,5,2109,0,0,0,,0,003,"KERNER BL","CANAL ST",180.00,S,N,A,-,N,,,,,,,,,,N,2,0,1,2,A,-,11,21955,,N,G,B,D,A,H,-,A,D,0,Y,,,,Y,,N,60,1,0,0,0,1,0,0,0,0,"- ","- ",37.947360992431641,-122.53603363037109,MARIN,"SAN RAFAEL",-122.49972534179688,37.967536926269531
92087075,2023,2023-06-06,9350,2023-05-28,1200,022532,,7,1,9,2100,0,1,3,,1,052,SR-1,"WILLOW RD",8448.00,S,N,B,C,Y,MRN,,1," "," ",42.655,H,,R,N,2,0,1,1,A,-,03,22350,,N,F,A,A,B,H,-,A,D,0,,,Y,,Y,,-,"- ",1,0,0,0,0,0,0,0,1,"- ","- ",38.210609436035156,-122.92395782470703,MARIN,UNINCORPORATED,-122.92396545410156,38.210613250732422
92111862,2023,2023-07-07,9350,2023-06-30,1042,022514,,5,1,2,2110,0,1,2,,1,030,"US-101 NB TO RODEO AVENUE","WOLFBACK RIDGE RD",4593.00,N,N,A,-,Y,MRN,,101," "," ",2.470,H,,R,Y,2,0,1,1,A,-,08,22107,,M,E,J,A,A,H,-,A,D,0,,,,,Y,,A,01,1,0,0,0,0,0,0,0,0,"- ","- ",37.860118865966797,-122.5009765625,MARIN,SAUSALITO,-122.50117492675781,37.859954833984375
92111955,2023,2023-07-07,9350,2023-06-24,1131,021740,,6,1,2,2102,0,1,2,,2,050,"US-101 N/B","TAMALPAIS DR",990.00,S,N,A,-,Y,MRN,,101," "," ",7.169,H,,R,Y,2,0,3,1,A,-,01,23152,A,N,E,I,A,A,H,-,A,D,0,,,,,Y,Y,A,01,1,2,0,0,0,0,0,0,0,"- ","- ",37.923431396484375,-122.51300048828125,MARIN,"CORTE MADERA",-122.51313018798828,37.923385620117188
92115709,2023,2023-07-13,9350,2023-07-07,"358 ",022643,,5,3,5,2109,0,1,2,,1,060,"US-101 N/B","MANUEL T FREITAS PKY",1983.00,N,N,A,-,Y,MRN,,101," "," ",14.095,H,,R,Y,2,0,2,1,A,-,01,23152,A,N,E,I,A,A,H,-,C,D,0,,,,,Y,Y,A,01,1,1,0,0,0,0,0,0,0,"- ","- ",38.012588500976562,-122.54180145263672,MARIN,"SAN RAFAEL",-122.54190826416016,38.012588500976562
92136388,2023,2023-08-04,9350,2023-07-22,1355,022468,,6,1,9,2100,0,1,3,,1,052,SR-1,"CYPRESS RD",1954.00,N,N,A,-,Y,MRN,,1," "," ",30.625,H,,R,Y,2,0,2,2,A,-,05,21460,A,N,F,A,A,A,H,-,A,D,0,,,Y,,Y,,C,02,1,0,1,0,0,0,0,0,1,"- ","- ",38.088218688964844,-122.81291198730469,MARIN,UNINCORPORATED,-122.81289672851562,38.088222503662109
92136395,2023,2023-08-04,9350,2023-07-23,1810,022468,,7,2,9,2100,0,1,3,,1,052,SR-1,"GRANDI CANYON ROAD",1478.00,S,N,A,-,Y,MRN,,1," "," ",31.329,H,,R,Y,2,0,2,1,A,-,03,22350,,N,F,A,A,A,H,-,A,D,0,,,,,Y,,A,01,1,0,1,0,0,0,0,0,0,"- ","- ",38.090518951416016,-122.82209777832031,MARIN,UNINCORPORATED,-122.82212829589844,38.090541839599609
92174607,2023,2023-09-20,9360,2023-09-07,"900 ",019083,,4,1,9,2100,0,3,5,,2,007,"DILLON BEACH RD","VALLEY FORD FRANKLIN SCHOOL RD",1400.00,E,N,E,-,N,,,,,,,,,,Y,2,0,1,1,A,-,03,22350,,N,F,A,A,B,H,-,A,D,0,,,Y,,Y,,C,02,1,0,0,0,0,0,0,0,1,"- ","- ",38.244880676269531,-122.94265747070312,MARIN,UNINCORPORATED,-122.94273376464844,38.248680114746094
92277754,2023,2024-01-03,9350,2023-12-16,1750,023526,,6,2,9,2100,0,3,5,,2,006,"MARSHALL PETALUMA RD","RT 1",6336.00,E,N,B,-,N,,,,,,,,,,Y,2,0,1,1,A,-,01,23152,A,N,E,I,A,A,H,-,D,D,0,,,,,Y,Y,A,07,1,0,0,0,0,0,0,0,0,"- ","- ",38.162288665771484,-122.87236785888672,MARIN,UNINCORPORATED,-122.87184143066406,38.162246704101562
92282635,2023,2024-01-09,9350,2023-12-22,1145,023551,,5,1,9,2100,0,2,4,,2,025,"NORTH SAN PEDRO ROAD","MEADOW DR",500.00,S,N,A,-,N,,,,,,,,,,N,2,0,1,2,A,-,10,21950,C,N,G,B,D,A,H,-,A,D,0,Y,,,,Y,,A,07,1,0,0,0,1,0,0,0,0,"- ","- ",38.005931854248047,-122.51909637451172,MARIN,UNINCORPORATED,-122.51992797851562,38.004894256591797
92284769,2024,2024-01-11,9350,2024-01-06,"115 ",023086,,6,3,5,2109,0,1,2,,2,070,"US-101 S/B TO LUCAS VALLEY RD","LUCAS VALLEY RD",163.00,S,N,A,-,Y,MRN,,101," "," ",14.679,H,,L,Y,2,0,1,1,A,-,03,22350,,N,E,I,A,A,H,-,D,D,0,,,Y,,Y,,C,02,1,0,0,0,0,0,0,0,1,"- ","- ",38.020950317382812,-122.53971099853516,MARIN,"SAN RAFAEL",-122.53945159912109,38.020889282226562