CASE_ID,ACCIDENT_YEAR,PROC_DATE,JURIS,COLLISION_DATE,COLLISION_TIME,OFFICER_ID,REPORTING_DISTRICT,DAY_OF_WEEK,CHP_SHIFT,POPULATION,CNTY_CITY_LOC,SPECIAL_COND,BEAT_TYPE,CHP_BEAT_TYPE,CITY_DIVISION_LAPD,CHP_BEAT_CLASS,BEAT_NUMBER,PRIMARY_RD,SECONDARY_RD,DISTANCE,DIRECTION,INTERSECTION,WEATHER_1,WEATHER_2,STATE_HWY_IND,CALTRANS_COUNTY,CALTRANS_DISTRICT,STATE_ROUTE,ROUTE_SUFFIX,POSTMILE_PREFIX,POSTMILE,LOCATION_TYPE,RAMP_INTERSECTION,SIDE_OF_HWY,TOW_AWAY,COLLISION_SEVERITY,NUMBER_KILLED,NUMBER_INJURED,PARTY_COUNT,PRIMARY_COLL_FACTOR,PCF_CODE_OF_VIOL,PCF_VIOL_CATEGORY,PCF_VIOLATION,PCF_VIOL_SUBSECTION,HIT_AND_RUN,TYPE_OF_COLLISION,MVIW,PED_ACTION,ROAD_SURFACE,ROAD_COND_1,ROAD_COND_2,LIGHTING,CONTROL_DEVICE,CHP_ROAD_TYPE,PEDESTRIAN_ACCIDENT,BICYCLE_ACCIDENT,MOTORCYCLE_ACCIDENT,TRUCK_ACCIDENT,NOT_PRIVATE_PROPERTY,ALCOHOL_INVOLVED,STWD_VEHTYPE_AT_FAULT,CHP_VEHTYPE_AT_FAULT,COUNT_SEVERE_INJ,COUNT_VISIBLE_INJ,COUNT_COMPLAINT_PAIN,COUNT_PED_KILLED,COUNT_PED_INJURED,COUNT_BICYCLIST_KILLED,COUNT_BICYCLIST_INJURED,COUNT_MC_KILLED,COUNT_MC_INJURED,PRIMARY_RAMP,SECONDARY_RAMP,LATITUDE,LONGITUDE,COUNTY,CITY,POINT_X,POINT_Y
92285288,2024,2024-01-11,9350,2024-01-04,1408,021418,,4,2,9,2100,0,2,4,,1,044,"SIR FRANCIS DRAKE BLVD","LAGUNITAS ROAD",4224.00,W,N,A,-,N,,,,,,,,,,N,2,0,1,2,A,-,08,22107,,F,B,G,A,A,H,-,A,D,0,,Y,,,Y,,-,99,1,0,0,0,0,0,1,0,0,"- ","- ",38.015159606933594,-122.71907043457031,MARIN,UNINCORPORATED,-122.70237731933594,38.011390686035156
92289065,2024,2024-01-17,9350,2024-01-07,1010,023526,,7,1,9,2100,0,2,4,,1,046,"SR-1 (SHORELINE HIGHWAY)","SR-1 MILE POST MARKER 31.60",105.00,N,N,A,-,Y,MRN,,1," "," ",31.557,H,,R,N,2,0,1,1,A,-,03,22350,,N,F,A,A,A,H,-,A,D,0,,,Y,,Y,,C,02,1,0,0,0,0,0,0,0,1,"- ","- ",38.092140197753906,-122.82559967041016,MARIN,UNINCORPORATED,-122.82559204101562,38.092140197753906
92339507,2024,2024-03-15,9350,2024-03-13,"250 ",017691,,3,3,4,2106,0,1,2,,1,080,"U.S. 101 S/B","U.S. 101 S/B TO SR-37 E/B O/C",67.00,N,N,A,-,Y,MRN,,101," "," ",18.916,H,,L,Y,2,0,1,1,A,-,08,22107,,M,E,8,A,A,H,-,D,D,0,,,,,Y,,D,22,1,0,0,0,0,0,0,0,0,"- ","- ",38.077911376953125,-122.54438018798828,MARIN,NOVATO,-122.54427337646484,38.077976226806641
92348685,2024,2024-03-27,9350,2024-03-14,1315,017978,,4,1,4,2106,0,1,2,,2,070,"US-101 N/B","NAVE DRIVE OVERCROSSING",996.00,N,N,A,-,Y,MRN,,101," "," ",16.835,H,,R,Y,2,0,3,2,A,-,03,22350,,N,C,C,A,A,H,-,A,D,0,,,,,Y,,A,01,1,1,1,0,0,0,0,0,0,"- ","- ",38.050800323486328,-122.53115844726562,MARIN,NOVATO,-122.53117370605469,38.050800323486328
9237843,2021,2021-04-12,2109,2021-02-21,0043,659,39,7,5,5,2109,0,0,0,,0,003,"WOODLAND AV","DU BOIS ST",234.00,S,N,A,-,N,,,,,,,,,,N,2,0,1,1,A,-,01,23153,F,F,E,I,A,A,H,-,C,D,0,,,,,Y,Y,A,71,1,0,0,0,0,0,0,0,0,"- ","- ",37.962818145751953,-122.51695251464844,MARIN,"SAN RAFAEL",-122.51660919189453,37.962696075439453
92391468,2024,2024-05-23,9350,2024-05-05,1150,021391,,7,1,9,2100,0,2,4,,1,016,"LUCAS VALLEY ROAD","3838 LUCAS VALLEY ROAD",3960.00,E,N,A,-,N,,,,,,,,,,N,2,0,1,4,A,-,05,21460,A,F,C,C,A,A,H,-,A,D,0,,Y,,,Y,,A,07,1,0,0,0,0,0,1,0,0,"- ","- ",38.043811798095703,-122.61318969726562,MARIN,UNINCORPORATED,,
92420547,2024,2024-06-21,9350,2024-06-14,1450,022411,,5,2,9,2100,0,2,4,,1,014,"PANORAMIC HWY","PAN TOLL RD",0.81,W,N,A,-,N,,,,,,,,,,Y,2,0,6,2,A,-,01,23152,A,N,A,D,A,A,H,-,A,D,0,,,,,Y,Y,A,07,1,2,3,0,0,0,0,0,0,"- ","- ",37.900379180908203,-122.61073303222656,MARIN,UNINCORPORATED,-122.60411834716797,37.904266357421875
92438997,2024,2024-07-15,9350,2024-07-06,1533,022395,,6,2,9,2100,0,1,2,,2,020,"US-101 N/B","WOLFBACK RIDGE RD O/C",2904.00,S,N,A,-,Y,MRN,,101," "," ",0.959,H,,R,N,2,0,1,1,A,-,03,22350,,N,E,J,A,A,H,-,A,D,0,,,Y,,Y,,C,02,1,0,0,0,0,0,0,0,1,"- ","- ",37.844329833984375,-122.48581695556641,MARIN,UNINCORPORATED,-122.48581695556641,37.844329833984375
9268249,2021,2021-05-27,2106,2021-04-28,0112,450,N420,3,5,4,2106,0,0,0,,0,NP4,"SOUTH NOVATO BL","GARDEN CT",101.00,S,N,A,-,N,,,,,,,,,,N,2,0,1,2,A,-,08,22107,,N,G,B,E,A,H,-,C,A,0,Y,,,,Y,,A,01,1,0,0,0,1,0,0,0,0,"- ","- ",38.0985107421875,-122.87046051025391,MARIN,NOVATO,-122.57015991210938,38.098331451416016
9326870,2021,2021-10-29,2105,2021-09-08,1517,MV6227,MV2,3,5,3,2105,0,0,0,,0,002,"SYCAMORE AV","CAMINO ALTO",505.00,E,N,A,-,N,,,,,,,,,,N,2,0,1,2,A,-,03,22350,,N,A,G,A,A,H,-,A,A,0,,Y,,,Y,,A,01,1,0,0,0,0,0,1,0,0,"- ","- ",,,MARIN,"MILL VALLEY",-122.52842712402344,37.896537780761719
93432534,2024,2024-08-02,9350,2024-07-17,1555,023068,,3,2,9,2100,0,2,4,,2,024,"SIR FRANCIS DRAKE BLVD WESTBOUND","ASH AVE",45.00,E,N,A,-,N,,,,,,,,,,Y,2,0,1,3,A,-,03,22350,,N,B,C,A,A,H,-,A,A,0,,,Y,,Y,,C,02,1,0,0,0,0,0,0,0,1,"- ","- ",37.954299926757812,-122.54573822021484,MARIN,UNINCORPORATED,-122.57427215576172,37.985435485839844
9350884,2021,2021-12-01,2109,2021-10-22,0757,541,42,5,5,5,2109,0,0,0,,0,005,"MANUEL T FREITAS PKWY","TRINITY WY",380.00,W,N,C,-,N,,,,,,,,,,Y,2,0,2,1,A,-,08,22107,,N,E,I,A,B,H,-,A,D,0,,,,,Y,,A,01,1,1,0,0,0,0,0,0,0,"- ","- ",38.009571075439453,-122.55476379394531,MARIN,"SAN RAFAEL",-122.55467224121094,38.011028289794922
9351736,2021,2021-11-15,2109,2021-10-29,1809,649,19,5,5,5,2109,0,0,0,,0,003,"FRANCISCO BL E","YACHT CLUB DR",0.00,,Y,A,-,N,,,,,,,,,,N,2,0,1,2,A,-,09,21804,A,N,A,G,A,A,D,-,A,D,0,,Y,,,Y,,A,01,1,0,0,0,0,0,1,0,0,"- ","- ",37.964981079101562,-122.51278686523438,MARIN,"SAN RAFAEL",-122.51722717285156,37.966941833496094
9368217,2021,2021-12-15,2109,2021-11-17,1729,648,21,3,5,5,2109,0,0,0,,0,003,"FAIRFAX ST","CHARLOTTE WY",35.00,W,N,A,-,N,,,,,,,,,,N,2,0,1,3,A,-,09,21804,,N,H,C,A,A,H,-,B,D,0,,,Y,,Y,,A,01,1,0,0,0,0,0,0,0,1,"- ","- ",37.965599060058594,-122.50325775146484,MARIN,"SAN RAFAEL",-122.50334930419922,37.965644836425781
9381813,2022,2022-01-24,2103,2022-01-10,2308,177,OUT,1,5,2,2103,0,0,0,,0,PAT,"SIR FRANCIS DRAKE BL","SHADOW CREEK CT",375.00,E,N,A,-,N,,,,,,,,,,Y,2,0,2,1,A,-,01,23152,A,N,E,I,A,A,H,-,D,D,0,,,,,Y,Y,A,01,1,1,0,0,0,0,0,0,0,"- ","- ",38.000141143798828,-122.60697174072266,MARIN,FAIRFAX,-122.60668182373047,38.000392913818359
9383590,2021,2022-01-14,2104,2021-12-12,2006,145,1,7,5,3,2104,0,0,0,,0,002,"MAGNOLIA AV","WARD ST",0.00,,Y,C,-,N,,,,,,,,,,N,2,0,2,3,A,-,10,21950,A,N,G,B,B,B,H,-,C,A,0,Y,,,,Y,,A,01,1,1,0,0,2,0,0,0,0,"- ","- ",37.936080932617188,-122.53518676757812,MARIN,LARKSPUR,-122.53518676757812,37.936061859130859
9407834,2022,2022-06-21,2103,2022-05-12,1530,177,DNTN,4,5,2,2103,0,0,0,,0,PAT,"SIR FRANCIS DRAKE BL","PACHECO AV",100.00,W,N,A,-,N,,,,,,,,,,N,2,0,2,2,A,-,11,21954,A,N,G,B,D,A,H,-,A,D,0,Y,Y,,,Y,,N,60,1,1,0,0,1,0,1,0,0,"- ","- ",37.987300872802734,-122.58753967285156,MARIN,FAIRFAX,-122.58750152587891,37.987209320068359
9416434,2022,2022-03-15,2106,2022-01-04,1752,478,N421,2,5,4,2106,0,0,0,,0,NP4,"HILL RD","INDIAN VALLEY RD",0.00,,Y,A,-,N,,,,,,,,,,N,2,0,1,1,A,-,03,22350,,N,E,J,A,A,H,-,C,D,0,,,Y,,Y,,C,02,1,0,0,0,0,0,0,0,1,"- ","- ",38.095771789550781,-122.57624053955078,MARIN,NOVATO,-122.57563781738281,38.096290588378906
9421317,2022,2022-03-25,2109,2022-02-28,1405,476,46,1,5,5,2109,0,0,0,,0,005,"NORTHGATE DR","LAS GALLINAS AV",0.00,,Y,A,-,N,,,,,,,,,,N,2,0,1,2,A,-,10,21950,A,N,G,B,B,A,H,-,A,A,0,Y,,,,Y,,A,01,1,0,0,0,1,0,0,0,0,"- ","- ",37.965419769287109,-122.49655914306641,MARIN,"SAN RAFAEL",-122.54557037353516,38.006694793701172
9427986,2022,2022-04-15,2102,2022-03-05,2155,138,2,6,5,2,2102,0,0,0,,0,001,"TAMALPAIS DR","EASTMAN AV",0.00,,Y,A,-,N,,,,,,,,,,Y,2,0,3,2,A,-,01,23153,A,N,D,C,A,A,H,-,C,A,0,,,,,Y,Y,A,01,2,1,0,0,0,0,0,0,0,"- ","- ",37.925361633300781,-122.52391052246094,MARIN,"CORTE MADERA",-122.52388000488281,37.925407409667969
9431898,2022,2022-05-06,2109,2022-04-01,1505,592,7,5,5,5,2109,0,0,0,,0,001,"5TH AV","E ST",160.00,W,N,A,-,N,,,,,,,,,,Y,2,0,2,2,A,-,03,22350,,N,C,E,A,A,H,-,A,A,0,,,,,Y,Y,A,01,1,1,0,0,0,0,0,0,0,"- ","- ",37.974681854248047,-122.53312683105469,MARIN,"SAN RAFAEL",-122.53366088867188,37.974689483642578
94361803,2024,2024-08-20,9350,2024-08-14,"350 ",023068,,3,3,9,2100,0,1,2,,2,040,"US-101 N/B","STRAWBERRY DRIVE PEDESTRIAN O/C",1995.00,S,N,A,-,Y,MRN,,101," "," ",4.439,H,,R,Y,2,0,1,1,A,-,01,23152,F,N,E,I,A,A,H,-,C,D,0,,,,,Y,,A,07,1,0,0,0,0,0,0,0,0,"- ","- ",37.884628295898438,-122.51670074462891,MARIN,UNINCORPORATED,-122.51660919189453,37.884632110595703
94392100,2024,2024-09-12,9350,2024-08-25,"140 ",023698,,7,3,4,2106,0,1,2,,2,070,"US-101 N/B TO NAVE DRIVE E/B","NAVE DRIVE OVERCROSSING",234.00,S,N,A,-,Y,,,,,,,,,,Y,2,0,1,1,A,-,01,23152,A,N,E,I,A,A,H,-,C,D,0,,,,,Y,Y,A,01,1,0,0,0,0,0,0,0,0,"- ","- ",38.047359466552734,-122.53215789794922,MARIN,NOVATO,-122.5323486328125,38.047817230224609
94404920,2024,2024-09-23,9350,2024-09-13,1840,023068,,5,2,9,2100,0,1,3,,2,022,SR-1,"FRANKS VALLEY RD",440.00,S,N,A,-,Y,MRN,,1," "," ",6.018,H,,R,N,2,0,1,1,A,-,03,22350,,N,E,I,A,A,H,-,A,D,0,,,Y,,Y,,C,02,1,0,0,0,0,0,0,0,1,"- ","- ",37.866241455078125,-122.57846069335938,MARIN,UNINCORPORATED,-122.57841491699219,37.866230010986328
94441094,2024,2024-10-22,9350,2024-10-06,1200,024037,,7,1,9,2100,0,1,3,,1,042,SR-1,"OLEMA BOLINAS RD.",10032.00,N,N,A,-,Y,MRN,,1," "," ",19.304,H,,R,N,2,0,1,1,A,-,03,22350,,N,F,A,A,A,H,-,A,D,0,,,Y,,Y,,C,02,1,0,0,0,0,0,0,0,1,"- ","- ",37.958789825439453,-122.71868896484375,MARIN,UNINCORPORATED,-122.71865844726562,37.958831787109375
94462259,2024,2024-11-07,9350,2024-08-20,"807 ",015964,,2,1,9,2100,0,3,5,,2,006,"NICASIO VALLEY ROAD","DIXON RIDGE FIRE ROAD",850.00,N,N,B,-,N,,,,,,,,,,Y,1,1,1,2,A,-,03,22350,,N,A,C,A,A,H,-,A,D,0,,,,,Y,,A,01,0,1,0,0,0,0,0,0,0,"- ","- ",38.024818420410156,-122.66439819335938,MARIN,UNINCORPORATED,,
94494127,2024,2024-12-06,9350,2024-11-21,"210 ",023069,,4,3,9,2100,0,2,4,,2,024,"SIR FRANCIS DRAKE BLVD",BROADWAY,25.00,W,N,C,-,N,,,,,,,,,,Y,2,0,1,1,A,-,01,23152,A,M,E,8,A,B,H,-,C,D,0,,,,,Y,Y,A,01,1,0,0,0,0,0,0,0,0,"- ","- ",37.953811645507812,-122.54250335693359,MARIN,UNINCORPORATED,-122.54241943359375,37.953819274902344
94511364,2024,2024-12-20,9350,2024-12-14,1305,024074,,6,1,9,2100,0,1,2,,2,040,"US-101 SB","DONAHUE ST",1704.00,N,N,C,-,Y,MRN,,101," "," ",3.688,H,,L,Y,2,0,1,2,A,-,03,22350,,N,C,C,A,B,H,-,A,D,0,,,,,Y,,D,22,1,0,0,0,0,0,0,0,0,"- ","- ",37.875679016113281,-122.51061248779297,MARIN,UNINCORPORATED,-122.51055145263672,37.875728607177734
9459270,2022,2022-06-16,2105,2022-04-01,1153,MV6243,90002,5,5,3,2105,0,0,0,,0,MV2,"MILLER AV","LA GOMA ST",31.00,N,N,A,-,N,,,,,,,,,,N,2,0,1,2,A,-,12,22450,A,N,H,G,A,A,H,-,A,A,0,,Y,,,Y,,L,04,1,0,0,0,0,0,1,0,0,"- ","- ",,,MARIN,"MILL VALLEY",-122.53702545166016,37.897621154785156
9470716,2023,2023-10-09,2108,2023-08-22,1524,145,2,2,5,3,2108,0,0,0,,0,003,"CENTER BL","SIR FRANCIS DRAKE BL",108.00,W,N,A,-,N,,,,,,,,,,N,2,0,3,2,A,-,08,22107,,N,H,G,A,A,H,-,A,D,0,,Y,,,Y,,A,01,1,2,0,0,0,0,3,0,0,"- ","- ",37.976520538330078,-122.56157684326172,MARIN,"SAN ANSELMO",-122.56206512451172,37.976444244384766
94714271,2025,2025-06-05,9350,2025-05-30,1635,022271,,5,2,4,2106,0,1,2,,1,080,"US-101 N/B","SAN MARIN DR",5491.00,N,N,A,-,Y,MRN,,101," ",R,23.018,H,,R,N,2,0,1,3,A,-,07,21658,A,N,B,C,A,A,D,-,A,D,0,,,Y,,Y,,A,07,1,0,0,0,0,0,0,0,1,"- ","- ",38.132701873779297,-122.56363677978516,MARIN,NOVATO,-122.5635986328125,38.132701873779297
94737553,2025,2025-06-24,9350,2025-06-01,1706,024037,,7,2,9,2100,0,1,3,,1,042,SR-1,"AUDOBON FIRE RD.",551.00,S,N,A,-,Y,MRN,,1," "," ",15.904,H,,R,Y,2,0,3,2,A,-,05,21460,A,N,A,C,A,A,H,-,A,D,0,,,Y,,Y,,C,02,1,2,0,0,0,0,0,0,1,"- ","- ",37.927989959716797,-122.68221282958984,MARIN,UNINCORPORATED,-122.68219757080078,37.927989959716797
94739388,2025,2025-06-25,9350,2025-06-19,1118,015964,,4,1,9,2100,0,3,5,,2,006,"NICASIO VALLEY RD","FERNWOOD LN",1584.00,N,N,A,-,N,,,,,,,,,,Y,2,0,2,2,A,-,09,21804,A,N,D,C,A,A,H,-,A,D,0,,,,,Y,,D,22,1,0,1,0,0,0,0,0,0,"- ","- ",38.036979675292969,-122.67994689941406,MARIN,UNINCORPORATED,-122.67986297607422,38.036975860595703
94743407,2025,2025-06-30,9350,2025-06-07,1445,024306,,6,2,9,2100,0,1,3,,1,052,SR-1,"MESA RD",0.00,,Y,A,-,Y,MRN,,1," "," ",28.920,H,,R,Y,2,0,1,2,A,-,09,21802,A,N,D,C,A,A,H,-,A,D,0,,,,,Y,Y,A,07,1,0,0,0,0,0,0,0,0,"- ","- ",38.069171905517578,-122.80625915527344,MARIN,UNINCORPORATED,-122.80628967285156,38.069194793701172
94753245,2025,2025-07-08,9350,2025-06-08,1155,024244,,7,1,5,2109,0,1,2,,1,060,"US-101 SB","MISSION AVENUE",1278.00,N,N,A,-,Y,MRN,,101," "," ",11.332,H,,L,N,2,0,2,2,A,-,07,21658,A,F,E,I,A,A,H,-,A,D,0,,,,,Y,,A,01,1,1,0,0,0,0,0,0,0,"- ","- ",37.977230072021484,-122.52082824707031,MARIN,"SAN RAFAEL",-122.52071380615234,37.977230072021484
94754935,2025,2025-07-09,9350,2025-06-28,"935 ",024244,,6,1,9,2100,0,2,4,,1,044,"SIR FRANCIS DRAKE BLVD.","AREQUIPA FIRE ROAD",1472.00,W,N,A,-,N,,,,,,,,,,N,2,0,1,1,A,-,03,22350,,N,F,A,A,A,H,-,A,D,0,,Y,,,Y,,L,04,1,0,0,0,0,0,1,0,0,"- ","- ",38.006961822509766,-122.61588287353516,MARIN,UNINCORPORATED,,
94761900,2025,2025-07-15,9350,2025-06-29,1155,024001,,7,1,9,2100,0,3,5,,2,002,"SIR FRANCIS DRAKE BLVD","PIERCE POINT RD",1637.00,W,N,A,-,N,,,,,,,,,,Y,2,0,1,1,A,-,03,22350,,N,E,I,A,A,H,-,A,D,0,,,Y,,Y,,C,02,1,0,0,0,0,0,0,0,1,"- ","- ",38.109718322753906,-122.89376068115234,MARIN,UNINCORPORATED,-122.89328765869141,38.109512329101562
94770145,2025,2025-07-21,9350,2025-06-15,1540,024306,,7,2,9,2100,0,2,4,,1,046,"POINT REYES PETALUMA ROAD","SAN ANTONIO RD",2050.00,S,N,A,-,N,,,,,,,,,,Y,2,0,1,2,A,-,05,21460,A,N,D,C,A,A,H,-,A,D,0,,,Y,,Y,,C,02,1,0,0,0,0,0,0,0,1,"- ","- ",38.185581207275391,-122.665771484375,MARIN,UNINCORPORATED,,
9479472,2022,2022-09-19,2106,2022-07-25,2143,420,,1,5,4,2106,0,0,0,,0,,"ENFRENTE RD","SALVATORE DR",589.00,N,N,-,-,N,,,,,,,,,,Y,2,0,1,2,A,-,12,22450,A,F,A,C,A,A,H,-,C,D,0,,,,,Y,,A,01,1,0,0,0,0,0,0,0,0,"- ","- ",38.066650390625,-122.53868103027344,MARIN,NOVATO,-122.53893280029297,38.068527221679688
9491598,2022,2022-09-14,2109,2022-08-17,0925,635,26,3,5,5,2109,0,0,0,,0,004,"3RD ST","GRAND AV",20.00,W,N,A,-,N,,,,,,,,,,Y,2,0,1,2,A,-,08,22107,,N,D,C,A,A,H,-,A,A,0,,,Y,,Y,,A,01,1,0,0,0,0,0,0,0,1,"- ","- ",37.970970153808594,-122.51882934570312,MARIN,"SAN RAFAEL",-122.51893615722656,37.970981597900391
9516326,2022,2022-12-15,2109,2022-11-22,1018,476,0,2,5,5,2109,0,0,0,,0,006,"CIVIC CENTER DR","NORTH SAN PEDRO RD",0.00,,Y,A,-,N,,,,,,,,,,N,2,0,1,2,A,-,12,21453,A,N,D,G,A,A,H,-,A,A,0,,Y,,,Y,,L,04,1,0,0,0,0,0,1,0,0,CO,"- ",37.994419097900391,-122.52855682373047,MARIN,"SAN RAFAEL",-122.52841186523438,37.996685028076172
9521297,2022,2022-11-08,2109,2022-10-28,0810,565,8,5,5,5,2109,0,0,0,,0,001,"WEST END AV","SENTINEL CT",37.00,W,N,A,-,N,,,,,,,,,,N,2,0,1,2,A,-,08,22107,,N,G,B,E,A,H,-,A,D,0,Y,,,,Y,,A,01,1,0,0,0,1,0,0,0,0,"- ","- ",,,MARIN,"SAN RAFAEL",-122.54296875,37.974433898925781
9521386,2022,2022-11-14,2105,2022-09-17,0705,MV6236,90000,6,5,3,2105,0,0,0,,0,MV2,"MILLER AV","CAMINO ALTO",150.00,S,N,A,-,N,,,,,,,,,,N,2,0,1,2,A,-,08,22107,,N,B,G,A,A,H,-,A,A,0,,Y,,,Y,,A,01,1,0,0,0,0,0,1,0,0,"- ","- ",,,MARIN,"MILL VALLEY",-122.53047943115234,37.892875671386719
9531794,2022,2022-11-21,2102,2022-10-15,1803,026,2,6,5,2,2102,0,0,0,,0,001,"CORTE MADERA AV","1ST ST",2640.00,S,N,A,-,N,,,,,,,,,,N,2,0,1,1,A,-,08,22107,,N,H,A,A,A,H,-,A,D,0,,Y,,,Y,Y,L,04,1,0,0,0,0,0,1,0,0,"- ","- ",,,MARIN,"CORTE MADERA",-122.53002166748047,37.920467376708984
9532796,2022,2022-11-28,2107,2022-09-24,1710,R030,350,6,5,1,2107,0,0,0,,0,001,"ROSS COMMON","LAGUNITAS RD",112.00,S,N,A,-,N,,,,,,,,,,N,2,0,1,2,A,-,09,21804,A,N,B,G,A,A,H,-,A,D,0,,Y,,,Y,,A,01,1,0,0,0,0,0,1,0,0,"- ","- ",37.962150573730469,-122.55702209472656,MARIN,ROSS,-122.55692291259766,37.961952209472656
9534777,2022,2023-01-18,2106,2022-08-13,1850,473,N319,6,5,4,2106,0,0,0,,0,NP3,"BOLLING DR","MARIN VALLEY DR",0.00,,Y,A,-,N,,,,,,,,,,Y,2,0,1,2,A,-,10,21950,A,N,G,B,B,A,H,-,A,A,0,Y,,,,Y,,A,01,1,0,0,0,1,0,0,0,0,"- ","- ",38.050991058349609,-122.53016662597656,MARIN,NOVATO,-122.52995300292969,38.050819396972656
9563952,2023,2023-04-12,2103,2023-01-31,1603,160,BOLIN,2,5,2,2103,0,0,0,,0,PAT,"BOLINAS RD","PORTEOUS AV",927.00,S,N,A,-,N,,,,,,,,,,N,2,0,2,3,A,-,03,22350,,N,C,C,A,A,H,-,A,D,0,,,Y,,Y,,C,02,1,1,0,0,0,0,0,0,2,"- ","- ",37.980110168457031,-122.59542083740234,MARIN,FAIRFAX,-122.59520721435547,37.979949951171875
9610610,2023,2023-09-07,2106,2023-08-09,2027,373,N210,3,5,4,2106,0,0,0,,0,NP3,"ROWLAND BL","VINTAGE WY",1584.00,S,N,A,-,N,,,,,,,,,,N,2,0,1,1,A,-,08,22107,,N,E,I,A,A,H,-,B,D,0,,,Y,,Y,,C,02,1,0,0,0,0,0,0,0,1,"- ","- ",38.092681884765625,-122.55568695068359,MARIN,NOVATO,-122.55189514160156,38.090106964111328
9620359,2023,2023-10-16,2104,2023-09-18,1710,161,1,1,5,3,2104,0,0,0,,0,002,"MAGNOLIA AV","WILTSHIRE AV",53.00,S,N,A,-,N,,,,,,,,,,N,2,0,2,3,A,-,03,22350,,N,C,C,A,A,H,-,A,D,0,,,,,Y,,A,07,1,1,0,0,0,0,0,0,0,"- ","- ",37.928630828857422,-122.53278350830078,MARIN,LARKSPUR,-122.53265380859375,37.928516387939453
9630577,2023,2023-10-31,2105,2023-09-04,1432,MV6234,90003,1,5,3,2105,0,0,0,,0,MV2,"CAMINO ALTO","E BLITHEDALE AVE",841.00,N,N,A,-,N,,,,,,,,,,N,2,0,1,1,A,-,03,22350,,N,H,-,A,A,H,-,A,D,0,,Y,,,Y,,L,04,1,0,0,0,0,0,1,0,0,"- ","- ",,,MARIN,"MILL VALLEY",-122.52777099609375,37.902603149414062
9632561,2023,2023-11-09,2108,2023-10-14,1236,098,3,6,5,3,2108,0,0,0,,0,003,"LAUREL AV","MYRTLE LN",7.00,S,N,A,-,N,,,,,,,,,,N,2,0,1,1,A,-,03,22350,,N,E,J,A,A,H,-,A,D,0,,Y,,,Y,,L,04,1,0,0,0,0,0,1,0,0,"- ","- ",,,MARIN,"SAN ANSELMO",-122.56880950927734,37.976001739501953
9636933,2023,2023-11-30,2106,2023-10-14,1241,449,,6,5,4,2106,0,0,0,,0,NP2,"REDWOOD BL","DIABLO AV",456.00,N,N,A,-,N,,,,,,,,,,Y,2,0,2,3,A,-,11,21461,5,N,G,B,B,A,H,-,A,A,0,Y,,,,Y,,N,60,1,0,1,0,2,0,0,0,0,"- ","- ",38.104270935058594,-122.57122039794922,MARIN,NOVATO,-122.57086181640625,38.106170654296875
9637325,2023,2023-11-20,2109,2023-11-04,"925 ",527,54,6,5,5,2109,0,0,0,,0,006,"REDWOOD HWY","JOSEPH CT",70.00,N,N,A,-,N,,,,,,,,,,Y,2,0,1,1,A,-,01,23152,F,N,E,I,A,A,H,-,A,D,0,,,,,Y,Y,A,01,1,0,0,0,0,0,0,0,0,"- ","- ",38.010700225830078,-122.54102325439453,MARIN,"SAN RAFAEL",-122.54135131835938,38.011310577392578
9652396,2024,2024-03-23,2109,2024-01-16,1211,,11,2,5,5,2109,0,0,0,,0,,"D ST","ANTONETTE AV",675.00,S,N,B,-,N,,,,,,,,,,N,2,0,1,2,A,-,05,21460,A,N,A,C,A,A,H,-,A,D,0,,Y,,,Y,,L,04,1,0,0,0,0,0,1,0,0,"- ","- ",37.962841033935547,-122.53294372558594,MARIN,"SAN RAFAEL",-122.53415679931641,37.962261199951172
9688076,2024,2024-05-08,2108,2024-03-07,1755,094,3,4,5,3,2108,0,0,0,,0,003,"CENTER BL","MADRONE AV",1.00,W,N,A,-,N,,,,,,,,,,N,2,0,1,2,A,-,10,21950,A,N,G,B,B,A,H,-,A,A,0,Y,,,,Y,Y,A,01,1,0,0,0,1,0,0,0,0,"- ","- ",37.977588653564453,-122.56751251220703,MARIN,"SAN ANSELMO",-122.5675048828125,37.977592468261719
9705577,2024,2024-07-15,2105,2024-05-01,1247,MV6238,90003,3,5,3,2105,0,0,0,,0,MV2,"KIPLING DR","LONGFELLOW RD",107.00,N,N,A,-,N,,,,,,,,,,Y,2,0,1,2,A,-,08,22107,,N,A,C,A,A,H,-,A,A,0,,,,,Y,,A,01,1,0,0,0,0,0,0,0,0,"- ","- ",,,MARIN,"MILL VALLEY",-122.52113342285156,37.902557373046875
9726496,2024,2024-08-26,2106,2024-07-23,1934,449,N212,2,5,4,2106,0,0,0,,0,NP2,"SWEETSER AV","MACHIN AV",220.00,E,N,A,-,N,,,,,,,,,,Y,2,0,1,2,A,-,10,21950,C,N,G,B,D,A,H,-,B,D,0,Y,,,,Y,,A,08,1,0,0,0,1,0,0,0,0,"- ","- ",38.108280181884766,-122.56849670410156,MARIN,NOVATO,-122.56787109375,38.108238220214844