CASE_ID,ACCIDENT_YEAR,PROC_DATE,JURIS,COLLISION_DATE,COLLISION_TIME,OFFICER_ID,REPORTING_DISTRICT,DAY_OF_WEEK,CHP_SHIFT,POPULATION,CNTY_CITY_LOC,SPECIAL_COND,BEAT_TYPE,CHP_BEAT_TYPE,CITY_DIVISION_LAPD,CHP_BEAT_CLASS,BEAT_NUMBER,PRIMARY_RD,SECONDARY_RD,DISTANCE,DIRECTION,INTERSECTION,WEATHER_1,WEATHER_2,STATE_HWY_IND,CALTRANS_COUNTY,CALTRANS_DISTRICT,STATE_ROUTE,ROUTE_SUFFIX,POSTMILE_PREFIX,POSTMILE,LOCATION_TYPE,RAMP_INTERSECTION,SIDE_OF_HWY,TOW_AWAY,COLLISION_SEVERITY,NUMBER_KILLED,NUMBER_INJURED,PARTY_COUNT,PRIMARY_COLL_FACTOR,PCF_CODE_OF_VIOL,PCF_VIOL_CATEGORY,PCF_VIOLATION,PCF_VIOL_SUBSECTION,HIT_AND_RUN,TYPE_OF_COLLISION,MVIW,PED_ACTION,ROAD_SURFACE,ROAD_COND_1,ROAD_COND_2,LIGHTING,CONTROL_DEVICE,CHP_ROAD_TYPE,PEDESTRIAN_ACCIDENT,BICYCLE_ACCIDENT,MOTORCYCLE_ACCIDENT,TRUCK_ACCIDENT,NOT_PRIVATE_PROPERTY,ALCOHOL_INVOLVED,STWD_VEHTYPE_AT_FAULT,CHP_VEHTYPE_AT_FAULT,COUNT_SEVERE_INJ,COUNT_VISIBLE_INJ,COUNT_COMPLAINT_PAIN,COUNT_PED_KILLED,COUNT_PED_INJURED,COUNT_BICYCLIST_KILLED,COUNT_BICYCLIST_INJURED,COUNT_MC_KILLED,COUNT_MC_INJURED,PRIMARY_RAMP,SECONDARY_RAMP,LATITUDE,LONGITUDE,COUNTY,CITY,POINT_X,POINT_Y
9732277,2024,2024-09-11,2106,2024-08-13,1204,511,,2,5,4,2106,0,0,0,,0,,"REDWOOD BL","LANDING CT",670.00,S,N,A,-,N,,,,,,,,,,Y,2,0,2,4,A,-,09,21802,A,N,D,E,A,A,H,-,A,D,0,,,,,Y,,A,01,1,0,1,0,0,0,0,0,0,"- ","- ",38.097000122070312,-122.56400299072266,MARIN,NOVATO,-122.56345367431641,38.096176147460938
9738523,2024,2024-09-27,2106,2024-08-20,1901,510,,2,5,4,2106,0,0,0,,0,NP4,"SOUTH NOVATO BL","LARK CT",0.00,,Y,A,-,N,,,,,,,,,,Y,2,0,1,2,A,-,09,21802,A,N,D,C,A,A,H,-,B,D,0,,,Y,,Y,,A,01,1,0,0,0,0,0,0,0,0,"- ","- ",38.095840454101562,-122.56939697265625,MARIN,NOVATO,-122.56925964355469,38.095920562744141
9750344,2024,2024-11-13,2105,2024-10-18,1543,MV6242,90003,5,5,3,2105,0,0,0,,0,MV2,"CAMINO ALTO","MILLER AV",272.00,N,N,A,-,N,,,,,,,,,,N,2,0,1,1,A,-,03,22350,,N,H,J,A,A,H,-,A,A,0,,,,,Y,,I,09,1,0,0,0,0,0,0,0,0,"- ","- ",,,MARIN,"MILL VALLEY",-122.53007507324219,37.893558502197266
9754458,2024,2024-12-02,2106,2024-10-31,"818 ",521,N407,4,5,4,2106,0,0,0,,0,NP4,"MONTE MARIA AV","CAMBRIDGE ST",27.00,W,N,A,-,N,,,,,,,,,,N,2,0,1,1,A,-,08,22107,,N,F,A,A,A,H,-,A,D,0,,Y,,,Y,,L,04,1,0,0,0,0,0,1,0,0,"- ","- ",38.086471557617188,-122.56580352783203,MARIN,NOVATO,-122.56588745117188,38.086338043212891
9757550,2024,2024-12-03,2105,2024-09-13,1450,023068,,5,5,3,2105,0,0,0,,0,,"EAST BLITHEDALE AV","KIPLING DR",0.00,,Y,A,-,N,,,,,,,,,,Y,2,0,1,2,A,-,12,21453,A,N,D,C,A,A,H,-,A,A,0,,,,,Y,,A,01,1,0,0,0,0,0,0,0,0,"- ","- ",37.903499603271484,-122.51902008056641,MARIN,"MILL VALLEY",-122.51902770996094,37.903553009033203
9783991,2025,2025-02-20,2105,2025-01-26,1122,MV6257,90002,7,5,3,2105,0,0,0,,0,MV2,"CAMINO ALTO","OVERHILL RD",1155.00,N,N,A,-,N,,,,,,,,,,N,2,0,1,1,A,-,03,22350,,N,H,-,A,A,H,-,A,D,0,,Y,,,Y,,L,04,1,0,0,0,0,0,1,0,0,"- ","- ",,,MARIN,"MILL VALLEY",-122.52780151367188,37.9112548828125
9786271,2024,2025-05-09,2107,2024-11-12,"749 ",R030,350,2,5,1,2107,0,0,0,,0,001,"LOMA LINDA AV","WELLINGTON AV",422.00,S,N,A,-,N,,,,,,,,,,Y,1,1,0,2,A,-,21,22106,,N,G,B,E,A,E,-,A,D,0,Y,,,Y,Y,,F,26,0,0,0,1,0,0,0,0,0,"- ","- ",37.969120025634766,-122.55622100830078,MARIN,ROSS,-122.556640625,37.968894958496094
9800825,2025,2025-05-28,2111,2025-04-17,1720,TP7331,TA1,4,5,2,2111,0,0,0,,0,TP1,"SAN RAFAEL AV","TIBURON BL",0.00,,Y,A,-,Y,MRN,4,131,-,-,3.225,I,5,E,N,2,0,1,2,A,-,10,21950,,N,G,B,B,A,H,-,A,A,0,Y,,,,Y,,A,01,1,0,0,0,1,0,0,0,0,"- ","- ",,,MARIN,TIBURON,-122.47246551513672,37.884456634521484
9817077,2025,2025-06-30,2111,2025-05-03,1521,TP7331,TA1,6,5,2,2111,0,0,0,,0,TP1,"TIBURON BL","GILMARTIN DR",166.00,W,N,A,-,Y,MRN,4,131,-,-,2.990,H,-,W,N,2,0,1,2,A,-,08,22107,,N,D,G,A,A,H,-,A,A,0,,Y,,,Y,,L,04,1,0,0,0,0,0,1,0,0,"- ","- ",,,MARIN,TIBURON,-122.4747314453125,37.886474609375
9828954,2025,2025-06-25,2105,2025-05-26,1227,MV6254,90001,1,5,3,2105,0,0,0,,0,MV2,"CAMINO ALTO","SYCAMORE AV",258.00,S,N,A,-,N,,,,,,,,,,N,2,0,1,2,A,-,03,22350,,N,H,A,A,A,H,-,A,A,0,,Y,,,Y,,M,91,1,0,0,0,0,0,1,0,0,"- ","- ",,,MARIN,"MILL VALLEY",-122.53014373779297,37.895961761474609
6290190,2014,2014-03-26,2109,2014-01-27,1935,476,53,1,5,5,2109,0,0,0,,0,006,"SMITH RANCH RD","SMITH RANCH CT",0.00,,Y,A,-,N,,,,,,,,,,Y,1,1,0,1,A,-,01,23152,A,N,E,J,A,A,H,-,C,D,0,,,Y,,Y,Y,C,02,0,0,0,0,0,0,0,1,0,"- ","- ",37.990169999999999,-122.50009,MARIN,"SAN RAFAEL",-122.52938999,38.019009910000001
6291474,2014,2014-10-28,2109,2014-06-03,1617,364,17,2,5,5,2109,0,0,0,,0,004,"IRWIN ST","3RD ST",0.00,,Y,A,-,N,,,101,,,,,,,Y,1,1,0,2,A,-,11,21456,B,N,G,B,B,A,H,-,A,A,0,Y,,,,Y,Y,N,60,0,0,0,1,0,0,0,0,0,"- ","- ",37.971159999999998,-122.52103,MARIN,"SAN RAFAEL",-122.52172059,37.97128833
6340913,2014,2014-06-04,2109,2014-01-01,0000,476,46,3,5,5,2109,0,0,0,,0,005,"MANUEL T FREITAS PKWY","DEL PRESIDIO BL",0.00,,Y,A,-,N,,,,,,,,,,Y,2,0,2,3,A,-,17,21461,A,N,D,C,A,A,H,-,A,A,0,,,,,Y,Y,A,01,1,0,1,0,0,0,0,0,0,"- ","- ",,,MARIN,"SAN RAFAEL",-122.54391991,38.007289970000002
6380123,2014,2016-01-05,9350,2014-02-09,0930,018774,,7,1,5,2109,0,1,2,,1,060,"US 101","2ND ST",50.00,S,N,C,-,Y,MRN,4,101,-,-,10.870,H,-,N,Y,2,0,1,1,A,-,01,23152,A,N,E,I,A,B,H,-,A,D,4,,,,,Y,Y,D,22,1,0,0,0,0,0,0,0,0,"- ","- ",37.97045,-122.52167,MARIN,"SAN RAFAEL",-122.52175552999999,37.970805349999999
6410370,2014,2015-10-09,9350,2014-03-07,1330,19216,,5,1,9,2100,0,3,5,,2,003,"ALEXANDER AV","BUNKER RD",60.00,N,N,A,-,N,,,,,,,,,,N,2,0,1,1,A,-,03,22350,,N,F,A,A,A,H,-,A,D,0,,Y,,,Y,,L,04,1,0,0,0,0,0,1,0,0,"- ","- ",37.837580000000003,-122.48303,MARIN,UNINCORPORATED,-122.48303351,37.838024470000001
6413476,2014,2016-03-02,9350,2014-03-16,1330,17201,,7,1,9,2100,0,1,2,,2,040,"RT 101","REDWOOD HWY FRNTG RD",10.00,S,N,A,-,Y,MRN,4,101,-,-,4.753,R,4,S,N,2,0,1,1,A,-,03,22350,,N,H,I,A,A,H,-,A,D,1,,,Y,,Y,,C,02,1,0,0,0,0,0,0,0,1,TO,"- ",37.889279999999999,-122.5177,MARIN,UNINCORPORATED,-122.51688142,37.889148380000002
6453559,2014,2014-07-28,9350,2014-05-20,1100,13409,,2,1,9,2100,0,2,4,,1,046,"PT REYES PETALUMA RD","NICASIO VALLEY RD",3696.00,W,N,A,-,N,,,,,,,,,,N,2,0,1,1,C,-,18,,,N,E,H,A,A,H,-,A,D,0,,,Y,,Y,,-,"- ",1,0,0,0,0,0,0,0,1,"- ","- ",38.092230000000001,-122.75151,MARIN,UNINCORPORATED,-122.74286487000001,38.092259599999998
6467799,2014,2014-07-19,9350,2014-04-06,2045,20017,,7,2,9,2100,0,2,4,,1,044,"SIR FRANCIS DRAKE BL","NICASIO VALLEY RD",0.00,,Y,A,-,N,,,,,,,,,,Y,2,0,2,2,A,-,01,23152,A,F,D,C,A,A,H,-,C,D,0,,,Y,,Y,Y,A,01,1,1,0,0,0,0,0,0,1,"- ","- ",38.01444,-122.66377,MARIN,UNINCORPORATED,-122.66372986,38.014489930000003
6479117,2014,2014-07-24,9350,2014-05-04,1301,19777,,7,1,9,2100,0,3,5,,2,003,"SEMINARY DR","CHAPEL DR",1584.00,W,N,A,-,N,,,,,,,,,,N,2,0,1,1,C,-,18,,,N,F,A,A,A,H,-,A,D,0,,Y,,,Y,,-,"- ",1,0,0,0,0,0,1,0,0,"- ","- ",37.883040000000001,-122.50942000000001,MARIN,UNINCORPORATED,-122.50909052,37.883056840000002
6491968,2014,2015-10-23,2109,2014-05-07,1430,364,23,3,5,5,2109,0,0,0,,0,003,"FRANCISCO BL E","SHORELINE PKWY",480.00,W,N,A,-,N,,,,,,,,,,Y,2,0,1,2,A,-,03,22350,,N,C,C,A,A,H,-,A,D,0,,,Y,,Y,,C,02,1,0,0,0,0,0,0,0,1,"- ","- ",,,MARIN,"SAN RAFAEL",-122.49607199,37.951535130000003
6497244,2014,2014-07-25,9350,2014-05-26,1215,13409,,1,1,9,2100,0,3,5,,2,006,"NICASIO VALLEY RD","PT REYES PETALUMA RD",3960.00,S,N,A,-,N,,,,,,,,,,Y,2,0,1,2,A,-,05,21460,C,N,D,C,A,A,H,-,A,D,0,,,Y,,Y,,C,02,1,0,0,0,0,0,0,0,1,"- ","- ",38.088140000000003,-122.72598000000001,MARIN,UNINCORPORATED,-122.72656574,38.088411550000004
6520165,2014,2014-08-08,9350,2014-06-01,1303,19777,,7,1,9,2100,0,2,4,,1,046,"POINT REYES PETALUMA RD","HICKS VALLEY RD",7920.00,E,N,A,-,N,,,,,,,,,,Y,2,0,1,1,A,-,03,22350,,N,F,A,A,A,H,-,A,D,0,,,Y,,Y,,C,02,1,0,0,0,0,0,0,0,1,"- ","- ",38.1631,-122.68163,MARIN,UNINCORPORATED,-122.68237128,38.162672489999999
6534282,2014,2014-08-06,2103,2014-06-14,1820,153,EAST,6,5,2,2103,0,0,0,,0,PAT,"BELMONT AV","COOLIDGE AV",111.00,W,N,A,-,N,,,,,,,,,,N,2,0,1,1,A,-,03,22350,,N,H,A,A,A,H,-,A,D,0,,Y,,,Y,,L,04,1,0,0,0,0,0,1,0,0,"- ","- ",,,MARIN,FAIRFAX,-122.58129589000001,37.985035289999999
6537452,2014,2014-07-23,2103,2014-04-24,1336,153,DNTN,4,5,2,2103,0,0,0,,0,PAT,"SIR FRANCIS DRAKE BL","CLAUS DR",344.00,W,N,A,-,N,,,,,,,,,,N,2,0,1,2,A,-,08,22107,,N,H,G,A,A,H,-,A,D,0,,Y,,,Y,,A,01,1,0,0,0,0,0,1,0,0,"- ","- ",37.981859999999998,-122.52912000000001,MARIN,FAIRFAX,-122.59052717,37.987794569999998
6549417,2014,2014-08-14,9350,2014-06-12,1553,15765,,4,2,9,2100,0,2,4,,2,026,"NOVATO BL","BOWMAN CANYON CREEK",15.00,W,N,A,-,N,,,,,,,,,,Y,2,0,5,2,A,-,08,22107,,N,D,C,A,A,H,-,A,D,0,,,,,Y,,A,01,1,4,0,0,0,0,0,0,0,"- ","- ",38.123190000000001,-122.62538000000001,MARIN,UNINCORPORATED,-122.62550354,38.12313082
6551711,2015,2015-09-22,2117,2015-08-20,1419,026,1,4,5,3,2104,0,0,0,,0,002,"MAGNOLIA AV","BON AIR RD",173.00,N,N,A,-,N,,,,,,,,,,N,2,0,1,1,C,-,18,,,N,E,J,A,A,H,-,A,D,0,,Y,,,Y,,-,"- ",1,0,0,0,0,0,1,0,0,"- ","- ",37.943040000000003,-122.54037,MARIN,LARKSPUR,-122.54084487,37.943276140000002
6583035,2014,2014-08-28,2103,2014-06-11,1525,98,DNTN,3,5,2,2103,0,0,0,,0,PAT,"BOLINAS RD","SHERMAN AV",82.00,S,N,A,-,N,,,,,,,,,,N,2,0,1,2,A,-,"- ",,,N,H,E,A,A,H,-,A,D,0,,,,,Y,,D,23,1,0,0,0,0,0,0,0,0,"- ","- ",,,MARIN,FAIRFAX,-122.59020561,37.985238979999998
6583476,2014,2014-08-18,2103,2014-07-04,1734,090,BOLI,5,5,2,2103,0,0,0,,0,PAT,"BOLINAS RD","PORTEOUS AV",0.00,,Y,A,-,N,,,,,,,,,,N,2,0,1,3,A,-,08,22107,,N,H,G,A,A,H,-,A,D,0,,Y,,,Y,,A,01,1,0,0,0,0,0,1,0,0,"- ","- ",,,MARIN,FAIRFAX,-122.59293989,37.981269949999998
6603711,2014,2016-05-06,9350,2014-08-20,1500,17201,,3,2,9,2100,0,1,2,,1,120,"RT 101","LIGHT POLE #65",10.00,S,N,B,-,Y,MRN,4,101,-,-,10.820,H,-,N,N,2,0,1,2,D,-,00,,,F,H,G,A,A,H,-,A,D,4,,Y,,,Y,,-,"- ",1,0,0,0,0,0,1,0,0,"- ","- ",37.81991,-122.47817000000001,MARIN,UNINCORPORATED,-122.52164743,37.970128350000003
6617879,2014,2016-01-20,9350,2014-08-27,0855,019216,,3,1,9,2100,0,2,4,,1,014,"PANARAMIC HWY","BOOTJACK TRAIL",5280.00,E,N,A,-,N,,,,,,,,,,Y,2,0,1,1,A,-,03,22350,,N,F,A,A,A,H,-,A,D,0,,,Y,,Y,,C,02,1,0,0,0,0,0,0,0,1,"- ","- ",37.909129999999998,-122.58963,MARIN,UNINCORPORATED,-122.58966386,37.909176680000002
6628592,2014,2016-05-18,9350,2014-09-09,1837,015953,,2,2,9,2100,0,1,2,,2,050,"RT 101","TAMALPAIS AV",638.00,S,N,A,-,Y,MRN,4,101,-,-,7.234,R,2,N,Y,2,0,1,1,A,-,08,22107,,N,E,I,A,A,H,-,A,D,1,,,,,Y,,A,01,1,0,0,0,0,0,0,0,0,"- ","- ",37.924590000000002,-122.51364,MARIN,UNINCORPORATED,-122.51361925,37.924288109999999
6660502,2014,2014-10-23,2117,2014-08-10,1157,036,2,7,5,2,2102,0,0,0,,0,001,"PARADISE DR","WESTWARD DR",623.00,E,N,A,-,N,,,,,,,,,,Y,2,0,1,1,A,-,03,22350,,N,E,I,A,A,H,-,A,D,0,,,Y,,Y,,C,02,1,0,0,0,0,0,0,0,1,"- ","- ",37.919670000000004,-122.50055999999999,MARIN,"CORTE MADERA",-122.49480638,37.921180839999998
6661524,2014,2016-05-18,9350,2014-09-30,1535,016406,,2,2,9,2100,0,1,2,,1,060,"RT 101","MANUEL T FREITAS PKWY",116.00,S,N,A,-,Y,MRN,4,101,-,-,13.390,H,-,N,Y,2,0,1,2,A,-,03,22350,,N,C,C,A,A,H,-,A,D,1,,,Y,,Y,,C,02,1,0,0,0,0,0,0,0,1,"- ","- ",,,MARIN,UNINCORPORATED,-122.53854822,38.003015660000003
6661712,2014,2016-06-17,9350,2014-10-01,1240,13409,,3,1,9,2100,0,1,3,,1,052,"RT 1","CYPRESS RD",21648.00,N,N,A,-,Y,MRN,4,1,-,-,34.310,H,-,S,N,2,0,2,1,A,-,03,22350,,N,F,A,A,A,H,-,A,D,0,,,Y,,Y,,C,02,1,1,0,0,0,0,0,0,2,"- ","- ",38.115369999999999,-122.85234,MARIN,UNINCORPORATED,-122.85342194,38.11715444
6694331,2014,2015-01-05,9350,2014-10-21,0752,016034,,2,1,9,2100,0,3,5,,2,004,"LAVERNE AV","MELROSE AV",40.00,E,N,A,-,N,,,,,,,,,,N,2,0,1,2,A,-,08,22107,,N,G,B,E,A,H,-,A,D,0,Y,,,,Y,,A,01,1,0,0,0,1,0,0,0,0,"- ","- ",37.89526,-122.54342,MARIN,UNINCORPORATED,-122.54350601,37.895321709999997
6704422,2014,2015-01-07,2110,2014-10-18,1330,SP5236,S2,6,5,2,2110,0,0,0,,0,SP1,"BRIDGEWAY BL","BRIDGEWAY BL 817",0.00,N,N,A,-,N,,,,,,,,,,N,2,0,1,2,A,-,03,22350,,F,G,B,D,A,H,-,A,D,0,Y,Y,,,Y,,L,04,1,0,0,0,1,0,0,0,0,"- ","- ",,,MARIN,SAUSALITO,,
6707822,2014,2014-11-25,9360,2014-10-27,1625,015552,,1,2,9,2100,0,3,5,,2,007,"TOMALES PETALUMA RD","TWIN BRIDGE RD",1320.00,E,N,A,-,N,,,,,,,,,,Y,2,0,2,1,A,-,01,23152,A,N,E,I,A,A,H,-,A,D,0,,,,,Y,Y,A,01,2,0,0,0,0,0,0,0,0,"- ","- ",38.254449999999999,-122.85428,MARIN,UNINCORPORATED,-122.85493245000001,38.254615039999997
6708349,2014,2014-12-09,2109,2014-10-24,1938,579,41,5,5,5,2109,0,0,0,,0,003,"ANDERSEN DR","ANDERSON DR 1100 BLK",0.00,,-,A,-,N,,,,,,,,,,N,2,0,1,2,A,-,08,22107,,N,H,G,A,A,H,-,C,D,0,,Y,,,Y,,L,04,1,0,0,0,0,0,1,0,0,"- ","- ",,,MARIN,"SAN RAFAEL",,
6718189,2014,2016-01-07,9350,2014-11-23,0006,20764,,7,3,9,2100,0,1,2,,1,080,"RT 101","REDWOOD SANITARY LANDFILL",236.00,N,N,A,-,Y,MRN,4,101,-,-,25.480,H,-,S,Y,1,2,1,3,A,-,01,23152,A,N,A,C,A,A,H,-,C,D,0,,,,,Y,Y,A,01,1,0,0,0,0,0,0,0,0,"- ","- ",38.163130000000002,-122.57545,MARIN,UNINCORPORATED,-122.57425631,38.162224620000003
6768890,2015,2016-06-22,9350,2015-04-05,0735,020905,,7,1,9,2100,0,2,4,,1,014,"PANORAMIC HWY","RT 1",400.00,W,N,B,-,N,,,,,,,,,,N,2,0,1,1,A,-,03,22350,,N,F,A,A,B,H,-,A,D,0,,,Y,,Y,,C,02,1,0,0,0,0,0,0,0,1,"- ","- ",37.883299999999998,-122.55457,MARIN,UNINCORPORATED,-122.63670999999999,37.896250000000002
6768928,2015,2015-05-05,9360,2015-04-10,1800,016000,,5,2,9,2100,0,3,5,,2,007,"IRVIN RD","TOMALES PETALUMA RD",0.00,,Y,A,-,N,,,,,,,,,,Y,2,0,2,2,A,-,09,21802,A,N,D,C,A,A,H,-,A,A,0,,,,,Y,,A,01,2,0,0,0,0,0,0,0,0,"- ","- ",38.242220000000003,-122.89729,MARIN,UNINCORPORATED,-122.89728993,38.242189920000001
6769038,2015,2016-12-14,9350,2015-04-03,2218,020639,,5,3,3,2104,0,1,2,,2,050,"RT 101","SIR FRANCIS DRAKE BL",66.00,N,N,A,-,Y,MRN,4,101,-,-,8.741,R,2,S,Y,2,0,4,1,C,-,18,,,N,E,I,A,A,H,-,C,D,1,,,,,Y,,-,"- ",1,1,2,0,0,0,0,0,0,"- ","- ",37.944809999999997,-122.51542999999999,MARIN,LARKSPUR,-122.51456284,37.945564609999998
6788239,2014,2016-06-17,9350,2014-12-30,1506,16034,,2,2,9,2100,0,1,3,,1,012,"RT 1","ALMONTE BL",528.00,S,N,A,-,Y,MRN,4,1,-,-,0.550,H,-,S,Y,2,0,1,2,A,-,06,21755,,N,D,C,A,A,H,-,A,D,0,,,Y,,Y,,C,02,1,0,0,0,0,0,0,0,1,"- ","- ",37.880510000000001,-122.52410999999999,MARIN,UNINCORPORATED,-122.52428381,37.88095671
6811961,2015,2015-03-04,9350,2015-01-23,1535,18319,,5,2,9,2100,0,2,4,,1,016,"LUCAS VALLEY RD","SKYWALKER RANCH RD",2640.00,E,N,A,-,N,,,,,,,,,,Y,2,0,1,1,A,-,03,22350,,N,F,A,A,B,H,-,A,D,0,,,Y,,Y,,C,02,1,0,0,0,0,0,0,0,1,"- ","- ",,,MARIN,UNINCORPORATED,-122.64783113999999,38.053128549999997
6827398,2014,2015-05-06,9350,2014-12-07,1415,019216,,7,2,9,2100,0,3,5,,2,007,"SCHOOL RD","SUNSET TRL",1000.00,E,N,A,-,N,,,,,,,,,,Y,2,0,1,1,A,-,08,22107,,N,E,I,A,A,H,-,A,D,0,,,,,Y,,A,01,1,0,0,0,0,0,0,0,0,"- ","- ",,,MARIN,UNINCORPORATED,-122.5271,38.112589999999997
6837659,2015,2015-03-18,9350,2015-02-14,1310,020905,,6,1,9,2100,0,2,4,,1,014,"PANORAMIC HWY","PAN TOLL RD",1056.00,W,N,A,-,N,,,,,,,,,,N,2,0,1,2,A,-,03,22350,,N,C,G,A,A,H,-,A,D,0,,Y,,,Y,,L,04,1,0,0,0,0,0,1,0,0,"- ","- ",37.90034,-122.61073,MARIN,UNINCORPORATED,-122.60676035,37.903853300000002
6840511,2015,2016-04-28,9350,2015-02-22,1340,19875,,7,1,9,2100,0,3,5,,2,006,"MARSHALL PETALUMA RD","RT 1",7920.00,E,N,A,-,N,,,,,,,,,,Y,2,0,1,1,A,-,08,22107,,N,F,A,A,A,H,-,A,D,0,,,Y,,Y,,C,02,1,0,0,0,0,0,0,0,1,"- ","- ",38.160629999999998,-122.86936,MARIN,UNINCORPORATED,-122.86755013,38.159684890000001
6854708,2015,2017-05-09,9350,2015-05-23,0355,20731,,6,3,9,2100,0,1,2,,2,040,"RT 101",STRAWBERRY,266.00,S,N,B,-,Y,MRN,4,101,-,-,4.690,H,-,S,Y,1,1,1,1,A,-,08,22107,,N,E,I,A,A,H,-,C,D,1,,,,,Y,Y,A,01,1,0,0,0,0,0,0,0,0,"- ","- ",37.888399999999997,-122.51701,MARIN,UNINCORPORATED,-122.51687124,37.888232180000003
6854734,2015,2015-07-17,2109,2015-06-02,1912,476,31,2,5,5,2109,0,0,0,,0,004,"PT SAN PEDRO RD","MANDERLY RD",464.00,E,N,A,-,N,,,,,,,,,,Y,1,1,0,2,A,-,11,21954,A,N,G,B,E,A,H,-,A,D,0,Y,,,,Y,Y,N,60,0,0,0,1,0,0,0,0,0,"- ","- ",37.975140000000003,-122.49009,MARIN,"SAN RAFAEL",-122.48869123,37.974510080000002
6858815,2015,2015-03-27,2109,2015-03-05,0750,583,15,4,5,5,2109,0,0,0,,0,002,"5TH AV","LINCOLN AV",0.00,,Y,A,-,N,,,,,,,,,,N,2,0,1,1,C,-,18,,,N,H,J,A,A,H,-,A,D,0,,,Y,,Y,,-,"- ",1,0,0,0,0,0,0,0,1,"- ","- ",,,MARIN,"SAN RAFAEL",-122.52363991,37.973379999999999
6861211,2015,2015-04-03,9350,2015-03-12,1500,13409,,4,2,9,2100,0,2,4,,1,046,"PT REYES PETALUMA RD","NOVATO BL",2112.00,W,N,A,-,N,,,,,,,,,,Y,2,0,1,2,A,-,09,21801,A,N,D,C,A,A,H,-,A,D,0,,,Y,,Y,,A,01,1,0,0,0,0,0,0,0,1,"- ","- ",38.136760000000002,-122.70921,MARIN,UNINCORPORATED,-122.70866592,38.137312000000001
6863712,2015,2015-05-12,2110,2015-03-12,2123,SP5240,S9,4,5,2,2110,0,0,0,,0,SP2,"BRIDGEWAY BL","HARBOR DR",0.00,,Y,A,-,N,,,,,,,,,,N,2,0,1,2,A,-,08,22107,,N,A,C,A,A,H,-,C,A,0,,,,,Y,Y,A,01,1,0,0,0,0,0,0,0,0,"- ","- ",,,MARIN,SAUSALITO,-122.50082997,37.866909980000003
6870600,2015,2016-10-26,9350,2015-03-06,1200,19875,,5,1,2,2110,0,1,2,,2,040,"RT 101","BRIDGE BL",3168.00,N,N,A,-,Y,MRN,4,101,-,-,3.890,H,-,S,N,2,0,1,2,A,-,11,21954,A,N,G,B,E,A,H,-,A,D,1,Y,,,,Y,,N,60,1,0,0,0,1,0,0,0,0,"- ","- ",38.15549,-122.56757,MARIN,SAUSALITO,-122.51345714,37.877694750000003
6876248,2015,2015-04-29,2109,2015-04-03,0745,566,29,5,5,5,2109,0,0,0,,0,004,"3RD ST","GRAND AV",90.00,E,N,A,-,N,,,,,,,,,,N,2,0,1,2,A,-,08,22107,,N,H,G,A,A,H,-,-,D,0,,Y,,,Y,,L,04,1,0,0,0,0,0,1,0,0,"- ","- ",,,MARIN,"SAN RAFAEL",-122.51856071,37.97093563
6877467,2015,2016-09-07,9350,2015-03-23,0454,019798,,1,3,9,2100,0,1,3,,1,012,"RT 1","SPRUCE ST",346.00,W,N,B,-,Y,MRN,4,1,-,-,1.440,H,-,N,Y,2,0,2,2,A,-,03,22350,,N,A,C,A,B,H,-,C,D,0,,,,,Y,,A,01,1,0,1,0,0,0,0,0,0,"- ","- ",37.879899999999999,-122.53731999999999,MARIN,UNINCORPORATED,-122.53744828000001,37.879981880000003
6881506,2015,2016-04-28,9350,2015-03-29,1140,19777,,7,1,9,2100,0,2,4,,1,014,"PANORAMIC HWY","RT 1",528.00,E,N,A,-,N,,,,,,,,,,N,2,0,1,2,A,-,05,21460,A,N,A,G,A,A,H,-,A,D,0,,Y,,,Y,,A,07,1,0,0,0,0,0,1,0,0,"- ","- ",37.883519999999997,-122.55454,MARIN,UNINCORPORATED,-122.63519227,37.897051259999998
6910101,2015,2015-05-15,9350,2015-04-03,1015,18191,,5,1,9,2100,0,3,5,,2,006,"LOS RANCHITOS RD","GLENSIDE WY",460.00,N,N,A,-,N,,,,,,,,,,N,2,0,1,2,A,-,09,21801,A,F,F,A,A,A,H,-,A,D,0,,Y,,,Y,Y,A,01,1,0,0,0,0,0,1,0,0,"- ","- ",37.991770000000002,-122.53366,MARIN,UNINCORPORATED,-122.53375145,37.991838420000001
6946025,2015,2016-11-04,9350,2015-05-22,1130,019875,,5,1,9,2100,0,1,3,,1,052,"RT 1","CYPRESS RD",7392.00,N,N,B,-,Y,MRN,4,1,-,-,31.600,H,-,S,N,2,0,1,1,A,-,03,22350,,N,F,A,A,A,H,-,A,D,0,,,Y,,Y,,C,02,1,0,0,0,0,0,0,0,1,"- ","- ",38.090440000000001,-122.82292,MARIN,UNINCORPORATED,-122.82564614,38.092328969999997
6962861,2015,2015-07-09,9350,2015-06-10,0910,015765,,3,1,9,2100,0,3,5,,2,003,"SIR FRANCIS DRAKE BL","DRAKES COVE RD",250.00,E,N,C,-,N,,,,,,,,,,Y,2,0,2,2,A,-,03,22350,,N,D,C,A,B,H,-,A,D,0,,,,,Y,,A,01,1,0,1,0,0,0,0,0,0,"- ","- ",37.943739999999998,-122.50193,MARIN,UNINCORPORATED,-122.50187597999999,37.943485969999998
6967327,2015,2015-06-30,2109,2015-06-08,2147,476,51,1,5,5,2109,0,0,0,,0,006,"LAS GALLINAS AV","CORTE LA PAZ",47.00,S,N,A,-,N,,,,,,,,,,Y,2,0,1,1,A,-,03,22350,,N,E,I,A,A,H,-,C,D,0,,,Y,,Y,,C,02,1,0,0,0,0,0,0,0,1,"- ","- ",38.01782,-122.54946,MARIN,"SAN RAFAEL",-122.54951672,38.017608959999997
6975634,2015,2015-07-06,9350,2015-06-14,1805,19821,,7,2,9,2100,0,2,4,,1,044,"SIR FRANCIS DRAKE BL","BAYWOOD CANYON RD",200.00,W,N,A,-,N,,,,,,,,,,Y,2,0,2,2,A,-,03,22350,,N,F,A,A,A,H,-,A,D,0,,,Y,,Y,,C,02,1,1,0,0,0,0,0,0,2,"- ","- ",38.006740000000001,-122.61571000000001,MARIN,UNINCORPORATED,-122.61270449,38.002429020000001