CASE_ID,ACCIDENT_YEAR,PROC_DATE,JURIS,COLLISION_DATE,COLLISION_TIME,OFFICER_ID,REPORTING_DISTRICT,DAY_OF_WEEK,CHP_SHIFT,POPULATION,CNTY_CITY_LOC,SPECIAL_COND,BEAT_TYPE,CHP_BEAT_TYPE,CITY_DIVISION_LAPD,CHP_BEAT_CLASS,BEAT_NUMBER,PRIMARY_RD,SECONDARY_RD,DISTANCE,DIRECTION,INTERSECTION,WEATHER_1,WEATHER_2,STATE_HWY_IND,CALTRANS_COUNTY,CALTRANS_DISTRICT,STATE_ROUTE,ROUTE_SUFFIX,POSTMILE_PREFIX,POSTMILE,LOCATION_TYPE,RAMP_INTERSECTION,SIDE_OF_HWY,TOW_AWAY,COLLISION_SEVERITY,NUMBER_KILLED,NUMBER_INJURED,PARTY_COUNT,PRIMARY_COLL_FACTOR,PCF_CODE_OF_VIOL,PCF_VIOL_CATEGORY,PCF_VIOLATION,PCF_VIOL_SUBSECTION,HIT_AND_RUN,TYPE_OF_COLLISION,MVIW,PED_ACTION,ROAD_SURFACE,ROAD_COND_1,ROAD_COND_2,LIGHTING,CONTROL_DEVICE,CHP_ROAD_TYPE,PEDESTRIAN_ACCIDENT,BICYCLE_ACCIDENT,MOTORCYCLE_ACCIDENT,TRUCK_ACCIDENT,NOT_PRIVATE_PROPERTY,ALCOHOL_INVOLVED,STWD_VEHTYPE_AT_FAULT,CHP_VEHTYPE_AT_FAULT,COUNT_SEVERE_INJ,COUNT_VISIBLE_INJ,COUNT_COMPLAINT_PAIN,COUNT_PED_KILLED,COUNT_PED_INJURED,COUNT_BICYCLIST_KILLED,COUNT_BICYCLIST_INJURED,COUNT_MC_KILLED,COUNT_MC_INJURED,PRIMARY_RAMP,SECONDARY_RAMP,LATITUDE,LONGITUDE,COUNTY,CITY,POINT_X,POINT_Y
6985262,2015,2015-07-21,9350,2015-07-07,1730,020092,,2,2,9,2100,0,2,4,,1,046,"POINT REYES PETALUMA RD","NICASIO VALLEY RD",9504.00,W,N,A,-,N,,,,,,,,,,N,2,0,1,2,A,-,05,21460,A,N,B,C,A,A,H,-,A,D,0,,,Y,,Y,,-,99,1,0,0,0,0,0,0,0,1,"- ","- ",,,MARIN,UNINCORPORATED,-122.75317278,38.083907400000001
6997103,2015,2015-08-04,2117,2015-03-18,0839,036,3,3,5,3,2108,0,0,0,,0,004,"SIR FRANCIS DRAKE BL","BRIDGE AV",285.00,E,N,A,-,N,,,,,,,,,,Y,2,0,1,2,A,-,08,22107,,N,C,C,A,A,H,-,A,D,0,,,Y,,Y,,A,01,1,0,0,0,0,0,0,0,1,"- ","- ",,,MARIN,"SAN ANSELMO",-122.56236748000001,37.977050589999997
7001294,2015,2017-01-19,9350,2015-07-08,1055,013814,,3,1,9,2100,0,1,3,,1,052,"RT 1","KEYES CRK",13728.00,S,N,B,-,Y,MRN,4,1,-,-,41.850,H,-,N,Y,2,0,1,2,D,-,00,,,N,D,C,A,A,H,-,A,D,0,,,Y,,Y,,-,"- ",1,0,0,0,0,0,0,0,1,"- ","- ",38.924950000000003,-122.21068,MARIN,UNINCORPORATED,-122.92103988,38.201416090000002
7027892,2015,2015-10-07,2103,2015-09-13,2230,095,EAST,7,5,2,2103,0,0,0,,0,PAT,"CENTER BL","PASTORI AV",607.00,E,N,A,-,N,,,,,,,,,,Y,2,0,4,2,A,-,03,22350,A,N,C,C,A,A,H,-,D,D,0,,,,,Y,Y,A,01,1,1,2,0,0,0,0,0,0,"- ","- ",37.985039999999998,-122.58096,MARIN,FAIRFAX,-122.58096722000001,37.984686230000001
7069472,2015,2015-09-24,2110,2015-07-04,1127,SP5234,10000,6,5,2,2110,0,0,0,,0,SP2,"NAPA ST",BRIDGEWAY,24.00,E,N,A,-,N,,,,,,,,,,N,2,0,1,2,A,-,17,21712,B,N,G,B,A,A,H,-,A,D,0,,,,,Y,,-,,1,0,0,0,0,0,0,0,0,"- ","- ",,,MARIN,SAUSALITO,-122.48934374,37.861279330000002
7069938,2015,2015-10-03,2109,2015-09-14,2222,491,16,1,5,5,2109,0,0,0,,0,002,"2ND ST","A ST",0.00,,Y,A,-,N,,,,,,,,,,N,2,0,1,2,A,-,12,21453,A,N,D,G,A,A,H,-,C,A,0,,Y,,,Y,,L,04,1,0,0,0,0,0,1,0,0,"- ","- ",37.971170000000001,-122.52853,MARIN,"SAN RAFAEL",-122.5285399,37.97117995
7097303,2015,2015-10-22,2109,2015-09-18,1400,524,39,5,5,5,2109,0,0,0,,0,,"ANDERSEN DR","WEST FRANCISCO BL",0.00,,Y,A,-,N,,,,,,,,,,N,2,0,1,1,A,-,03,22350,,N,E,I,A,A,H,-,A,D,0,,Y,,,Y,Y,L,04,1,0,0,0,0,0,1,0,0,"- ","- ",37.960290000000001,-122.51176,MARIN,"SAN RAFAEL",-122.51169998,37.960309969999997
7109365,2015,2015-11-23,2110,2015-10-11,1220,SP5253,S1,7,5,2,2110,0,0,0,,0,SP1,"HUMBOLDT AV","BAY ST",128.00,S,N,A,-,N,,,,,,,,,,,2,0,1,3,A,-,21,22106,,N,G,B,E,A,H,-,A,D,0,Y,,Y,,Y,,O,05,1,0,0,0,1,0,0,0,0,"- ","- ",,,MARIN,SAUSALITO,-122.47976107,37.857184879999998
7130078,2015,2015-12-08,2109,2015-11-13,1330,550,21,5,5,5,2109,0,0,0,,0,003,"KERNER BL","LARKSPUR ST",157.00,S,N,A,-,N,,,,,,,,,,Y,2,0,1,3,A,-,00,23103,,N,B,E,A,A,H,-,A,D,0,,,Y,,Y,,C,02,1,0,0,0,0,0,0,0,1,"- ","- ",37.962649999999996,-122.50227,MARIN,"SAN RAFAEL",-122.50213558999999,37.962303460000001
7139619,2014,2016-01-09,2106,2014-10-18,1218,309,,6,5,4,2106,0,0,0,,0,,"REDWOOD BL","DIABLO AV",0.00,,Y,A,-,N,,,,,,,,,,Y,2,0,2,2,A,-,12,21453,A,N,D,C,A,A,H,-,A,A,0,,,,,Y,,A,01,1,1,0,0,0,0,0,0,0,"- ","- ",,,MARIN,NOVATO,-122.57092994,38.104919889999998
7139628,2014,2016-01-09,2106,2014-10-03,1237,397,,5,5,4,2106,0,0,0,,0,,"ALAMEDA DE PRADO","CIELO LN",536.00,S,N,A,-,N,,,,,,,,,,Y,2,0,1,1,A,-,08,22107,,N,E,I,A,A,H,-,A,D,0,,,,,Y,,A,01,1,0,0,0,0,0,0,0,0,"- ","- ",,,MARIN,NOVATO,-122.53104707999999,38.056519309999999
7151677,2014,2016-01-09,2106,2014-07-14,0734,NP0342,N221,1,5,4,2106,0,0,0,,0,NP2,"DE LONG AV","REICHERT AV",0.00,,Y,A,-,N,,,,,,,,,,Y,2,0,2,2,A,-,12,21453,A,N,D,C,A,A,H,-,A,A,0,,,,,Y,,A,01,1,0,1,0,0,0,0,0,0,"- ","- ",,,MARIN,NOVATO,-122.56669995999999,38.105589950000002
7165156,2016,2016-01-28,2109,2016-01-19,0719,364,39,2,5,5,2109,0,0,0,,0,003,"ANDERSEN DR","DU BOIS ST",0.00,,Y,C,-,N,,,,,,,,,,N,2,0,1,2,A,-,11,21456,B,N,G,B,B,B,H,-,B,A,0,Y,,,,Y,,N,60,1,0,0,0,1,0,0,0,0,"- ","- ",37.963569999999997,-122.51725,MARIN,"SAN RAFAEL",-122.51726993,37.963609929999997
7190004,2016,2016-02-17,2106,2016-01-12,1517,NP0342,N111,2,5,4,2106,0,0,0,,0,NP1,"7TH ST","NOVATO BL",137.00,N,N,B,-,N,,,,,,,,,,N,1,1,0,2,A,-,09,21804,B,N,H,G,A,A,H,-,A,D,0,,Y,,,Y,,L,04,0,0,0,0,0,1,0,0,0,"- ","- ",,,MARIN,NOVATO,-122.57876505999999,38.106595839999997
7209454,2016,2016-03-16,2109,2016-01-02,2151,587,22,6,5,5,2109,0,0,0,,0,003,"BELLAM BL","VISTA DEL MAR",276.00,E,N,A,-,N,,,,,,,,,,N,2,0,1,2,A,-,11,21954,A,F,D,B,D,A,H,-,C,D,0,Y,,,,Y,Y,N,60,1,0,0,0,1,0,0,0,0,"- ","- ",37.961539999999999,-122.49921000000001,MARIN,"SAN RAFAEL",-122.4994147,37.961930629999998
8011870,2016,2016-04-12,2117,2016-02-08,0930,089,3,1,5,3,2108,0,0,0,,0,004,"SIR FRANCIS DRAKE BL","SAUNDERS AV",0.00,,Y,A,-,N,,,,,,,,,,N,2,0,1,1,A,-,08,22107,,N,E,J,A,A,H,-,A,D,0,,Y,,,Y,,L,04,1,0,0,0,0,0,1,0,0,"- ","- ",37.983220000000003,-122.57038,MARIN,"SAN ANSELMO",-122.57040996000001,37.983229899999998
8013606,2016,2016-04-14,2117,2016-01-15,0927,075,3,5,5,3,2108,0,0,0,,0,004,"CENTER BL","UTILITY POLE 187N",109.00,E,N,A,-,N,,,,,,,,,,Y,2,0,1,1,A,-,03,22350,,N,E,I,A,B,H,-,A,D,0,,,,,Y,,A,01,1,0,0,0,0,0,0,0,0,"- ","- ",37.977130000000002,-122.56429,MARIN,"SAN ANSELMO",,
8072811,2016,2016-06-30,2109,2016-05-17,1800,598,13,2,5,5,2109,0,0,0,,0,002,"LINCOLN AV","GRAND AV",13.00,S,N,A,-,N,,,,,,,,,,Y,2,0,2,3,A,-,10,21950,A,N,A,B,B,A,H,-,B,D,0,Y,,,,Y,,A,07,2,0,0,0,2,0,0,0,0,"- ","- ",,,MARIN,"SAN RAFAEL",-122.52462991,37.983768019999999
8078021,2016,2016-07-14,2109,2016-05-11,1838,598,39,3,5,5,2109,0,0,0,,0,003,"CAL PARK HILL BIKE PATH","ANDERSEN DR",400.00,S,N,A,-,N,,,,,,,,,,N,2,0,2,2,A,-,03,22350,,N,G,B,F,A,H,-,A,D,0,Y,Y,,,Y,,L,04,1,1,0,0,1,0,1,0,0,"- ","- ",37.960290000000001,-122.51176,MARIN,"SAN RAFAEL",,
8084081,2016,2016-07-21,2109,2016-07-02,0804,542,55,6,5,5,2109,0,0,0,,0,006,"AVENUE OF THE FLAGS","CIVIC CENTER DR",1500.00,E,N,A,-,N,,,,,,,,,,N,2,0,1,2,A,-,03,22350,A,N,G,B,E,A,H,-,A,D,0,Y,,,Y,Y,,F,26,1,0,0,0,1,0,0,0,0,"- ","- ",38.000819999999997,-122.53548000000001,MARIN,"SAN RAFAEL",-122.53250509999999,38.003659659999997
8136173,2016,2016-10-06,2117,2016-08-12,2033,076,,5,5,3,2108,0,0,0,,0,,"SEMINARY RD","KENSINGTON CT",0.00,,Y,A,-,N,,,,,,,,,,N,2,0,1,2,A,-,09,21800,A,N,H,G,A,A,H,-,B,D,0,,Y,,,Y,,L,04,1,0,0,0,0,0,1,0,0,"- ","- ",37.968699999999998,-122.5658,MARIN,"SAN ANSELMO",-122.56603997000001,37.968499960000003
8163104,2016,2016-11-16,2106,2016-10-21,1108,NP0420,13020,5,5,4,2106,0,0,0,,0,NP2,"RAILROAD AV","OLIVE AV",99.00,S,N,A,-,N,,,,,,,,,,N,2,0,1,2,A,-,17,21203,,N,E,J,A,A,H,-,A,D,0,,,Y,,Y,,C,03,1,0,0,0,0,0,0,0,1,"- ","- ",,,MARIN,NOVATO,-122.56599504,38.110378300000001
8170179,2016,2016-11-17,2109,2016-10-31,1828,542,16,1,5,5,2109,0,0,0,,0,,"LOOTENS PL","4TH ST",13.00,S,N,C,-,N,,,,,,,,,,N,2,0,1,2,A,-,11,21456,B,N,G,B,B,B,H,-,C,A,0,Y,,,,Y,,N,60,1,0,0,0,1,0,0,0,0,"- ","- ",37.972929999999998,-122.52603999999999,MARIN,"SAN RAFAEL",-122.52602404,37.972894429999997
8178072,2016,2016-12-07,2109,2016-11-19,1910,566,22,6,5,5,2109,0,0,0,,0,003,"CASTRO ST","EAST FRANCISCO BL",0.00,,Y,C,-,N,,,,,,,,,,N,2,0,1,2,A,-,10,21950,A,N,G,B,B,B,H,-,D,D,0,Y,,,,Y,,D,73,1,0,0,0,1,0,0,0,0,"- ","- ",,,MARIN,"SAN RAFAEL",-122.50395987,37.959599939999997
8181899,2016,2016-12-07,2106,2016-11-28,1916,NP0387,13042,1,5,4,2106,0,0,0,,0,NP4,"NOVATO BL","TAMALPAIS AV",28.00,E,N,A,-,N,,,,,,,,,,N,2,0,1,2,A,-,01,23152,A,N,G,B,B,A,H,-,C,A,0,Y,,,,Y,Y,-,,1,0,0,0,1,0,0,0,0,"- ","- ",,,MARIN,NOVATO,-122.57889475,38.106222870000003
8202283,2016,2017-01-13,2117,2016-07-20,1430,092,2,3,5,2,2102,0,0,0,,0,001,"MADERA DEL PRESIDO","PARADISE DR",67.00,W,N,A,-,N,,,,,,,,,,N,2,0,1,2,A,-,"- ",,,N,H,G,A,A,H,-,A,D,0,,Y,,,Y,,A,01,1,0,0,0,0,0,1,0,0,"- ","- ",37.920200000000001,-122.48827,MARIN,"CORTE MADERA",-122.50899962,37.919989180000002
8207920,2017,2017-05-31,2109,2017-01-02,1544,509,20,1,5,5,2109,0,0,0,,0,003,"BELVEDERE ST","BELLAM BL",0.00,,Y,B,-,N,,,,,,,,,,N,2,0,1,2,A,-,10,21950,,N,D,G,A,A,H,-,A,A,0,,Y,,,Y,,A,01,1,0,0,0,0,0,1,0,0,"- ","- ",37.961570000000002,-122.50305,MARIN,"SAN RAFAEL",-122.50263987,37.961369920000003
82301952,2023,2024-01-31,2109,2023-10-14,2300,651,,6,5,5,2109,0,0,0,,0,001,"TAMAL VISTA DR","159 TAMAL VISTA",84.00,S,-,A,-,N,,,,,,,,,,Y,1,1,0,1,A,-,21,22106,,N,F,A,A,A,H,-,D,D,0,,,,,Y,,A,01,0,0,0,0,0,0,0,0,0,"- ","- ",37.980548858642578,-122.54978179931641,MARIN,"SAN RAFAEL",-122.51885986328125,37.936500549316406
82341712,2024,2024-03-19,2109,2024-01-13,1956,658,16,6,5,5,2109,0,0,0,,0,002,"SECOND ST","A ST",17.00,E,-,C,-,N,,,,,,,,,,Y,1,1,0,2,A,-,03,22350,,N,G,B,B,B,H,-,C,A,0,Y,,,,Y,,A,01,0,0,0,1,0,0,0,0,0,"- ","- ",37.971168518066406,-122.52852630615234,MARIN,"SAN RAFAEL",-122.52848052978516,37.971172332763672
82357045,2024,2024-04-05,2109,2024-03-23,1750,671,35,6,5,5,2109,0,0,0,,0,003,"ANDERSEN DR","IRWIN ST",0.00,,Y,A,-,N,,,,,,,,,,Y,2,0,1,2,A,-,01,23152,A,M,C,C,A,B,H,-,A,A,0,,,,,Y,Y,A,01,1,0,0,0,0,0,0,0,0,"- ","- ",37.968849182128906,-122.52639770507812,MARIN,"SAN RAFAEL",-122.52188110351562,37.966239929199219
82384741,2024,2024-05-08,2109,2024-04-24,"740 ",689,,3,5,5,2109,0,0,0,,0,,"B STREET","MISSION AVE",9.00,S,-,B,-,N,,,,,,,,,,N,2,0,1,1,A,-,03,22350,,N,H,A,A,A,H,-,A,D,0,,,,,Y,,M,94,1,0,0,0,0,0,0,0,0,"- ","- ",37.9752197265625,-122.52912902832031,MARIN,"SAN RAFAEL",-122.52925872802734,37.974925994873047
82410104,2024,2024-06-10,2109,2024-04-19,1751,635,,5,5,5,2109,0,0,0,,0,004,"KNIGHT DR","FERNWOOD WAY",138.00,S,-,A,-,N,,,,,,,,,,N,2,0,1,1,A,-,03,22350,,N,H,J,A,A,H,-,A,D,0,,,Y,,Y,,C,02,1,0,0,0,0,0,0,0,1,"- ","- ",37.982769012451172,-122.47585296630859,MARIN,"SAN RAFAEL",-122.47603607177734,37.982646942138672
82414720,2024,2024-06-14,2109,2024-04-19,2009,669,,5,5,5,2109,0,0,0,,0,003,"BELLAM BLVD","FRANCISCO BLVD E",0.00,,Y,A,-,N,,,,,,,,,,N,2,0,2,3,A,-,12,21453,A,N,A,C,A,A,H,-,C,A,0,,,,,Y,,D,22,1,1,0,0,0,0,0,0,0,"- ","- ",37.96051025390625,-122.50422668457031,MARIN,"SAN RAFAEL",-122.50484466552734,37.960559844970703
82419223,2023,2024-06-20,2109,2023-12-02,"740 ",630,,6,5,5,2109,0,0,0,,0,003,"ANDERSEN DR W/B","FRANCISCO BLVD W",150.00,W,-,B,C,N,,,,,,,,,,N,1,1,0,2,A,-,08,22107,,N,H,G,A,B,H,-,A,D,0,,Y,,,Y,,L,04,0,0,0,0,0,1,0,0,0,"- ","- ",37.960289001464844,-122.51175689697266,MARIN,"SAN RAFAEL",-122.51210021972656,37.960575103759766
8302495,2017,2017-02-28,2104,2017-01-13,1649,098,1B,5,5,3,2104,0,0,0,,0,003,"BARRY WY","DRAKES LANDING RD",128.00,S,N,A,-,N,,,,,,,,,,N,2,0,1,2,A,-,11,21954,A,N,G,B,D,A,H,-,B,D,0,Y,,,,Y,,N,60,1,0,0,0,1,0,0,0,0,"- ","- ",37.945070000000001,-122.52118,MARIN,LARKSPUR,-122.52148083,37.94488509
8302596,2017,2017-03-16,2117,2017-02-05,1600,040,2,7,5,2,2102,0,0,0,,0,001,"GRANADA DR","ENDEAVOR DR",172.00,E,N,C,-,N,,,,,,,,,,Y,2,0,1,1,A,-,01,23152,A,N,C,E,A,B,H,-,A,A,0,,,,,Y,Y,A,08,1,0,0,0,0,0,0,0,0,"- ","- ",,,MARIN,"CORTE MADERA",-122.50036446,37.914479049999997
8365906,2017,2017-05-22,2102,2017-04-21,0749,036,2,5,5,2,2102,0,0,0,,0,001,"PARADISE DR","UPLAND CR",0.00,,Y,A,-,N,,,,,,,,,,N,2,0,2,3,A,-,08,22107,,N,H,G,A,A,H,-,A,D,0,,Y,,,Y,,A,07,2,0,0,0,0,0,2,0,0,"- ","- ",37.919930000000001,-122.49075000000001,MARIN,"CORTE MADERA",-122.49073993,37.919919929999999
8378320,2017,2017-06-23,2106,2017-06-13,1031,NP0386,13011,2,5,4,2106,0,0,0,,0,NP1,"NOVATO BL","WILSON AV",27.00,W,N,A,-,N,,,,,,,,,,Y,2,0,1,2,A,-,11,21954,A,N,A,B,E,A,H,-,A,A,0,Y,,,,Y,,N,60,1,0,0,0,1,0,0,0,0,"- ","- ",,,MARIN,NOVATO,-122.59104105999999,38.11163741
8384284,2017,2017-07-06,2109,2017-06-18,0846,604,26,7,5,5,2109,0,0,0,,0,004,"4TH ST","IRWIN ST",0.00,,Y,A,-,N,,,,,,,,,,N,2,0,1,2,A,-,10,21950,A,N,G,B,B,A,H,-,A,A,0,Y,,,,Y,,I,11,1,0,0,0,1,0,0,0,0,"- ","- ",37.972209999999997,-122.52067,MARIN,"SAN RAFAEL",-122.52067988,37.972209939999999
8404870,2018,2018-06-29,2108,2018-01-30,1020,036,3,2,5,3,2108,0,0,0,,0,004,"SIR FRANCIS DRAKE BL","CORDONE DR",76.00,W,N,A,-,N,,,,,,,,,,Y,1,1,0,2,A,-,09,21804,,N,D,C,A,A,H,-,A,D,0,,,,,Y,,A,01,0,0,0,0,0,0,0,0,0,"- ","- ",37.983848571777344,-122.57145690917969,MARIN,"SAN ANSELMO",-122.57164001464844,37.983943939208984
8434092,2018,2018-12-12,2109,2018-11-29,1722,627,14,4,5,5,2109,0,0,0,,0,002,LINCOLN,"MAPLE ST",0.00,,Y,A,-,N,,,,,,,,,,N,2,0,1,2,A,-,10,21950,A,N,G,B,B,A,H,-,C,D,0,Y,,,,Y,,A,01,1,0,0,0,1,0,0,0,0,"- ","- ",37.977458953857422,-122.52230834960938,MARIN,"SAN RAFAEL",-122.52233123779297,37.977428436279297
84399260,2024,2024-09-18,2109,2024-09-11,1513,685,,3,5,5,2109,0,0,0,,0,002,"FIFTH AVE","A STREET",4.00,N,-,A,-,N,,,,,,,,,,N,2,0,1,2,A,-,10,21950,A,N,G,B,B,A,H,-,A,A,0,Y,,,,Y,,A,01,1,0,0,0,1,0,0,0,0,"- ","- ",37.974159240722656,-122.52808380126953,MARIN,"SAN RAFAEL",-122.52806091308594,37.974140167236328
84549533,2025,2025-01-27,2109,2025-01-23,"819 ",527,,4,5,5,2109,0,0,0,,0,005,"LOS RANCHITOS RD","NORTH SAN PEDRO RD",564.00,S,-,A,-,N,,,,,,,,,,N,2,0,1,2,A,-,08,22107,A,N,D,C,A,A,H,-,A,D,0,,Y,,,Y,,A,01,1,0,0,0,0,0,1,0,0,"- ","- ",37.991191864013672,-122.53209686279297,MARIN,"SAN RAFAEL",-122.53379058837891,37.991855621337891
84593658,2025,2025-03-03,2109,2025-02-22,"9   ",699,,6,5,5,2109,0,0,0,,0,002,"THIRD ST","LINCOLN AVE",0.00,,Y,A,-,N,,,,,,,,,,Y,2,0,2,3,A,-,01,23152,,N,D,C,A,A,H,-,C,A,0,,,,,Y,Y,A,01,1,0,1,0,0,0,0,0,0,"- ","- ",37.971660614013672,-122.52406311035156,MARIN,"SAN RAFAEL",-122.52407836914062,37.971656799316406
84603860,2025,2025-03-18,2109,2025-02-08,"830 ",712,,6,5,5,2109,0,0,0,,0,003,"BELLAM BLVD","ANDERSON BLVD",0.00,,Y,A,-,N,,,,,,,,,,N,2,0,1,2,D,-,00,,,N,H,G,A,A,H,-,A,D,0,,Y,,,Y,,-,"- ",1,0,0,0,0,0,1,0,0,"- ","- ",37.958141326904297,-122.50832366943359,MARIN,"SAN RAFAEL",-122.50837707519531,37.958076477050781
8463875,2015,2017-10-16,2106,2015-02-12,0738,NP0342,N430,4,5,4,2106,0,0,0,,0,NP4,"VALLEJO AV","1ST ST",98.00,W,N,A,-,N,,,,,,,,,,Y,2,0,1,2,A,-,03,22350,,N,C,G,A,A,H,-,A,D,0,,Y,,,Y,,L,04,1,0,0,0,0,0,1,0,0,"- ","- ",,,MARIN,NOVATO,-122.57083946,38.10981864
84652247,2025,2025-04-16,2109,2025-03-07,2235,654,,5,5,5,2109,0,0,0,,0,006,"REDWOOD HWY","MARIN CENTER DR",25.00,S,-,A,-,N,,,,,,,,,,N,1,1,0,2,A,-,03,22350,,F,G,B,E,A,H,-,C,D,0,Y,,,,Y,,A,01,0,0,0,1,0,0,0,0,0,"- ","- ",38.008308410644531,-122.54142761230469,MARIN,"SAN RAFAEL",-122.54144287109375,38.008308410644531
8465531,2018,2020-05-26,2110,2018-09-10,2338,SP5266,10001,1,5,2,2110,0,0,0,,0,SP2,BRIDGEWAY,"COLOMA ST",0.00,,Y,A,-,N,,,,,,,,,,Y,1,1,0,1,A,-,03,22350,,N,E,I,A,A,H,-,C,A,0,,,,,Y,Y,A,01,0,0,0,0,0,0,0,0,0,"- ","- ",,,MARIN,SAUSALITO,-122.50260162353516,37.86859130859375
8468270,2017,2017-10-27,2110,2017-10-03,1624,SP5254,10000,2,5,2,2110,0,0,0,,0,SP1,BRIDGEWAY,"RICHARDSON ST",198.00,N,N,A,-,N,,,,,,,,,,N,2,0,2,2,A,-,03,22350,,N,A,-,D,A,H,-,A,D,0,Y,Y,,,Y,,L,04,1,1,0,0,1,0,1,0,0,"- ","- ",,,MARIN,SAUSALITO,-122.47964152,37.850406960000001
84700539,2025,2025-05-26,2109,2025-05-15,"625 ",713,,4,5,5,2109,0,0,0,,0,002,"MISSION AVE","TAMALPAIS AVE",0.00,,Y,A,-,N,,,,,,,,,,N,2,0,1,2,D,-,00,,,N,D,G,A,A,H,-,A,A,0,,Y,,,Y,,-,"- ",1,0,0,0,0,0,1,0,0,"- ","- ",37.974128723144531,-122.52233123779297,MARIN,"SAN RAFAEL",-122.52230834960938,37.974113464355469
8473223,2017,2017-11-21,2102,2017-08-16,2302,026,2A,3,5,2,2102,0,0,0,,0,002,"LAKESIDE DR","BIRCH AV",0.00,,Y,A,-,N,,,,,,,,,,N,2,0,1,2,A,-,08,22107,,N,H,G,A,A,H,-,A,-,0,,Y,,,Y,,A,01,1,0,0,0,0,0,1,0,0,"- ","- ",37.931890000000003,-122.52236000000001,MARIN,"CORTE MADERA",-122.52159985999999,37.931639930000003
8478832,2017,2018-01-06,2109,2017-10-17,0535,587,0,2,5,5,2109,0,0,0,,0,003,"BELLAM BL","RT 101",0.00,,Y,A,-,N,,,580,,,,,,,N,2,0,1,2,A,-,00,21453,,N,D,B,A,A,H,-,C,A,0,,Y,,,Y,,L,04,1,0,0,0,0,0,1,0,0,"- ","- ",37.960290000000001,-122.50529,MARIN,"SAN RAFAEL",-122.50529,37.960290000000001
8479724,2017,2017-11-09,2109,2017-10-07,2330,592,7,6,5,5,2109,0,0,0,,0,002,"3RD ST","B ST",0.00,,Y,A,-,N,,,,,,,,,,N,2,0,1,2,A,-,10,21950,D,N,G,B,B,A,H,-,C,A,0,Y,,,,Y,,N,60,1,0,0,0,1,0,0,0,0,"- ","- ",37.972290000000001,-122.52964,MARIN,"SAN RAFAEL",-122.52967993999999,37.972299970000002
8481001,2017,2018-05-21,2106,2017-07-06,1405,NP0401,N334,4,5,4,2106,0,0,0,,0,NP3,"ENFRENTE RD","RT 101",0.00,,Y,A,-,Y,MRN,4,101,-,-,18.262,R,4,S,N,2,0,1,2,A,-,09,21802,A,N,H,G,A,A,H,-,A,A,0,,Y,,,Y,,L,04,1,0,0,0,0,0,1,0,0,"- ",SF,,,MARIN,NOVATO,-122.538979,38.068638
8481241,2017,2017-11-27,2106,2017-10-15,0205,NP0406,12042,7,5,4,2106,0,0,0,,0,NP4,"1ST ST","DIABLO AV",56.00,N,N,A,-,N,,,,,,,,,,Y,2,0,1,1,A,-,08,22107,,N,A,I,A,A,H,-,C,D,0,,,,,Y,Y,A,01,1,0,0,0,0,0,0,0,0,"- ","- ",,,MARIN,NOVATO,-122.57152408,38.104483979999998
8481999,2017,2017-11-06,2106,2017-10-21,1147,NP0302,13010,6,5,4,2106,0,0,0,,0,NP1,"EUCALYPTUS AV","CENTER RD",260.00,N,N,A,-,N,,,,,,,,,,Y,2,0,2,2,A,-,01,23152,A,N,A,C,A,A,H,-,A,D,0,,,Y,,Y,Y,C,03,1,1,0,0,0,0,0,0,1,"- ","- ",,,MARIN,NOVATO,-122.60441612,38.111420889999998
8506144,2017,2017-12-11,2109,2017-11-20,2207,615,19,1,5,5,2109,0,0,0,,0,003,"FRANCISCO BL E","HARBOR ST",0.00,,Y,A,-,N,,,,,,,,,,Y,2,0,1,1,A,-,01,23152,A,M,E,I,A,A,H,-,C,D,0,,,,,Y,Y,A,01,1,0,0,0,0,0,0,0,0,"- ","- ",37.9651,-122.51356,MARIN,"SAN RAFAEL",-122.51395994000001,37.965049989999997
8528301,2017,2018-01-12,2109,2017-12-26,0754,510,7,2,5,5,2109,0,0,0,,0,001,"4TH ST","D ST",6.00,N,N,A,-,N,,,,,,,,,,N,2,0,1,2,A,-,09,21804,A,N,D,G,A,A,H,-,A,A,0,,Y,,,Y,,L,04,1,0,0,0,0,0,1,0,0,"- ","- ",37.973520000000001,-122.53201,MARIN,"SAN RAFAEL",-122.53204062,37.97352231
8528305,2017,2018-01-12,2106,2017-12-14,0815,NP0386,13043,4,5,4,2106,0,0,0,,0,NP4,"SOUTH NOVATO BL","GATEWAY CT",29.00,S,N,A,-,N,,,,,,,,,,N,2,0,1,2,A,-,11,21950,B,N,G,B,B,A,H,-,A,D,0,Y,,,,Y,,N,60,1,0,0,0,1,0,0,0,0,"- ","- ",,,MARIN,NOVATO,-122.55029,38.077480000000001
8529838,2017,2018-01-17,2103,2017-11-04,1328,106,DNN,6,5,2,2103,0,0,0,,0,PAT,BROADWAY,"PACHECO AV",142.00,W,N,A,-,N,,,,,,,,,,N,2,0,1,3,A,-,10,21950,,N,G,B,C,A,H,-,A,D,0,Y,,,,Y,,A,01,1,0,0,0,1,0,0,0,0,"- ","- ",37.986640000000001,-122.58749,MARIN,FAIRFAX,-122.5877093,37.986936880000002
8532485,2017,2018-01-26,2102,2017-12-09,1043,026,,6,5,2,2102,0,0,0,,0,,"CORTE MADERA AV","CHAPMAN DR",2640.00,N,N,A,-,N,,,,,,,,,,N,2,0,1,1,A,-,03,22350,,N,E,J,A,A,H,-,A,D,0,,Y,,,Y,,L,04,1,0,0,0,0,0,1,0,0,"- ","- ",37.918579999999999,-122.52876000000001,MARIN,"CORTE MADERA",-122.52997879,37.921177479999997
8574177,2018,2018-03-15,2109,2018-02-20,0925,603,11,2,5,5,2109,0,0,0,,0,001,"D ST","MEYER RD",490.00,N,N,A,-,N,,,,,,,,,,Y,2,0,1,1,A,-,03,22350,,N,E,J,A,A,G,-,A,D,0,,,,,Y,,A,01,1,0,0,0,0,0,0,0,0,"- ","- ",37.962841033935547,-122.53294372558594,MARIN,"SAN RAFAEL",-122.53300476074219,37.961318969726562