CASE_ID,ACCIDENT_YEAR,PROC_DATE,JURIS,COLLISION_DATE,COLLISION_TIME,OFFICER_ID,REPORTING_DISTRICT,DAY_OF_WEEK,CHP_SHIFT,POPULATION,CNTY_CITY_LOC,SPECIAL_COND,BEAT_TYPE,CHP_BEAT_TYPE,CITY_DIVISION_LAPD,CHP_BEAT_CLASS,BEAT_NUMBER,PRIMARY_RD,SECONDARY_RD,DISTANCE,DIRECTION,INTERSECTION,WEATHER_1,WEATHER_2,STATE_HWY_IND,CALTRANS_COUNTY,CALTRANS_DISTRICT,STATE_ROUTE,ROUTE_SUFFIX,POSTMILE_PREFIX,POSTMILE,LOCATION_TYPE,RAMP_INTERSECTION,SIDE_OF_HWY,TOW_AWAY,COLLISION_SEVERITY,NUMBER_KILLED,NUMBER_INJURED,PARTY_COUNT,PRIMARY_COLL_FACTOR,PCF_CODE_OF_VIOL,PCF_VIOL_CATEGORY,PCF_VIOLATION,PCF_VIOL_SUBSECTION,HIT_AND_RUN,TYPE_OF_COLLISION,MVIW,PED_ACTION,ROAD_SURFACE,ROAD_COND_1,ROAD_COND_2,LIGHTING,CONTROL_DEVICE,CHP_ROAD_TYPE,PEDESTRIAN_ACCIDENT,BICYCLE_ACCIDENT,MOTORCYCLE_ACCIDENT,TRUCK_ACCIDENT,NOT_PRIVATE_PROPERTY,ALCOHOL_INVOLVED,STWD_VEHTYPE_AT_FAULT,CHP_VEHTYPE_AT_FAULT,COUNT_SEVERE_INJ,COUNT_VISIBLE_INJ,COUNT_COMPLAINT_PAIN,COUNT_PED_KILLED,COUNT_PED_INJURED,COUNT_BICYCLIST_KILLED,COUNT_BICYCLIST_INJURED,COUNT_MC_KILLED,COUNT_MC_INJURED,PRIMARY_RAMP,SECONDARY_RAMP,LATITUDE,LONGITUDE,COUNTY,CITY,POINT_X,POINT_Y
8575514,2018,2018-03-20,2109,2018-02-02,2012,592,19,5,5,5,2109,0,0,0,,0,003,"MEDWAY RD","MILL ST",61.00,E,N,A,-,N,,,,,,,,,,Y,2,0,2,5,A,-,01,23153,,F,A,B,F,A,H,-,D,D,0,Y,,,,Y,Y,A,01,1,1,0,0,1,0,0,0,0,"- ","- ",37.965530395507812,-122.50821685791016,MARIN,"SAN RAFAEL",-122.50883483886719,37.964595794677734
8581188,2018,2018-03-28,2109,2018-03-09,1053,551,22,5,5,5,2109,0,0,0,,0,003,"SPINNAKER POINT DR","BAHIA WY",117.00,E,N,A,-,N,,,,,,,,,,Y,2,0,1,3,A,-,01,23152,A,N,B,C,A,A,H,-,A,D,0,,,,,Y,,A,01,1,0,0,0,0,0,0,0,0,"- ","- ",37.967498779296875,-122.49775695800781,MARIN,"SAN RAFAEL",-122.49911499023438,37.967884063720703
8590237,2018,2018-04-05,2110,2018-03-19,1150,SP5269,10000,1,5,2,2110,0,0,0,,0,SP1,"2ND ST","MAIN ST",122.00,S,N,B,-,N,,,,,,,,,,N,2,0,1,2,A,-,05,21460,,N,D,G,A,A,H,-,A,D,0,,Y,,,Y,,L,04,1,0,0,0,0,0,1,0,0,"- ","- ",,,MARIN,SAUSALITO,-122.48077392578125,37.848575592041016
8599665,2018,2018-04-24,2109,2018-04-08,1907,572,19,7,5,5,2109,0,0,0,,0,,"MEDWAY RD","FRANCISCO BL",20.00,E,N,A,-,N,,,,,,,,,,N,2,0,1,1,A,-,08,22107,,N,E,J,A,A,H,-,A,A,0,,,,,Y,,-,,1,0,0,0,0,0,0,0,0,"- ","- ",37.96295166015625,-122.51024627685547,MARIN,"SAN RAFAEL",-122.51023101806641,37.963035583496094
8641156,2018,2018-07-02,2102,2018-05-30,1830,098,2,3,5,2,2102,0,0,0,,0,001,"TAMALPAIS DR","LAKESIDE DR",11.00,W,N,A,-,N,,,,,,,,,,N,2,0,1,2,A,-,10,21950,A,N,G,B,B,A,H,-,B,A,0,Y,,,,Y,,A,01,1,0,0,0,1,0,0,0,0,"- ","- ",37.925258636474609,-122.52066802978516,MARIN,"CORTE MADERA",-122.52072143554688,37.925243377685547
8648014,2018,2020-05-21,2106,2018-06-05,2314,NP0413,N101,2,5,4,2106,0,0,0,,0,NP1,"WILSON AV","CENTER RD",0.00,,Y,A,-,N,,,,,,,,,,Y,1,1,3,2,A,-,01,23152,,N,D,C,A,A,H,-,C,A,0,,,Y,,Y,Y,A,01,3,0,0,0,0,0,0,1,2,"- ","- ",,,MARIN,NOVATO,-122.59329986572266,38.108409881591797
8648636,2019,2021-05-25,2106,2019-01-18,1806,NP0388,13041,5,5,4,2106,0,0,0,,0,NP4,"SOUTH NOVATO BL","DIABLO AV",493.00,S,N,B,-,N,,,,,,,,,,Y,1,1,0,2,A,-,11,21954,A,N,G,B,D,B,H,-,B,D,0,Y,,,,Y,,-,"- ",0,0,0,1,0,0,0,0,0,"- ","- ",,,MARIN,NOVATO,-122.57254791259766,38.101943969726562
8648788,2018,2018-08-21,2109,2018-05-04,1602,434,22,5,5,5,2109,0,0,0,,0,003,"BELLAM BL","EAST FRANCISCO BL",0.00,,Y,A,-,Y,MRN,4,580,-,-,4.610,R,4,W,Y,2,0,1,1,C,-,18,,,N,E,I,A,A,H,-,A,A,0,,,,,Y,,-,"- ",1,0,0,0,0,0,0,0,0,"- ","- ",37.960590362548828,-122.50485229492188,MARIN,"SAN RAFAEL",-122.50845336914062,37.961841583251953
8660277,2018,2018-07-17,2104,2018-05-17,1502,100,1,4,5,3,2104,0,0,0,,0,002,"MAGNOLIA AV","DOHERTY DR",1066.00,N,N,A,-,N,,,,,,,,,,N,2,0,1,1,B,-,22,,,N,E,J,A,A,H,-,A,D,0,,Y,,,Y,,L,04,1,0,0,0,0,0,1,0,0,"- ","- ",37.940021514892578,-122.53762817382812,MARIN,LARKSPUR,-122.53720855712891,37.940238952636719
8660856,2018,2018-08-28,2106,2018-06-23,0641,NP0386,13033,6,5,4,2106,0,0,0,,0,NP3,"BEL MARIN KEYS BL","NAVE DR",0.00,,Y,A,-,Y,MRN,4,101,-,-,18.183,R,4,N,N,2,0,1,2,A,-,11,21456,B,N,G,B,B,A,H,-,A,A,0,Y,,,,Y,,N,60,1,0,0,0,1,0,0,0,0,"- ","- ",,,MARIN,NOVATO,-122.53842926025391,38.068706512451172
8680229,2018,2018-08-31,2109,2018-07-16,1535,510,7,1,5,5,2109,0,0,0,,0,002,"2ND ST","SHAVER ST",45.00,W,N,A,-,N,,,,,,,,,,N,2,0,1,2,A,-,03,22350,,N,C,C,A,A,H,-,A,D,0,,,,,Y,,A,01,1,0,0,0,0,0,0,0,0,"- ","- ",37.974819183349609,-122.53179168701172,MARIN,"SAN RAFAEL",-122.53501892089844,37.971858978271484
8713879,2018,2019-01-09,2106,2018-10-06,2043,NP0391,13033,6,5,4,2106,0,0,0,,0,NP3,"ALAMEDA DELPRADO","HECTOR LN",670.00,S,N,A,-,N,,,,,,,,,,Y,2,0,1,4,A,-,01,23152,,M,A,E,A,A,H,-,C,D,0,,,,,Y,Y,A,01,1,0,0,0,0,0,0,0,0,"- ","- ",,,MARIN,NOVATO,-122.53662872314453,38.063526153564453
8714917,2018,2018-11-06,2109,2018-10-11,1600,595,7,4,5,5,2109,0,0,0,,0,001,"H ST","4TH ST",164.00,N,N,A,-,N,,,,,,,,,,N,2,0,1,2,A,-,17,22517,,N,H,G,A,A,H,-,A,D,0,,Y,,,Y,,A,01,1,0,0,0,0,0,1,0,0,"- ","- ",37.974178314208984,-122.53861236572266,MARIN,"SAN RAFAEL",-122.53855895996094,37.974617004394531
8716646,2018,2018-10-23,2108,2018-09-01,1038,036,3,6,5,3,2108,0,0,0,,0,004,"SIR FRANCIS DRAKE BL","KENT AV",0.00,,Y,A,-,N,,,,,,,,,,N,2,0,1,2,A,-,03,22350,,N,D,C,A,A,H,-,A,A,0,,,Y,,Y,,C,02,1,0,0,0,0,0,0,0,1,"- ","- ",37.986640930175781,-122.58110809326172,MARIN,"SAN ANSELMO",-122.58112335205078,37.986629486083984
8716654,2018,2018-10-23,2104,2018-09-15,1525,075,1C,6,5,3,2104,0,0,0,,0,003,"EAST SIR FRANCIS DRAKE BL","LARKSPUR LANDING CR",466.00,E,N,A,-,N,,,,,,,,,,N,2,0,4,2,A,-,05,21460,,N,A,D,A,A,H,-,A,D,0,,,,,Y,,A,01,3,1,0,0,0,0,0,0,0,"- ","- ",,,MARIN,LARKSPUR,-122.51016998291016,37.946456909179688
8726269,2018,2018-11-13,2103,2018-08-06,1621,153,WEST,1,5,2,2103,0,0,0,,0,PAT,"SIR FRANCIS DRAKE BL","JUNE CT",528.00,W,N,A,-,N,,,,,,,,,,N,2,0,1,1,A,-,03,22350,,N,F,A,A,A,B,-,A,D,0,,Y,,,Y,,L,04,1,0,0,0,0,0,1,0,0,"- ","- ",37.997219085693359,-122.59963226318359,MARIN,FAIRFAX,-122.60086822509766,37.999496459960938
8758681,2018,2018-12-20,2108,2018-09-26,2157,026,3,3,5,3,2108,0,0,0,,0,004,"SIR FRANCIS DRAKE BL","SAN FRANCISCO BL",238.00,E,N,A,-,N,,,,,,,,,,Y,2,0,2,2,A,-,09,21804,A,N,D,C,A,A,H,-,C,D,0,,,,,Y,,A,01,1,0,1,0,0,0,0,0,0,"- ","- ",37.981998443603516,-122.56700134277344,MARIN,"SAN ANSELMO",-122.56827545166016,37.981922149658203
8764112,2018,2019-01-11,2109,2018-12-12,1442,422,46,3,5,5,2109,0,0,0,,0,005,"LAS GALLINAS AV","DEL PRESIDIO BL",51.00,W,N,A,-,N,,,,,,,,,,N,2,0,1,2,A,-,03,22350,,N,H,G,A,A,H,-,A,A,0,,Y,,,Y,,A,07,1,0,0,0,0,0,1,0,0,"- ","- ",38.006710052490234,-122.54560852050781,MARIN,"SAN RAFAEL",-122.54489898681641,38.006507873535156
8769266,2018,2019-01-26,2102,2018-12-08,1309,036,2,6,5,2,2102,0,0,0,,0,001,"CORTE MADERA AV","1ST ST",2112.00,S,N,A,-,N,,,,,,,,,,N,2,0,1,1,A,-,17,22109,,N,E,J,A,A,H,-,A,D,0,,,Y,,Y,,C,02,1,0,0,0,0,0,0,0,1,"- ","- ",37.920581817626953,-122.53011322021484,MARIN,"CORTE MADERA",-122.53012847900391,37.924449920654297
8776307,2019,2019-02-02,2109,2019-01-09,1931,500,29,3,5,5,2109,0,0,0,,0,004,"GRAND AV","5TH AV",0.00,,Y,C,-,N,,,,,,,,,,N,2,0,2,3,A,-,11,21954,A,F,G,B,B,B,H,-,C,A,0,Y,,,,Y,,A,01,1,0,1,0,2,0,0,0,0,"- ","- ",37.972751617431641,-122.51856231689453,MARIN,"SAN RAFAEL",-122.51856994628906,37.972751617431641
8776467,2018,2019-01-22,2108,2018-12-21,1936,105,3,5,5,3,2108,0,0,0,,0,004,"SIR FRANCIS DRAKE BL","BANK ST",110.00,S,N,B,-,N,,,,,,,,,,N,2,0,1,2,A,-,11,21954,A,N,G,B,D,A,H,-,C,A,0,Y,,,,Y,,N,60,1,0,0,0,1,0,0,0,0,"- ","- ",37.975021362304688,-122.56141662597656,MARIN,"SAN ANSELMO",-122.56177520751953,37.975078582763672
8790044,2019,2019-02-06,2106,2019-01-17,1622,NP0352,13031,4,5,4,2106,0,0,0,,0,NP3,"HAMILTON PKWY","B ST",130.00,W,N,B,-,N,,,,,,,,,,Y,2,0,1,1,A,-,08,22107,,N,E,I,A,B,H,-,A,D,0,,,Y,,Y,,C,03,1,0,0,0,0,0,0,0,1,"- ","- ",,,MARIN,NOVATO,-122.52527618408203,38.059062957763672
8809025,2019,2019-03-21,2108,2019-01-29,2129,101,,2,5,3,2108,0,0,0,,0,,"SIR FRANCIS DRAKE BL","BANK ST",12.00,N,N,A,-,N,,,,,,,,,,N,2,0,1,1,C,-,18,,,N,H,A,A,A,H,-,C,A,0,,Y,,,Y,,-,"- ",1,0,0,0,0,0,1,0,0,"- ","- ",37.975368499755859,-122.56173706054688,MARIN,"SAN ANSELMO",-122.56175994873047,37.975414276123047
8814975,2019,2019-03-18,2104,2019-01-15,1909,036,1C,2,5,3,2104,0,0,0,,0,003,"EAST SIR FRANCIS DRAKE BL","LIGHT POLE #3462F",124.00,W,N,C,-,N,,,,,,,,,,Y,2,0,4,1,A,-,03,22350,,N,E,I,A,B,H,-,C,A,0,,,,Y,Y,,F,26,2,2,0,0,0,0,0,0,0,"- ","- ",,,MARIN,LARKSPUR,,
8874162,2019,2019-06-12,2106,2019-06-02,1935,NP0299,N301,7,5,4,2106,0,0,0,,0,NP3,"MAIN GATE RD","C ST",103.00,W,N,A,-,N,,,,,,,,,,N,2,0,1,2,A,-,03,22350,,N,G,B,D,A,H,-,A,D,0,Y,,,,Y,,-,,1,0,0,0,1,0,0,0,0,"- ","- ",,,MARIN,NOVATO,-122.52658081054688,38.055671691894531
8884887,2019,2019-08-28,2106,2019-06-01,1239,NP0453,99999,6,5,4,2106,0,0,0,,0,SO31,"ATHERTON AV","RT 101",2.00,N,N,A,-,Y,MRN,4,101,-,R,21.809,R,4,N,N,2,0,1,2,A,-,05,21650,1,N,H,G,A,A,H,-,A,A,0,,Y,,,Y,,L,04,1,0,0,0,0,0,1,0,0,"- ",NF,,,MARIN,NOVATO,-122.56452941894531,38.114906311035156
8911125,2019,2020-06-04,2109,2019-12-29,2243,583,26,7,5,5,2109,0,0,0,,0,004,"5TH AV","IRWIN ST",302.00,E,N,C,-,N,,,,,,,,,,Y,1,1,0,2,C,-,18,,,N,F,E,A,B,H,-,C,D,0,,,,,Y,,-,"- ",0,0,0,0,0,0,0,0,0,"- ","- ",37.972980499267578,-122.52047729492188,MARIN,"SAN RAFAEL",-122.51942443847656,37.972862243652344
8911132,2020,2022-06-11,2103,2020-02-05,0832,156,DEERP,3,5,2,2103,0,0,0,,0,PAT,"CREEK RD","BLACKBERRY LN",126.00,N,N,A,-,N,,,,,,,,,,N,1,1,0,2,A,-,05,21650,,N,B,C,A,A,H,-,A,D,0,,,Y,,Y,,A,07,0,0,0,0,0,0,0,1,0,"- ","- ",37.982730865478516,-122.59078979492188,MARIN,FAIRFAX,-122.59055328369141,37.982990264892578
8912108,2019,2019-09-05,2110,2019-08-06,1128,SP5240,10001,2,5,2,2110,0,0,0,,0,SP2,BRIDGEWAY,"COLOMA ST",0.00,,Y,A,-,N,,,,,,,,,,N,2,0,1,2,A,-,01,23152,A,M,C,C,A,A,H,-,A,A,0,,,Y,,Y,Y,C,02,1,0,0,0,0,0,0,0,0,"- ","- ",,,MARIN,SAUSALITO,-122.50260162353516,37.86859130859375
8936365,2019,2019-10-28,2106,2019-08-11,1843,399,,7,5,4,2106,0,0,0,,0,NP2,"OLIVE AV","RAILROAD AV",0.00,,Y,A,-,N,,,,,,,,,,,2,0,1,2,A,-,09,21801,A,N,H,G,A,A,H,-,B,D,0,,Y,,,Y,,A,01,1,0,0,0,0,0,1,0,0,"- ","- ",38.110538482666016,-122.56674957275391,MARIN,NOVATO,-122.56600952148438,38.110649108886719
8939082,2019,2019-10-22,2106,2019-09-15,1201,352,+N101,7,5,4,2106,0,0,0,,0,NP1,"SIMMONS LN","MARION AV",53.00,N,N,A,-,N,,,,,,,,,,Y,1,1,2,1,A,-,03,22350,,N,E,I,A,A,H,-,A,A,0,,,,,Y,,A,01,2,0,0,0,0,0,0,0,0,"- ","- ",38.11676025390625,-122.58571624755859,MARIN,NOVATO,-122.58567810058594,38.117313385009766
8942243,2019,2019-10-15,2109,2019-09-16,1435,595,32,1,5,5,2109,0,0,0,,0,004,"POINT SAN PEDRO RD","MAIN DR",150.00,E,N,A,-,N,,,,,,,,,,Y,2,0,1,1,A,-,01,23152,A,N,E,I,A,A,H,-,A,D,0,,,,,Y,Y,A,01,1,0,0,0,0,0,0,0,0,"- ","- ",37.981281280517578,-122.473876953125,MARIN,"SAN RAFAEL",-122.47533416748047,37.978530883789062
8958738,2019,2019-11-01,2109,2019-10-11,1938,613,14,5,5,5,2109,0,0,0,,0,,"MISSION AV","LINCOLN AV",0.00,,Y,A,-,N,,,,,,,,,,N,2,0,1,2,A,-,10,21950,A,N,G,B,B,A,H,-,C,A,0,Y,,,,Y,,A,01,1,0,0,0,1,0,0,0,0,"- ","- ",37.974300384521484,-122.52340698242188,MARIN,"SAN RAFAEL",-122.52340698242188,37.974300384521484
8967370,2019,2019-11-01,2109,2019-10-15,1903,595,7,2,5,5,2109,0,0,0,,0,001,"C ST","4TH ST",6.00,N,N,A,-,N,,,,,,,,,,N,2,0,2,2,A,-,00,21465,C,N,G,B,B,A,H,-,C,A,0,Y,Y,,,Y,Y,N,60,2,0,0,0,1,0,1,0,0,"- ","- ",37.973480224609375,-122.53074645996094,MARIN,"SAN RAFAEL",-122.53072357177734,37.973415374755859
8998404,2019,2020-01-24,2109,2019-11-23,0523,628,20,6,5,5,2109,0,0,0,,0,003,"FRANCISCO BL E","CASTRO AV",73.00,S,N,A,-,N,,,,,,,,,,N,2,0,1,2,A,-,11,21954,A,N,G,B,E,A,H,-,C,D,0,Y,,,,Y,,N,60,1,0,0,0,1,0,0,0,0,"- ","- ",37.960590362548828,-122.50483703613281,MARIN,"SAN RAFAEL",-122.50388336181641,37.959407806396484
90008269,2015,2015-10-19,9350,2015-07-29,0045,016836,,3,3,9,2100,0,3,5,,2,002,"HORSESHOE HILL RD",SR-1,5174.00,S,N,A,-,N,,,,,,,,,,N,2,0,1,1,A,-,08,22107,,N,E,J,A,A,H,-,D,D,0,,,,,Y,,A,01,1,0,0,0,0,0,0,0,0,"- ","- ",37.937289999999997,-122.69962,MARIN,UNINCORPORATED,-122.69925935000001,37.926873090000001
90010143,2015,2015-10-19,9350,2015-08-09,1745,019798,,7,2,4,2106,0,1,2,,2,070,"US-101 S/B","IGNACIO BLVD",1510.00,S,N,A,-,Y,,,101,,,,,,S,Y,2,0,1,4,A,-,08,22107,,N,E,I,A,A,H,-,A,D,0,,,Y,,Y,,A,01,1,0,0,0,0,0,0,0,1,"- ","- ",38.062550000000002,-122.53411,MARIN,NOVATO,-122.53420703,38.062463370000003
90014669,2015,2015-11-04,9350,2015-08-31,1317,019678,,1,1,9,2100,0,2,4,,1,014,"PANORAMIC HWY.","SUNRISE LANE",176.00,E,N,A,-,N,,,,,,,,,,Y,1,1,0,2,A,-,08,22107,,N,B,C,A,A,H,-,A,D,0,,,,,Y,,A,01,0,0,0,0,0,0,0,0,0,"- ","- ",37.900300000000001,-122.5664,MARIN,UNINCORPORATED,-122.5665619,37.900411169999998
90017570,2015,2015-10-19,9350,2015-08-29,0250,020831,,6,3,9,2100,0,2,4,,1,046,"POINT REYES PETALUMA RD","NICASIO VALLEY RD",6864.00,E,N,A,-,Y,,,,,,,,,,Y,2,0,6,1,A,-,03,22350,,N,E,I,A,A,H,-,D,D,0,,,,,Y,,A,01,3,3,0,0,0,0,0,0,0,"- ","- ",38.112430000000003,-122.71935999999999,MARIN,UNINCORPORATED,-122.71997877,38.111955850000001
90022633,2015,2015-10-19,9350,2015-09-13,1901,020955,,7,2,9,2100,0,2,4,,2,025,"N SAN PEDRO ROAD E/B","MABRY WAY",413.00,W,N,A,-,N,,,,,,,,,,N,2,0,1,1,C,-,18,,,N,E,I,A,A,H,-,C,D,0,,,Y,,Y,,-,"- ",1,0,0,0,0,0,0,0,1,"- ","- ",38.008000000000003,-122.51958,MARIN,UNINCORPORATED,-122.51985899,38.007917980000002
90024034,2015,2015-10-19,9350,2015-09-22,2110,#19777,,2,2,9,2100,0,3,5,,2,003,"EAST STRAWBERRY DRIVE","HARBOR COVE WAY",414.00,S,N,A,-,N,,,,,,,,,,Y,2,0,1,1,A,-,08,22107,,N,E,I,A,A,H,-,D,D,0,,,,,Y,,A,01,1,0,0,0,0,0,0,0,0,"- ","- ",37.894269999999999,-122.505,MARIN,UNINCORPORATED,-122.50523315,37.894049019999997
90025150,2015,2015-10-19,9350,2015-09-25,1128,020613,,5,1,5,2109,0,1,2,,1,060,"US-101 N/B FROM LINCOLN AVENUE","LINCOLN AVE U/C",218.00,N,N,A,-,Y,,,101,,,,R,,N,Y,2,0,1,1,C,-,18,,,N,E,I,A,A,H,-,A,D,0,,,,,Y,,-,"- ",1,0,0,0,0,0,0,0,0,"- ","- ",37.989179999999998,-122.52724000000001,MARIN,"SAN RAFAEL",-122.52724000000001,37.989179999999998
90026827,2015,2015-10-19,9350,2015-10-02,1200,017450,,5,1,9,2100,0,1,3,,1,052,SR-1,"MARSHALL-PETALUMA RD.",1584.00,N,N,A,-,Y,,,,,,,,,,Y,2,0,1,2,A,-,05,21460,A,N,A,C,A,A,H,-,A,D,0,,,Y,,Y,,C,02,1,0,0,0,0,0,0,0,1,"- ","- ",,,MARIN,UNINCORPORATED,-122.89286767,38.166614869999997
90026899,2015,2015-10-19,9350,2015-09-29,0647,014448,,2,1,9,2100,0,1,2,,1,030,"US-101 S/B","ALEXANDER AVE U/C",464.00,N,N,A,-,Y,,,,,,,,,,Y,2,0,1,1,A,-,03,22350,,N,F,A,A,A,H,-,A,D,0,,,Y,,Y,,C,02,1,0,0,0,0,0,0,0,1,"- ","- ",,,MARIN,UNINCORPORATED,-122.48548789,37.836722389999998
90031054,2015,2015-10-19,9350,2015-10-05,1715,017201,,1,2,9,2100,0,2,4,,2,026,"NOVATO BLVD","STAFFORD LAKE ENTRANCE",500.00,W,N,A,-,Y,,,,,,,,,,Y,2,0,1,1,A,-,01,23152,A,N,E,I,A,A,H,-,A,D,0,,,,,Y,Y,D,22,1,0,0,0,0,0,0,0,0,"- ","- ",38.115450000000003,-122.65194,MARIN,UNINCORPORATED,,
90034973,2015,2015-10-20,9350,2015-10-19,1100,016274,,1,1,9,2100,0,3,5,,2,004,"BOLINAS RD.","MORA AVE.",15840.00,W,N,A,-,Y,,,,,,,,,,Y,2,0,1,1,C,-,18,,,N,H,H,A,A,H,-,A,D,0,,,Y,,Y,,-,"- ",1,0,0,0,0,0,0,0,1,"- ","- ",37.966200000000001,-122.6301,MARIN,UNINCORPORATED,-122.63019692,37.961527689999997
90036740,2015,2015-10-22,9350,2015-10-10,0735,019875,,6,1,9,2100,0,1,3,,1,052,SR-1,"TOMALES BAY OYSTER COMPANY",400.00,S,N,B,-,Y,,,1,,,,,,,Y,2,0,1,2,A,-,03,22350,,N,C,E,A,B,H,-,A,D,0,,,,,Y,,A,01,1,0,0,0,0,0,0,0,0,"- ","- ",38.115630000000003,-122.85262,MARIN,UNINCORPORATED,-122.85258066999999,38.115673819999998
90036885,2015,2015-10-23,9350,2015-10-17,0220,020740,,6,3,9,2100,0,1,3,,2,037,"SR-37 W/B","MARSH DR",3500.00,E,N,B,-,Y,,,,,,,,,,Y,2,0,1,1,A,-,01,23152,A,N,E,I,A,A,H,-,D,D,0,,,,,Y,Y,A,07,1,0,0,0,0,0,0,0,0,"- ","- ",38.09205,-122.52704,MARIN,UNINCORPORATED,,
90040498,2015,2015-10-29,9350,2015-10-20,0842,016034,,2,1,9,2100,0,1,3,,1,012,"STATE ROUTE 1 (SHORELINE HIGHWAY)","SHASTA WAY",21.00,S,N,A,-,Y,,,1,,,,,,,Y,2,0,1,2,A,-,09,21802,A,N,D,C,A,A,H,-,A,D,0,,,Y,,Y,,A,01,1,0,0,0,0,0,0,0,1,"- ","- ",37.88129,-122.53852000000001,MARIN,UNINCORPORATED,-122.53840611,37.88128932
90041771,2015,2015-10-30,9350,2015-10-24,1715,017450,,6,2,4,2106,0,1,2,,1,080,"US-101 S/B TO ATHERTON AVE. W/B","US-101 S/B OFF-RAMP",39.00,N,N,A,-,Y,,,101,,,,R,,S,Y,2,0,1,1,A,-,01,23152,A,N,E,I,A,A,H,-,A,D,0,,,,,Y,Y,A,01,1,0,0,0,0,0,0,0,0,"- ","- ",38.118400000000001,-122.56744,MARIN,NOVATO,-122.56744,38.118400000000001
90042026,2015,2015-11-02,9350,2015-10-23,1430,021075,,5,2,9,2100,0,2,4,,1,014,"PANORAMIC HIGHWAY","PAN TOLL ROAD",2241.00,E,N,A,-,N,,,,,,,,,,N,2,0,1,1,A,-,03,22350,,N,F,A,A,A,H,-,A,D,0,,Y,,,Y,,L,04,1,0,0,0,0,0,1,0,0,"- ","- ",37.909860000000002,-122.60122,MARIN,UNINCORPORATED,-122.60126963,37.909753700000003
90076501,2015,2015-12-30,9350,2015-11-30,2319,020092,,1,3,5,2109,0,1,2,,1,060,"US-101 S/B","COLEMAN PED O/C",1853.00,N,N,B,-,Y,,,101,,,,,,S,Y,1,1,0,2,A,-,05,21651,B,N,A,C,A,A,H,-,D,D,0,,,,Y,Y,Y,A,01,0,0,0,0,0,0,0,0,0,"- ","- ",37.983150000000002,-122.52290000000001,MARIN,"SAN RAFAEL",-122.52285888999999,37.9831723
9008838,2019,2020-02-05,2109,2019-12-20,1857,623,3,5,5,5,2109,0,0,0,,0,001,"5TH AV","H ST",0.00,,Y,A,-,N,,,,,,,,,,N,2,0,1,2,A,-,10,21950,A,N,G,B,B,A,H,-,C,A,0,Y,,,,Y,,A,01,1,0,0,0,1,0,0,0,0,"- ","- ",37.975189208984375,-122.53846740722656,MARIN,"SAN RAFAEL",-122.53848266601562,37.975189208984375
90109710,2016,2016-02-04,9350,2016-01-24,1425,019875,,7,2,9,2100,0,3,5,,2,004,"W RIDGECREST BLVD","FAIRFAX BOLINAS RD",7286.00,E,N,A,-,N,,,,,,,,,,Y,2,0,1,1,A,-,03,22350,,N,F,A,A,A,H,-,A,D,0,,,Y,,Y,,C,02,1,0,0,0,0,0,0,0,1,"- ","- ",37.926830000000002,-122.64173,MARIN,UNINCORPORATED,-122.64171571,37.926835160000003
9011537,2019,2019-12-30,2106,2019-10-26,1800,450,N208,6,5,4,2106,0,0,0,,0,NP2,"OLIVE AV","ROSE CT",116.00,W,N,A,-,N,,,,,,,,,,Y,2,0,1,2,A,-,01,23153,A,N,G,B,E,A,H,-,A,D,0,Y,,,,Y,Y,A,01,1,0,0,0,1,0,0,0,0,"- ","- ",38.103191375732422,-122.54305267333984,MARIN,NOVATO,-122.54347229003906,38.103679656982422
90116963,2016,2016-02-17,9350,2016-02-13,1125,019150,,6,1,9,2100,0,1,1,,1,015,"I-580 W/B","RICHMOND SAN RAFAEL BRIDGE WEST END",2800.00,E,N,A,-,Y,,,580,,,,,,W,Y,2,0,1,2,A,-,08,22107,,N,B,C,A,A,H,-,A,D,0,,,,Y,Y,,F,26,1,0,0,0,0,0,0,0,0,"- ","- ",37.940950000000001,-122.46874,MARIN,UNINCORPORATED,-122.46875344999999,37.940907580000001
90123202,2016,2016-02-24,9350,2016-02-22,1018,016034,,1,1,5,2109,0,1,1,,1,015,"I-580 W/B","SIR FRANCIS DRAKE BLVD",1584.00,W,N,A,-,Y,,,580,,,,,,W,Y,2,0,1,1,A,-,08,22107,,N,E,I,A,A,H,-,A,D,0,,,,,Y,,A,01,1,0,0,0,0,0,0,0,0,"- ","- ",37.949710000000003,-122.49433000000001,MARIN,"SAN RAFAEL",-122.49437713,37.949660289999997
90129338,2016,2016-03-04,9350,2016-02-27,0920,020830,,6,1,9,2100,0,3,5,,2,003,"SAUSALITO-LATERAL (N/B)","BUNKER ROAD",560.00,N,N,A,-,N,,,,,,,,,,N,2,0,1,2,A,-,00,20001,A,F,H,G,A,A,H,-,A,D,0,,Y,,,Y,,A,01,1,0,0,0,0,0,1,0,0,"- ","- ",37.839440000000003,-122.48247000000001,MARIN,UNINCORPORATED,-122.48247000000001,37.839440000000003
90129398,2016,2016-03-04,9350,2016-02-21,1025,018319,,7,1,5,2109,0,1,2,,2,070,"US-101 S/B","LUCAS VALLEY RD",1000.00,S,N,A,-,Y,,,101,,,,,,S,Y,2,0,1,2,A,-,03,22350,,N,C,C,A,A,H,-,A,D,0,,,Y,,Y,,C,02,1,0,0,0,0,0,0,0,1,"- ","- ",38.018799999999999,-122.54018000000001,MARIN,"SAN RAFAEL",-122.54024432999999,38.018825730000003