CASE_ID,ACCIDENT_YEAR,PROC_DATE,JURIS,COLLISION_DATE,COLLISION_TIME,OFFICER_ID,REPORTING_DISTRICT,DAY_OF_WEEK,CHP_SHIFT,POPULATION,CNTY_CITY_LOC,SPECIAL_COND,BEAT_TYPE,CHP_BEAT_TYPE,CITY_DIVISION_LAPD,CHP_BEAT_CLASS,BEAT_NUMBER,PRIMARY_RD,SECONDARY_RD,DISTANCE,DIRECTION,INTERSECTION,WEATHER_1,WEATHER_2,STATE_HWY_IND,CALTRANS_COUNTY,CALTRANS_DISTRICT,STATE_ROUTE,ROUTE_SUFFIX,POSTMILE_PREFIX,POSTMILE,LOCATION_TYPE,RAMP_INTERSECTION,SIDE_OF_HWY,TOW_AWAY,COLLISION_SEVERITY,NUMBER_KILLED,NUMBER_INJURED,PARTY_COUNT,PRIMARY_COLL_FACTOR,PCF_CODE_OF_VIOL,PCF_VIOL_CATEGORY,PCF_VIOLATION,PCF_VIOL_SUBSECTION,HIT_AND_RUN,TYPE_OF_COLLISION,MVIW,PED_ACTION,ROAD_SURFACE,ROAD_COND_1,ROAD_COND_2,LIGHTING,CONTROL_DEVICE,CHP_ROAD_TYPE,PEDESTRIAN_ACCIDENT,BICYCLE_ACCIDENT,MOTORCYCLE_ACCIDENT,TRUCK_ACCIDENT,NOT_PRIVATE_PROPERTY,ALCOHOL_INVOLVED,STWD_VEHTYPE_AT_FAULT,CHP_VEHTYPE_AT_FAULT,COUNT_SEVERE_INJ,COUNT_VISIBLE_INJ,COUNT_COMPLAINT_PAIN,COUNT_PED_KILLED,COUNT_PED_INJURED,COUNT_BICYCLIST_KILLED,COUNT_BICYCLIST_INJURED,COUNT_MC_KILLED,COUNT_MC_INJURED,PRIMARY_RAMP,SECONDARY_RAMP,LATITUDE,LONGITUDE,COUNTY,CITY,POINT_X,POINT_Y
90132735,2016,2016-03-09,9350,2016-02-26,0820,018319,,5,1,9,2100,0,3,5,,2,005,"MONTEGO KEY","BEL MARIN KEYS BLVD",300.00,N,N,A,-,N,,,,,,,,,,Y,2,0,1,2,A,-,08,22107,,N,C,E,A,A,H,-,A,D,0,,,,,Y,,A,08,1,0,0,0,0,0,0,0,0,"- ","- ",38.082369999999997,-122.52497,MARIN,UNINCORPORATED,-122.52488925,38.082081580000001
90133818,2016,2016-03-10,9350,2016-02-29,1828,017450,,1,2,9,2100,0,1,2,,1,060,"US-101 N/B","N. SAN PEDRO RD. UNDER-CROSSING",1056.00,N,N,A,-,Y,,,,,,,,,,Y,2,0,6,6,A,-,07,21658,A,N,C,C,A,A,H,-,C,D,0,,,,,Y,,A,01,1,2,3,0,0,0,0,0,0,"- ","- ",37.99832,-122.53496,MARIN,UNINCORPORATED,,
90139071,2016,2016-03-17,9350,2016-03-05,1225,021075,,6,1,5,2109,0,1,2,,1,060,"US-101 SOUTHBOUND","N SAN PEDRO ROAD UNDERCROSSING",130.00,N,N,B,C,Y,,,101,,,,,,S,Y,2,0,3,2,A,-,03,22350,,N,A,C,A,B,H,-,A,D,0,,,,,Y,,D,22,1,0,2,0,0,0,0,0,0,"- ","- ",37.995579999999997,-122.53366,MARIN,"SAN RAFAEL",-122.53349321,37.995686820000003
90149211,2016,2016-04-01,9350,2016-03-27,0000,020705,,7,3,5,2109,0,1,2,,1,060,"US-101 S/B","LINDEN LANE",1275.00,N,N,A,-,Y,,,101,,,,,,S,Y,2,0,1,2,A,-,08,22107,,N,C,C,A,A,H,-,C,D,0,,,,,Y,,A,01,1,0,0,0,0,0,0,0,0,"- ","- ",37.992640000000002,-122.53129,MARIN,"SAN RAFAEL",-122.53123963,37.992679940000002
90156056,2016,2016-04-12,9350,2016-04-02,1520,020201,,6,2,9,2100,0,1,2,,1,080,"US-101 NORTHBOUND","ATHERTON AVE. OVER-CROSSING",6864.00,N,N,A,-,Y,,,101,,,,,,N,Y,2,0,1,2,A,-,07,21658,A,N,C,C,A,A,H,-,A,D,0,,,Y,,Y,,A,01,1,0,0,0,0,0,0,0,1,"- ","- ",38.136890000000001,-122.56384,MARIN,UNINCORPORATED,-122.56386769,38.136888050000003
90184222,2016,2016-05-23,9350,2016-05-17,0700,017008,,2,1,9,2100,0,1,2,,2,070,"US-101 S/B","MILLER CREEK RD. O/C",1056.00,N,N,A,-,Y,,,101,,,,,,S,Y,2,0,1,1,A,-,03,22350,,N,F,A,A,A,H,-,A,D,0,,,Y,,Y,,C,02,1,0,0,0,0,0,0,0,1,"- ","- ",38.037869999999998,-122.53667,MARIN,UNINCORPORATED,-122.53673048,38.037861100000001
90197500,2016,2016-06-09,9350,2016-06-01,1615,021266,,3,2,9,2100,0,2,4,,2,024,"SIR FRANCIS DRAKE BLVD","LA CUESTA DR",0.00,,Y,A,-,N,,,,,,,,,,Y,2,0,2,3,A,-,12,21453,A,N,D,C,A,A,H,-,A,A,0,,,,,Y,,A,07,1,1,0,0,0,0,0,0,0,"- ","- ",37.947629999999997,-122.52527000000001,MARIN,UNINCORPORATED,-122.52528997,37.947639909999999
90202578,2016,2016-06-15,9350,2016-06-08,0708,017450,,3,1,9,2100,0,1,2,,1,030,"US-101 S/B","SPENCER AVENUE UNDER-CROSSING",2610.00,N,N,A,-,Y,,,,,,,,,,N,2,0,2,4,C,-,18,,,N,G,B,E,A,H,-,A,D,0,Y,,,Y,Y,,-,"- ",1,1,0,0,2,0,0,0,0,"- ","- ",37.857779999999998,-122.49943,MARIN,UNINCORPORATED,,
90202691,2016,2016-06-15,9350,2016-06-04,0343,020831,,6,3,2,2102,0,1,2,,2,050,"US-101 N/B","SR-131 OVERCROSSING",2225.00,N,N,A,-,Y,,,101,,,,,,N,Y,2,0,1,1,A,-,01,23152,A,N,E,I,A,A,H,-,D,D,0,,,,,Y,Y,A,07,1,0,0,0,0,0,0,0,0,"- ","- ",37.908709999999999,-122.51387,MARIN,"CORTE MADERA",-122.51395599,37.908749180000001
90210737,2016,2016-06-28,9350,2016-06-25,0855,019150,,6,1,9,2100,0,2,4,,2,024,"SIR FRANCIS DRAKE BLVD","MCALLISTER AVE",15.00,E,N,A,-,N,,,,,,,,,,Y,2,0,1,1,A,-,08,22107,,N,E,I,A,A,H,-,A,D,0,,,,,Y,,A,01,1,0,0,0,0,0,0,0,0,"- ","- ",37.953600000000002,-122.54439000000001,MARIN,UNINCORPORATED,-122.54459936000001,37.953650510000003
90217557,2016,2016-07-07,9350,2016-07-01,1030,019927,,5,1,9,2100,0,2,4,,1,044,"SIR FRANCIS DRAKE BLVD","PLATFORM BRIDGE RD",280.00,W,N,A,-,N,,,,,,,,,,Y,2,0,1,2,A,-,09,21804,A,N,F,A,A,A,H,-,A,A,0,,Y,Y,,Y,,L,04,1,0,0,0,0,0,0,0,1,"- ","- ",38.04983,-122.76013,MARIN,UNINCORPORATED,-122.75993097999999,38.049912169999999
90220439,2016,2016-07-11,9350,2016-07-03,1424,#19777,,7,2,9,2100,0,1,3,,1,042,"SR-1 (SHORELINE HIGHWAY)","FAIRFAX BOLINAS RD",0.00,,Y,A,-,Y,,,1,,,,,,,Y,2,0,1,2,A,-,05,21460,A,N,D,C,A,A,H,-,A,D,0,,,Y,,Y,,C,02,1,0,0,0,0,0,0,0,1,"- ","- ",37.934739999999998,-122.69783,MARIN,UNINCORPORATED,-122.69781866,37.934776509999999
90231002,2016,2016-07-27,9350,2016-07-17,1500,019875,,7,2,9,2100,0,2,4,,1,044,"SIR FRANCIS DRAKE BLVD","BAYWOOD CANYON RD",200.00,W,N,A,-,N,,,,,,,,,,N,2,0,1,1,A,-,03,22350,,N,F,A,A,A,H,-,A,D,0,,Y,,,Y,,L,04,1,0,0,0,0,0,1,0,0,"- ","- ",38.002569999999999,-122.61304,MARIN,UNINCORPORATED,-122.61270449,38.002429020000001
90231016,2016,2016-07-27,9350,2016-07-20,2115,016406,,3,2,9,2100,0,1,1,,1,015,"US-101 S/B TO I-580 E/B","BELLAM BLVD",765.00,W,N,A,-,Y,,,,,,,,,,Y,2,0,3,2,A,-,01,23152,A,N,C,C,A,A,H,-,C,D,0,,,,,Y,Y,A,01,1,0,2,0,0,0,0,0,0,"- ","- ",37.961300000000001,-122.50762,MARIN,UNINCORPORATED,-122.50951368,37.959677939999999
90232000,2016,2016-07-28,9350,2016-07-23,1507,018802,,6,2,9,2100,0,1,2,,2,050,"US-101 NB",SR-131,1584.00,N,N,A,-,Y,,,101,,,,,,N,Y,2,0,1,1,A,-,03,22350,,N,F,A,A,A,H,-,A,D,0,,,Y,,Y,,C,02,1,0,0,0,0,0,0,0,1,"- ","- ",37.907600000000002,-122.5145,MARIN,UNINCORPORATED,-122.51446731,37.907584409999998
90246665,2016,2016-08-17,9350,2016-08-15,1140,017201,,1,1,9,2100,0,2,4,,1,016,"LUCAS VALLEY ROAD","MPM A100 3.87",0.00,,N,A,-,Y,,,,,,,,,,Y,2,0,1,1,A,-,08,22107,,N,E,I,A,A,H,-,A,D,0,,,Y,,Y,,C,02,1,0,0,0,0,0,0,0,1,"- ","- ",38.038600000000002,-122.60186,MARIN,UNINCORPORATED,,
90246694,2016,2016-09-16,9350,2016-08-13,1855,020865,,6,2,9,2100,0,2,4,,2,025,"NORTH SAN PEDRO ROAD","LABREA WAY",21.00,E,N,A,-,N,,,,,,,,,,Y,1,1,0,1,A,-,03,22350,,N,E,I,A,A,H,-,A,D,0,,,,,Y,,A,01,0,0,0,0,0,0,0,0,0,"- ","- ",38.0124,-122.51351,MARIN,UNINCORPORATED,-122.51381720000001,38.01230331
90248789,2016,2016-08-19,9350,2016-08-12,0140,020225,,5,3,9,2100,0,2,4,,2,026,"NOVATO BLVD","STAFFORD LAKE PARK",4752.00,N,N,A,-,N,,,,,,,,,,Y,2,0,2,1,A,-,01,23152,A,N,E,I,A,A,H,-,D,D,0,,,,,Y,Y,A,07,1,1,0,0,0,0,0,0,0,"- ","- ",38.117789999999999,-122.66557,MARIN,UNINCORPORATED,-122.66554981,38.117799210000001
90248793,2016,2016-09-15,9350,2016-08-07,2132,020831,,7,2,4,2106,0,1,2,,1,080,"US-101 N/B","ATHERTON AVENUE OVERCROSSING",8395.00,N,N,A,-,Y,,,101,,,,,,N,Y,2,0,3,1,A,-,08,22107,,N,E,I,A,A,H,-,D,D,0,,,,,Y,,A,07,1,2,0,0,0,0,0,0,0,"- ","- ",38.14038,-122.56403,MARIN,NOVATO,-122.56412249,38.140372990000003
90272228,2016,2016-09-21,9350,2016-09-17,1147,021343,,6,1,9,2100,0,2,4,,1,014,"PANORAMIC HIGHWAY",SR-1,1056.00,E,N,A,-,N,,,,,,,,,,N,2,0,1,2,A,-,08,22107,,N,H,G,A,A,H,-,A,D,0,,Y,,,Y,,A,01,1,0,0,0,0,0,1,0,0,"- ","- ",37.884480000000003,-122.55481,MARIN,UNINCORPORATED,-122.63447771,37.898275409999997
90272291,2016,2016-09-21,9350,2016-09-17,1040,019927,,6,1,9,2100,0,2,4,,1,046,"MARSHALL PETALUMA RD","ARROYA SAUSAL ROAD",1795.00,W,N,A,-,N,,,,,,,,,,N,2,0,1,1,A,-,08,22107,,N,F,A,A,A,H,-,A,D,0,,Y,,,Y,,L,04,1,0,0,0,0,0,1,0,0,"- ","- ",38.163170000000001,-122.78265,MARIN,UNINCORPORATED,-122.78149079000001,38.163406010000003
90283644,2016,2016-10-04,9350,2016-09-24,1125,019678,,6,1,9,2100,0,2,4,,1,014,"PANORAMIC HWY","A108 MPM 7.57",115.00,E,N,A,-,N,,,,,,,,,,N,2,0,1,1,A,-,08,22107,,N,F,A,A,A,H,-,A,D,0,,Y,,,Y,,L,04,1,0,0,0,0,0,1,0,0,"- ","- ",37.894190000000002,-122.62401,MARIN,UNINCORPORATED,,
90287015,2016,2016-10-10,9350,2016-10-01,1010,018319,,6,1,9,2100,0,2,4,,1,016,"LUCAS VALLEY RD","WESTGATE DR",7920.00,W,N,A,-,N,,,,,,,,,,N,2,0,1,1,A,-,08,22107,,N,F,A,A,A,H,-,A,D,0,,Y,,,Y,,L,04,1,0,0,0,0,0,1,0,0,"- ","- ",38.044730000000001,-122.6198,MARIN,UNINCORPORATED,-122.61983084000001,38.044662529999997
90289156,2016,2016-10-11,9350,2016-10-05,0855,015964,,3,1,9,2100,0,2,4,,1,046,"PT. REYES-PETALUMA RD.","NOVATO BLVD.",6336.00,W,N,A,-,N,,,,,,,,,,Y,2,0,4,2,A,-,08,22107,,N,D,C,A,A,H,-,A,D,0,,,,,Y,,A,01,2,2,0,0,0,0,0,0,0,"- ","- ",38.126739999999998,-122.71423,MARIN,UNINCORPORATED,-122.71423056,38.126748659999997
90294830,2016,2016-10-18,9350,2016-10-06,1814,016406,,4,2,9,2100,0,2,4,,2,026,"NOVATO BLVD","POINT REYES PETALUMA RD",10560.00,E,N,A,-,N,,,,,,,,,,Y,2,0,1,1,A,-,01,23152,A,N,E,I,A,A,H,-,A,D,0,,,,,Y,Y,D,22,1,0,0,0,0,0,0,0,0,"- ","- ",38.118560000000002,-122.63930000000001,MARIN,UNINCORPORATED,-122.67454638,38.128424649999999
90295293,2016,2016-10-19,9350,2016-10-06,1205,016406,,4,1,4,2106,0,1,2,,2,070,"US-101 N/B",SR-37,1056.00,S,N,A,-,Y,,,101,,,,,,N,Y,2,0,1,2,A,-,08,22107,,N,C,C,A,A,H,-,A,D,0,,,,,Y,,A,08,1,0,0,0,0,0,0,0,0,"- ","- ",38.077150000000003,-122.54273000000001,MARIN,NOVATO,-122.54291104000001,38.076988640000003
90297062,2016,2016-10-20,9350,2016-08-19,0112,020705,,5,3,9,2100,0,1,2,,1,080,"US-101 NORTHBOUND","SAN ANTONIO ROAD",2490.00,N,N,A,-,Y,,,101,,,,,,N,Y,1,1,1,2,C,-,18,,,N,A,C,A,A,H,-,D,D,0,,,,,Y,,-,"- ",0,0,1,0,0,0,0,0,0,"- ","- ",38.167850000000001,-122.58154999999999,MARIN,UNINCORPORATED,-122.58155816,38.167837059999997
90300240,2016,2016-10-27,9350,2016-10-21,1330,018802,,5,1,5,2109,0,1,2,,1,060,"US-101 NB","MERRYDALE OVERCROSSING",85.00,S,N,A,-,Y,,,101,,,,,,N,Y,2,0,1,4,A,-,03,22350,,N,C,C,A,A,H,-,A,D,0,,,Y,,Y,,A,08,1,0,0,0,0,0,0,0,1,"- ","- ",38.003520000000002,-122.53883,MARIN,"SAN RAFAEL",-122.53890678,38.003467649999997
90317671,2016,2016-11-14,9350,2016-11-03,0820,015964,,4,1,9,2100,0,2,4,,2,026,"NOVATO BLVD.","STAFFORD LAKE ENTRANCE",2112.00,N,N,B,-,N,,,,,,,,,,Y,2,0,1,1,A,-,03,22350,,N,E,I,A,A,H,-,A,D,0,,,Y,,Y,,C,02,1,0,0,0,0,0,0,0,1,"- ","- ",38.117049999999999,-122.65774999999999,MARIN,UNINCORPORATED,-122.65774999999999,38.117049999999999
90328508,2016,2016-11-23,9350,2016-11-18,0738,019703,,5,1,9,2100,0,1,2,,2,020,"US-101 N/B (BICYCLE PATH EAST SIDE)","ALEXANDER AVE",850.00,S,N,A,-,N,,,101,,,,,,N,N,2,0,1,1,B,-,22,,,N,E,I,A,A,H,-,A,D,0,,Y,,,Y,,L,04,1,0,0,0,0,0,1,0,0,"- ","- ",37.83372,-122.48276,MARIN,UNINCORPORATED,-122.48285070999999,37.833581690000003
90353235,2016,2016-12-27,9350,2016-12-09,2304,021520,,5,3,4,2106,0,1,2,,2,070,"US-101 SOUTHBOUND","SOUTH NOVATO BLVD",1050.00,S,N,C,-,Y,,,101,,,,,,S,Y,2,0,1,1,A,-,08,22107,,F,E,I,A,B,H,-,D,D,0,,,,,Y,,D,22,1,0,0,0,0,0,0,0,0,"- ","- ",38.074979999999996,-122.54201999999999,MARIN,NOVATO,-122.54184395999999,38.075083900000003
90362044,2016,2017-01-05,9350,2016-12-30,1205,019927,,5,1,9,2100,0,1,3,,2,022,SR-1,"PANORAMIC HWY",1584.00,N,N,A,-,Y,,,1,,,,,,,Y,2,0,1,2,A,-,08,22107,,N,B,C,A,A,H,-,A,D,0,,,Y,Y,Y,,C,02,1,0,0,0,0,0,0,0,1,"- ","- ",37.879309999999997,-122.55376,MARIN,UNINCORPORATED,-122.55378417,37.879336459999998
90369348,2017,2017-01-16,9350,2017-01-07,1530,021485,,6,2,2,2110,0,1,2,,1,030,"US-101 SB","SPENCER AVENUE",1100.00,N,N,B,C,Y,,,101,,,,,,S,Y,2,0,1,1,A,-,03,22350,,N,E,I,A,B,H,-,A,D,0,,,,,Y,,D,22,1,0,0,0,0,0,0,0,0,"- ","- ",37.85586,-122.49427,MARIN,SAUSALITO,-122.49434230999999,37.855784300000003
90372597,2017,2017-01-19,9350,2017-01-09,1743,021488,,1,2,9,2100,0,3,5,,2,006,"MARINWOOD AVENUE","MILLER CREEK ROAD",0.00,,Y,C,-,N,,,,,,,,,,N,2,0,1,2,A,-,10,21950,A,N,G,B,B,B,H,-,C,A,0,Y,,,,Y,,A,07,1,0,0,0,1,0,0,0,0,"- ","- ",38.033589999999997,-122.54040999999999,MARIN,UNINCORPORATED,-122.54025989,38.033569890000003
90377508,2017,2017-01-25,9350,2017-01-08,1740,015964,,7,2,9,2100,0,2,4,,2,026,"NOVATO BOULEVARD","PT. REYES-PETALUMA ROAD",6336.00,E,N,B,C,N,,,,,,,,,,Y,1,1,0,1,A,-,03,22350,,N,E,I,A,B,H,-,D,D,0,,,,,Y,,A,01,0,0,0,0,0,0,0,0,0,"- ","- ",38.134509999999999,-122.68501999999999,MARIN,UNINCORPORATED,-122.68624668,38.134924320000003
90380487,2017,2017-01-27,9350,2017-01-24,1720,021520,,2,2,9,2100,0,2,4,,1,044,"SIR FRANCIS DRAKE BLVD","SAN GERANIMO CREEK BRIDGE",4752.00,W,N,A,-,N,,,,,,,,,,Y,2,0,2,2,A,-,08,22107,,N,D,C,A,B,H,-,D,D,0,,,,,Y,,A,01,1,1,0,0,0,0,0,0,0,"- ","- ",38.011620000000001,-122.71369,MARIN,UNINCORPORATED,-122.71370351,38.011616570000001
90395484,2017,2017-02-17,9350,2017-02-05,0130,021432,,7,3,9,2100,0,2,4,,1,044,"SIR FRANCIS DRAKE BLVD","DEVILS GULCH FIRE ROAD",500.00,W,N,B,C,N,,,,,,,,,,Y,2,0,1,1,A,-,03,22350,,N,E,I,A,B,H,-,D,D,0,,,,,Y,,A,07,1,0,0,0,0,0,0,0,0,"- ","- ",38.030340000000002,-122.73948,MARIN,UNINCORPORATED,-122.73795962,38.030377229999999
90418073,2017,2017-03-22,9350,2017-03-17,0524,021485,,5,3,9,2100,0,1,2,,1,080,"US-101 SB","MARIN/ SONOMA COUNTY LINE",534.00,S,N,A,-,Y,,,101,,,,,,S,Y,2,0,1,1,A,-,08,22107,,N,E,I,A,A,H,-,D,D,0,,,,,Y,,A,01,1,0,0,0,0,0,0,0,0,"- ","- ",38.183889999999998,-122.60086,MARIN,UNINCORPORATED,-122.6007951,38.183901599999999
90420269,2017,2017-04-04,9350,2017-03-19,1110,019875,,7,1,9,2100,0,3,5,,2,004,"FAIRFAX BOLINAS RD","PINE MOUNTAIN FIRE ROAD",528.00,E,N,B,-,N,,,,,,,,,,N,1,1,0,1,A,-,03,22350,,N,F,A,A,A,B,-,A,D,0,,Y,,,Y,,L,04,0,0,0,0,0,1,0,0,0,"- ","- ",37.969169999999998,-122.62546,MARIN,UNINCORPORATED,-122.62499928,37.965386100000003
90421831,2017,2017-03-27,9350,2017-02-19,1921,021391,,7,2,2,2110,0,1,2,,1,030,"US-101 SOUTHBOUND","SPENCER AVENUE UNDERCROSSING",982.00,N,N,B,C,Y,,,101,,,,,,S,Y,1,1,0,1,A,-,03,22350,,N,E,I,A,B,H,-,D,D,0,,,,,Y,,A,01,0,0,0,0,0,0,0,0,0,"- ","- ",37.85548,-122.49419,MARIN,SAUSALITO,-122.49411178,37.855553030000003
90435254,2017,2017-04-17,9350,2017-04-13,1405,019678,,4,2,9,2100,0,2,4,,1,044,"SIR FRANCIS DRAKE BLVD.",SR-1,2640.00,E,N,A,-,N,,,,,,,,,,Y,2,0,1,1,A,-,03,22350,,N,F,A,A,A,H,-,A,D,0,,,Y,,Y,,C,02,1,0,0,0,0,0,0,0,1,"- ","- ",38.044580000000003,-122.77871,MARIN,UNINCORPORATED,-122.80513999999999,38.064230000000002
90443665,2017,2017-04-27,9350,2017-04-22,1630,019000,,6,2,9,2100,0,2,4,,1,014,"PANORAMIC HIGHWAY","BOOTJACK CAMPGROUND DRIVEWAY",1500.00,E,N,A,-,N,,,,,,,,,,N,2,0,1,1,B,-,22,,,N,F,A,A,A,H,-,A,D,0,,Y,,,Y,,L,04,1,0,0,0,0,0,1,0,0,"- ","- ",37.911239999999999,-122.59782,MARIN,UNINCORPORATED,-122.59784102,37.911239270000003
90452003,2017,2017-05-09,9350,2017-04-28,2340,019927,,5,3,2,2102,0,1,2,,2,050,"US-101 N/B TO TAMALPAIS DRIVE","TAMALPAIS DR",528.00,S,N,A,-,Y,,,101,,,,R,,N,Y,2,0,1,1,A,-,01,23152,A,N,F,A,A,A,H,-,C,D,0,,,Y,,Y,Y,C,02,1,0,0,0,0,0,0,0,1,"- ","- ",37.925170000000001,-122.51364,MARIN,"CORTE MADERA",-122.51364,37.925170000000001
90452529,2017,2017-05-09,9350,2017-05-04,0830,016533,,4,1,5,2109,0,1,2,,1,060,"US-101 S/B","US-101 S/B TO I-580 E/B PHYS GORE",528.00,S,N,A,-,Y,,,,,,,,,,Y,2,0,2,3,A,-,03,22350,,N,C,C,A,A,H,-,A,D,0,,,Y,,Y,,C,02,1,0,1,0,0,0,0,0,1,"- ","- ",,,MARIN,"SAN RAFAEL",,
90458180,2017,2017-05-17,9350,2017-05-09,1641,021629,,2,2,2,2110,0,3,5,,2,003,"ALEXANDER AVE","BUNKER RD",528.00,E,N,A,G,Y,,,,,,,,,,N,2,0,1,1,A,-,03,22350,,N,E,J,A,A,B,-,A,D,0,,Y,,,Y,,L,04,1,0,0,0,0,0,1,0,0,"- ","- ",37.839919999999999,-122.4813,MARIN,SAUSALITO,-122.48302,37.837859999999999
90473774,2017,2017-06-08,9350,2017-05-26,1800,019875,,5,2,4,2106,0,1,2,,1,080,"US-101 S/B FROM ROWLAND BLVD E/B","ROWLAND BLVD",698.00,S,N,A,-,Y,,,101,,,,R,,S,Y,2,0,1,1,A,-,03,22350,,N,E,I,A,A,H,-,A,D,0,,,Y,,Y,,C,02,1,0,0,0,0,0,0,0,1,"- ","- ",38.090440000000001,-122.55786000000001,MARIN,NOVATO,-122.55786000000001,38.090440000000001
90489509,2017,2017-06-28,9350,2017-06-22,1728,021487,,4,2,2,2110,0,1,2,,1,030,"US-101 S/B","WOLFBACK RIDGE RD O/C",680.00,S,N,A,-,Y,,,101,,,,,,S,Y,2,0,1,3,A,-,03,22350,,N,C,C,A,A,H,-,A,D,0,,,,,Y,,A,01,1,0,0,0,0,0,0,0,0,"- ","- ",37.849510000000002,-122.48966,MARIN,SAUSALITO,-122.48970374,37.849498599999997
9049357,2020,2020-03-05,2105,2020-01-21,1831,MV6206,MV9,2,5,3,2105,0,0,0,,0,MV1,"MILLER AV","SUNNYSIDE AV",0.00,,Y,C,-,N,,,,,,,,,,N,2,0,1,2,A,-,10,21950,A,N,G,B,B,B,H,-,C,A,0,Y,,,,Y,,-,,1,0,0,0,1,0,0,0,0,"- ","- ",,,MARIN,"MILL VALLEY",-122.54766845703125,37.905418395996094
90499499,2017,2017-07-13,9350,2017-06-15,1730,021432,,4,2,9,2100,0,3,5,,2,006,"MARSHALL PETALUMA RD.","PVT DRIVEWAY OF 4210 MARSHALL PETALUMA R",10.00,W,N,A,-,N,,,,,,,,,,N,1,1,0,1,C,-,18,,,N,H,H,A,A,H,-,A,D,0,,,Y,,Y,Y,-,"- ",0,0,0,0,0,0,0,1,0,"- ","- ",38.089950000000002,-122.49515,MARIN,UNINCORPORATED,,
90522200,2017,2017-08-14,9350,2017-08-05,1350,021696,,6,1,9,2100,0,2,4,,1,046,"SR-1 (SHORELINE HIGHWAY)","WILLOW WAY",1795.00,S,N,A,-,Y,,,1,,,,,,,N,2,0,1,3,A,-,09,21801,A,N,C,C,A,A,H,-,A,D,0,,,Y,,Y,,A,07,1,0,0,0,0,0,0,0,1,"- ","- ",38.225200000000001,-122.916,MARIN,UNINCORPORATED,-122.91607026,38.225222459999998
90534422,2017,2017-09-12,9350,2017-08-13,1930,021520,,7,2,2,2110,0,1,2,,2,020,"US-101 NORTHBOUND","WOLFBACK RIDGE RD",670.00,S,N,E,-,Y,,,101,,,,,,N,Y,2,0,1,2,A,-,01,23152,A,N,B,C,A,B,H,-,A,D,0,,,Y,,Y,Y,C,02,1,0,0,0,0,0,0,0,1,"- ","- ",37.84966,-122.48950000000001,MARIN,SAUSALITO,-122.48951520999999,37.84965613
9053719,2019,2020-03-05,2103,2019-11-21,1727,168,WEST,4,5,2,2103,0,0,0,,0,PAT,"SIR FRANCIS DRAKE BL","GLEN DR",43.00,W,N,A,-,N,,,,,,,,,,N,2,0,1,2,A,-,10,21950,A,N,G,B,C,A,H,-,C,A,0,Y,,,,Y,,A,01,1,0,0,0,1,0,0,0,0,"- ","- ",38.000469207763672,-122.60359191894531,MARIN,FAIRFAX,-122.60329437255859,38.000205993652344
90544006,2017,2017-09-11,9350,2017-09-01,0600,021704,,5,1,9,2100,0,2,4,,1,044,"SIR FRANCIS DRAKE BLVD","SAN GERONIMO VALLEY DR",1170.00,E,N,A,-,N,,,,,,,,,,Y,2,0,8,2,A,-,05,21460,A,N,A,C,A,A,H,-,D,D,0,,,,,Y,Y,A,01,1,4,3,0,0,0,0,0,0,"- ","- ",38.010980000000004,-122.62724,MARIN,UNINCORPORATED,-122.66624546,38.014426499999999
90547624,2017,2017-09-14,9350,2017-09-03,1650,021696,,7,2,9,2100,0,1,3,,1,052,"SR-1 (SHORELINE HIGHWAY)","CLARK ROAD",7920.00,N,N,A,-,Y,,,1,,,,,,,Y,2,0,3,1,A,-,08,22107,,N,F,A,A,A,H,-,A,D,0,,,,,Y,,A,07,2,0,1,0,0,0,0,0,0,"- ","- ",38.203470000000003,-122.92242,MARIN,UNINCORPORATED,-122.92238041,38.203483830000003
90549141,2017,2017-09-18,9350,2017-09-09,1200,021696,,6,1,9,2100,0,1,2,,1,120,"US-101 S/B (GGB WEST SIDEWALK)","GOLDEN GATE BRIDGE NORTH TOWER",625.00,N,N,B,-,Y,,,101,,,,,,S,N,2,0,1,1,B,-,22,,,N,E,I,A,A,H,-,A,D,0,,Y,,,Y,,L,04,1,0,0,0,0,0,1,0,0,"- ","- ",37.827260000000003,-122.47958,MARIN,UNINCORPORATED,-122.47975248,37.827242689999999
90562408,2017,2017-10-04,9350,2017-09-22,1600,021739,,5,2,9,2100,0,2,4,,1,014,"PANORAMIC HWY","PAN TOLL RD",1584.00,N,N,A,-,N,,,,,,,,,,Y,2,0,1,3,A,-,03,22350,,N,C,C,A,A,H,-,A,D,0,,,Y,,Y,,D,22,1,0,0,0,0,0,0,0,1,"- ","- ",37.904029999999999,-122.60857,MARIN,UNINCORPORATED,-122.60205565,37.908089570000001
90567966,2017,2017-10-11,9350,2017-09-26,1140,021740,,2,1,9,2100,0,1,3,,2,037,"SR-37 E/B","ATHERTON AVE",6864.00,W,N,A,-,Y,,,,,,,,,,Y,2,0,1,2,A,-,08,22107,,N,E,I,A,A,H,-,A,D,0,,,,,Y,,D,22,1,0,0,0,0,0,0,0,0,"- ","- ",38.098570000000002,-122.51997,MARIN,UNINCORPORATED,-122.52843227,38.092025569999997
90569054,2017,2017-10-12,9350,2017-10-06,1710,017201,,5,2,4,2106,0,1,2,,2,070,"US-101 N/B","THE IGNACIO BLVD. O/C",2517.00,S,N,A,-,Y,,,101,,,,,,N,Y,2,0,2,1,A,-,08,22107,,N,E,I,A,A,H,-,A,D,0,,,,,Y,,A,07,2,0,0,0,0,0,0,0,0,"- ","- ",38.060670000000002,-122.53194000000001,MARIN,NOVATO,-122.53218595,38.060485540000002