CASE_ID,ACCIDENT_YEAR,PROC_DATE,JURIS,COLLISION_DATE,COLLISION_TIME,OFFICER_ID,REPORTING_DISTRICT,DAY_OF_WEEK,CHP_SHIFT,POPULATION,CNTY_CITY_LOC,SPECIAL_COND,BEAT_TYPE,CHP_BEAT_TYPE,CITY_DIVISION_LAPD,CHP_BEAT_CLASS,BEAT_NUMBER,PRIMARY_RD,SECONDARY_RD,DISTANCE,DIRECTION,INTERSECTION,WEATHER_1,WEATHER_2,STATE_HWY_IND,CALTRANS_COUNTY,CALTRANS_DISTRICT,STATE_ROUTE,ROUTE_SUFFIX,POSTMILE_PREFIX,POSTMILE,LOCATION_TYPE,RAMP_INTERSECTION,SIDE_OF_HWY,TOW_AWAY,COLLISION_SEVERITY,NUMBER_KILLED,NUMBER_INJURED,PARTY_COUNT,PRIMARY_COLL_FACTOR,PCF_CODE_OF_VIOL,PCF_VIOL_CATEGORY,PCF_VIOLATION,PCF_VIOL_SUBSECTION,HIT_AND_RUN,TYPE_OF_COLLISION,MVIW,PED_ACTION,ROAD_SURFACE,ROAD_COND_1,ROAD_COND_2,LIGHTING,CONTROL_DEVICE,CHP_ROAD_TYPE,PEDESTRIAN_ACCIDENT,BICYCLE_ACCIDENT,MOTORCYCLE_ACCIDENT,TRUCK_ACCIDENT,NOT_PRIVATE_PROPERTY,ALCOHOL_INVOLVED,STWD_VEHTYPE_AT_FAULT,CHP_VEHTYPE_AT_FAULT,COUNT_SEVERE_INJ,COUNT_VISIBLE_INJ,COUNT_COMPLAINT_PAIN,COUNT_PED_KILLED,COUNT_PED_INJURED,COUNT_BICYCLIST_KILLED,COUNT_BICYCLIST_INJURED,COUNT_MC_KILLED,COUNT_MC_INJURED,PRIMARY_RAMP,SECONDARY_RAMP,LATITUDE,LONGITUDE,COUNTY,CITY,POINT_X,POINT_Y
90569071,2017,2017-10-12,9350,2017-10-05,2025,019000,,4,2,9,2100,0,3,5,,2,002,"DRAKE AVE","PHILLIPS DR",77.00,W,N,A,-,N,,,,,,,,,,N,2,0,1,2,B,-,22,,,N,H,G,A,A,H,-,C,D,0,,Y,,,Y,Y,L,04,1,0,0,0,0,0,1,0,0,"- ","- ",37.873890000000003,-122.51264,MARIN,UNINCORPORATED,-122.51502481,37.872239819999997
90577318,2017,2017-11-02,9350,2017-09-05,2035,021699,,2,2,5,2109,0,1,2,,2,070,"US-101 N/B TO LUCAS VALLEY ROAD","SMITH RANCH ROAD",668.00,S,N,A,-,Y,,,101,,,,R,,N,N,1,1,0,2,D,-,00,,,F,G,B,E,A,H,-,E,D,0,Y,,,,Y,,-,"- ",0,0,0,1,0,0,0,0,0,"- ","- ",38.019190000000002,-122.53946999999999,MARIN,"SAN RAFAEL",-122.53946999999999,38.019190000000002
90577497,2017,2017-10-24,9350,2017-10-19,1800,016406,,4,2,9,2100,0,1,2,,1,080,"US-101 S/B TO SR-37 E/B","SR-37 E/B",400.00,N,N,B,C,Y,,,101,,,,R,,S,Y,2,0,1,1,A,-,03,22350,,N,E,I,A,B,H,-,A,D,0,,,,,Y,,A,07,1,0,0,0,0,0,0,0,0,"- ","- ",38.078969999999998,-122.54392,MARIN,UNINCORPORATED,-122.54392,38.078969999999998
90598152,2017,2017-11-20,9350,2017-11-09,2131,021564,,4,2,4,2106,0,1,2,,2,070,"US-101 S/B FROM SR-37 W/B","S. NOVATO BLVD O/C",700.00,S,N,C,-,Y,,,101,,,,R,,S,N,2,0,1,2,A,-,11,21954,A,N,G,B,E,B,H,-,D,D,0,Y,,,,Y,,N,60,1,0,0,0,1,0,0,0,0,"- ","- ",38.075879999999998,-122.54281,MARIN,NOVATO,-122.54281,38.075879999999998
90598670,2017,2017-11-20,9350,2017-10-28,0642,021704,,6,1,5,2109,0,1,1,,1,015,"I-580 E/B","MAIN ST. U/C",1056.00,W,N,A,-,Y,,,580,,,,,,E,Y,2,0,5,2,A,-,05,21651,C,N,A,C,A,A,H,-,D,D,0,,,,,Y,,A,01,3,2,0,0,0,0,0,0,0,"- ","- ",37.944879999999998,-122.48406,MARIN,"SAN RAFAEL",-122.48406438000001,37.944847760000002
90604338,2017,2017-11-28,9350,2017-10-07,1146,021418,,6,1,9,2100,0,2,4,,1,046,"POINT REYES PETALUMA ROAD","HICKS VALLEY ROAD",105.00,W,N,A,-,N,,,,,,,,,,N,2,0,4,5,A,-,08,22107,,F,H,J,A,A,H,-,A,D,0,,Y,,,Y,,D,22,4,0,0,0,0,0,4,0,0,"- ","- ",38.148890000000002,-122.70274000000001,MARIN,UNINCORPORATED,-122.70272408,38.148778710000002
90605965,2017,2017-11-30,9350,2017-11-11,0440,021418,,6,3,2,2110,0,1,2,,1,030,"US-101 S/B","WOLFBACK RIDGE RD O/C",1955.00,N,N,C,-,Y,,,101,,,,,,S,Y,2,0,1,1,A,-,01,23152,A,N,E,I,A,B,H,-,D,D,0,,,,,Y,Y,A,01,1,0,0,0,0,0,0,0,0,"- ","- ",37.855559999999997,-122.49427,MARIN,SAUSALITO,-122.49418894,37.855635679999999
90610592,2017,2017-12-05,9350,2017-10-07,0558,016034,,6,3,9,2100,0,3,5,,2,003,"E. SIR FRANCIS DRAKE BOULEVARD","DRAKES COVE ROAD",352.00,E,N,A,-,N,,,,,,,,,,Y,1,1,0,2,A,-,08,22107,,N,C,E,A,A,H,-,D,D,0,,,,Y,Y,,A,01,0,0,0,0,0,0,0,0,0,"- ","- ",37.942880000000002,-122.50157,MARIN,UNINCORPORATED,-122.5017361,37.943228619999999
90613419,2017,2017-12-08,9350,2017-11-08,2200,021099,,3,3,5,2109,0,1,2,,1,060,"US-101 N/B","NORTH SAN PEDRO ROAD U/C",151.00,N,N,B,C,Y,,,101,,,,,,N,Y,1,1,0,1,A,-,08,22107,,N,E,I,A,B,H,-,D,D,0,,,,Y,Y,,F,26,0,0,0,0,0,0,0,0,0,"- ","- ",37.994759999999999,-122.53263,MARIN,"SAN RAFAEL",-122.53254369,37.994823169999997
90640686,2018,2018-01-16,9350,2018-01-09,0725,014864,,2,1,9,2100,0,1,2,,2,020,"US-101 S/B","ALEXANDER AVE U/C",680.00,N,N,B,C,Y,,,101,,,,,,S,Y,2,0,1,2,A,-,07,21658,A,N,B,C,A,B,H,-,A,D,0,,,,,Y,,D,22,1,0,0,0,0,0,0,0,0,"- ","- ",37.837268829345703,-122.48589324951172,MARIN,UNINCORPORATED,-122.48588562011719,37.837276458740234
90645896,2018,2018-01-23,9350,2018-01-17,1420,015964,,3,2,9,2100,0,2,4,,1,046,"PT. REYES-PETALUMA RD. (W/B)","HICKS VALLEY RD.",3168.00,E,N,B,-,N,,,,,,,,,,Y,2,0,1,1,A,-,08,22107,,N,E,I,A,A,H,-,A,D,0,,,,,Y,,A,01,1,0,0,0,0,0,0,0,0,"- ","- ",38.156909942626953,-122.69490814208984,MARIN,UNINCORPORATED,-122.69609069824219,38.1558837890625
90649142,2018,2018-01-26,9350,2018-01-17,1314,019000,,3,1,9,2100,0,2,4,,1,014,"PANORAMIC HWY","PAN TOLL RD",3696.00,E,N,B,-,N,,,,,,,,,,N,2,0,1,2,A,-,05,21460,A,F,H,G,A,A,H,-,A,D,0,,Y,,,Y,,A,01,1,0,0,0,0,0,1,0,0,"- ","- ",37.910751342773438,-122.59703063964844,MARIN,UNINCORPORATED,-122.59730529785156,37.910846710205078
90655316,2018,2018-02-05,9360,2018-01-28,1424,019083,,7,2,9,2100,0,3,5,,2,007,"TOMALES PETALUMA RD","TWIN BRIDGE RD",2640.00,E,N,A,-,N,,,,,,,,,,N,2,0,1,1,A,-,03,22350,,N,F,A,A,A,H,-,A,D,0,,,Y,,Y,,C,02,1,0,0,0,0,0,0,0,1,"- ","- ",38.253841400146484,-122.85263824462891,MARIN,UNINCORPORATED,-122.85063934326172,38.253360748291016
90658771,2018,2018-02-12,9350,2018-01-18,1750,021696,,4,2,9,2100,0,3,5,,2,002,"ALEXANDER AVE","BUNKER RD",1690.00,N,N,B,F,N,,,,,,,,,,N,2,0,1,1,B,-,22,,,N,F,A,A,B,H,-,D,D,0,,Y,,,Y,,L,04,1,0,0,0,0,0,1,0,0,"- ","- ",37.839908599853516,-122.47865295410156,MARIN,UNINCORPORATED,-122.47893524169922,37.839862823486328
90668762,2018,2018-02-26,9350,2018-02-19,1300,016406,,1,1,9,2100,0,3,5,,2,003,"ALEXANDER AVE","BUNKER RD",225.00,N,N,A,-,N,,,,,,,,,,N,2,0,1,1,A,-,03,22350,,N,F,A,A,A,H,-,A,D,0,,Y,,,Y,,L,04,1,0,0,0,0,0,1,0,0,"- ","- ",37.838581085205078,-122.48298645019531,MARIN,UNINCORPORATED,-122.48303985595703,37.838478088378906
9067482,2020,2020-03-19,2108,2020-02-24,1804,078,3,1,5,3,2108,0,0,0,,0,003,"SAN ANSELMO AV","MARIPOSA AV",115.00,S,N,A,-,N,,,,,,,,,,N,2,0,1,2,A,-,11,21950,B,N,G,B,D,A,H,-,A,D,0,Y,,,,Y,,N,60,1,0,0,0,1,0,0,0,0,"- ","- ",37.971038818359375,-122.56166839599609,MARIN,"SAN ANSELMO",-122.56148529052734,37.971172332763672
9067486,2020,2020-03-20,2104,2020-02-24,0753,078,1B,1,5,3,2104,0,0,0,,0,002,"SOUTH ELSEO DR","CORTE REAL",785.00,W,N,A,-,N,,,,,,,,,,N,2,0,1,2,A,-,09,21801,A,N,D,G,A,A,H,-,A,D,0,,Y,,,Y,,A,01,1,0,0,0,0,0,1,0,0,"- ","- ",37.943878173828125,-122.53443908691406,MARIN,LARKSPUR,-122.53505706787109,37.943656921386719
90675934,2018,2018-03-06,9350,2018-02-22,1505,021867,,4,2,5,2109,0,1,1,,1,015,"US-580 E/B","SIR FRANCIS DRAKE BLVD O/C",1584.00,W,N,A,-,Y,,,580,,,,,,E,Y,2,0,4,4,A,-,03,22350,,N,C,C,A,A,H,-,A,D,0,,,,,Y,,A,08,1,0,3,0,0,0,0,0,0,"- ","- ",37.950119018554688,-122.49488067626953,MARIN,"SAN RAFAEL",-122.49500274658203,37.949993133544922
90684104,2018,2018-03-19,9350,2018-03-02,2315,021418,,5,3,9,2100,0,1,2,,2,040,"US-101 N/B","NORTH BRIDGE BOULEVARD",1615.00,N,N,A,-,Y,,,101,,,,,,N,Y,2,0,1,2,A,-,03,22350,,N,C,C,A,B,H,-,D,D,0,,,,,Y,,A,01,1,0,0,0,0,0,0,0,0,"- ","- ",37.875518798828125,-122.510009765625,MARIN,UNINCORPORATED,-122.51000213623047,37.875530242919922
90695272,2018,2018-03-30,9350,2018-03-17,0044,021391,,6,3,4,2106,0,1,2,,1,080,"N/B US-101","SAN ANTONIO ROAD O/C",6600.00,S,N,A,-,Y,,,101,,,,,,,Y,2,0,1,1,A,-,01,23152,A,N,E,J,A,B,H,-,D,D,0,,,,,Y,Y,A,01,1,0,0,0,0,0,0,0,0,"- ","- ",38.142799377441406,-122.56436157226562,MARIN,NOVATO,-122.56430816650391,38.142803192138672
9069861,2020,2020-08-18,2106,2020-04-10,1806,359,,5,5,4,2106,0,0,0,,0,,"FELIZ DR","SAN ANDREAS DR",471.00,E,N,A,-,N,,,,,,,,,,,2,0,1,2,A,-,03,22350,,N,C,G,A,A,H,-,A,D,0,,Y,,,Y,,L,04,1,0,0,0,0,0,1,0,0,"- ","- ",38.117759704589844,-122.59584808349609,MARIN,NOVATO,-122.59601593017578,38.117687225341797
90699980,2018,2018-04-06,9350,2018-04-01,0413,021391,,7,3,9,2100,0,2,4,,1,016,"LUCAS VALLEY RD","LUCAS VALLEY ROAD",144.00,E,N,A,-,N,,,,,,,,,,Y,2,0,1,1,A,-,08,22107,,N,E,J,A,A,H,-,C,D,0,,,,,Y,,A,01,1,0,0,0,0,0,0,0,0,"- ","- ",38.025131225585938,-122.56887054443359,MARIN,UNINCORPORATED,-122.69290161132812,38.054573059082031
9070086,2020,2020-08-24,2109,2020-05-01,1505,542,31,5,5,5,2109,0,0,0,,0,,"LOCHINVAR RD","KINROSS DR",9.00,S,N,A,-,N,,,,,,,,,,N,2,0,1,2,A,-,03,22350,A,N,C,E,A,A,H,-,A,D,0,,Y,,,Y,,L,04,1,0,0,0,0,0,1,0,0,"- ","- ",37.975738525390625,-122.48531341552734,MARIN,"SAN RAFAEL",-122.49192810058594,37.97845458984375
90703937,2018,2018-04-12,9350,2018-01-29,1630,017201,,1,2,9,2100,0,1,3,,1,052,SR-1,"18500 SR-1 (MARCONI CENTER)",2640.00,N,N,A,-,Y,,,1,,,,,,,Y,1,1,1,2,A,-,01,23152,A,N,A,C,A,A,H,-,A,D,0,,,,Y,Y,Y,A,01,1,0,0,0,0,0,0,0,0,"- ","- ",38.149028778076172,-122.88516235351562,MARIN,UNINCORPORATED,-122.88516235351562,38.149021148681641
90709866,2017,2018-04-20,9350,2017-04-01,1230,020403,,6,1,9,2100,0,3,5,,2,004,"FAIRFAX-BOLINAS RD","MORA AVE",1584.00,S,N,A,-,N,,,,,,,,,,N,1,1,0,1,A,-,03,22350,,N,F,A,A,A,H,-,A,D,0,,Y,,,Y,,L,04,0,0,0,0,0,1,0,0,0,"- ","- ",37.974850000000004,-122.61868,MARIN,UNINCORPORATED,-122.61867732,37.974839189999997
90722294,2018,2018-05-08,9350,2018-05-04,1435,019150,,5,2,9,2100,0,1,2,,1,080,"US-101 N/B","SAN ANTONIO RD",4752.00,N,N,A,-,Y,,,101,,,,,,N,Y,2,0,1,2,A,-,07,21658,,N,B,C,A,A,H,-,A,D,0,,,Y,,Y,,A,01,1,0,0,0,0,0,0,0,1,"- ","- ",38.172328948974609,-122.58820343017578,MARIN,UNINCORPORATED,-122.58821105957031,38.172313690185547
90741222,2018,2018-06-05,9350,2018-05-28,0223,021686,,1,3,9,2100,0,1,3,,1,042,"SR-1 S/B","SIR FRANCIS DRAKE BLVD",7498.00,S,N,A,-,Y,,,1,,,,,,S,Y,2,0,1,1,A,-,08,22107,,N,E,I,A,A,H,-,D,D,0,,,,,Y,,A,01,1,0,0,0,0,0,0,0,0,"- ","- ",38.024650573730469,-122.77503967285156,MARIN,UNINCORPORATED,-122.77501678466797,38.024669647216797
90741471,2018,2018-06-05,9350,2018-04-01,0555,021699,,7,3,5,2109,0,1,2,,1,060,"US-101 N/B FROM I-580 W/B","MEDWAY ROAD",267.00,N,N,A,-,Y,,,101,,,,R,,N,N,1,1,0,2,A,-,11,21954,A,F,G,B,E,A,H,-,C,D,0,Y,,,,Y,,N,60,0,0,0,1,0,0,0,0,0,"- ","- ",37.963401794433594,-122.51123809814453,MARIN,"SAN RAFAEL",-122.51123809814453,37.963401794433594
90742089,2018,2018-06-06,9350,2018-03-26,2211,021087,,1,3,2,2102,0,1,2,,2,050,"US-101 SOUTHBOUND","TAMALPAIS DR",4008.00,S,N,A,-,Y,,,101,,,,,,S,Y,1,1,0,3,C,-,18,,,N,C,C,E,A,H,-,C,D,0,Y,,Y,,Y,,-,"- ",0,0,0,1,0,0,0,0,0,"- ","- ",37.913749694824219,-122.51226806640625,MARIN,"CORTE MADERA",-122.51225280761719,37.913745880126953
90748617,2018,2018-06-14,9350,2018-06-06,1000,016533,,3,1,9,2100,0,2,4,,1,046,"POINT REYES - PETALUMA ROAD","TELEPHONE ROAD",400.00,W,N,A,-,N,,,,,,,,,,N,2,0,2,2,A,-,03,22350,,N,E,I,A,A,H,-,A,D,0,,Y,,,Y,,L,04,2,0,0,0,0,0,2,0,0,"- ","- ",38.092350006103516,-122.74365997314453,MARIN,UNINCORPORATED,-122.74430084228516,38.092311859130859
90751745,2018,2018-06-20,9350,2018-06-14,1705,016406,,4,2,4,2106,0,1,2,,1,080,"US-101 N/B","ATHERTON AVE",528.00,S,N,A,-,Y,,,101,,,,,,N,Y,2,0,2,3,A,-,03,22350,,N,C,C,A,A,H,-,A,D,0,,,,,Y,,A,01,1,0,1,0,0,0,0,0,0,"- ","- ",38.115558624267578,-122.56459808349609,MARIN,NOVATO,-122.56462860107422,38.115554809570312
90753405,2018,2018-06-21,9350,2018-06-09,2005,021466,,6,2,9,2100,0,2,4,,1,046,"POINT REYES PETALUMA RD","TELEPHONE ROAD",1500.00,N,N,A,-,N,,,,,,,,,,Y,2,0,1,2,A,-,03,22350,,N,E,I,A,A,H,-,D,D,0,,,Y,,Y,,C,02,1,0,0,0,0,0,0,0,1,"- ","- ",38.092601776123047,-122.73739624023438,MARIN,UNINCORPORATED,-122.73734283447266,38.092533111572266
90754414,2018,2018-06-25,9350,2018-06-17,1410,021739,,7,2,9,2100,0,3,5,,2,004,"BOLINAS RD","MORA AVE",0.00,,Y,A,-,N,,,,,,,,,,N,2,0,1,2,A,-,09,21801,A,N,D,G,A,A,H,-,A,D,0,,Y,,,Y,,A,01,1,0,0,0,0,0,1,0,0,"- ","- ",37.973789215087891,-122.61431884765625,MARIN,UNINCORPORATED,-122.61434936523438,37.973819732666016
90763149,2018,2018-07-05,9360,2018-07-01,0910,020803,,7,1,9,2100,0,3,5,,2,007,"WHITAKER BLUFF RD","VALLEY FORD FRANKLIN SCHOOL RD",2200.00,E,N,A,-,N,,,,,,,,,,N,2,0,1,1,A,-,08,22107,,N,E,I,A,A,H,-,A,D,0,,,Y,,Y,,C,02,1,0,0,0,0,0,0,0,1,"- ","- ",38.276660919189453,-122.94106292724609,MARIN,UNINCORPORATED,-122.94142913818359,38.277042388916016
90786305,2018,2018-08-08,9350,2018-08-01,1117,022108,,3,1,9,2100,0,1,2,,2,020,"US-101 S/B","WOLFBACK RIDGE RD",650.00,S,N,B,-,Y,,,101,,,,,,S,Y,2,0,1,1,A,-,03,22350,,N,F,A,A,A,H,-,A,D,0,,,Y,,Y,,C,02,1,0,0,0,0,0,0,0,1,"- ","- ",37.849628448486328,-122.48995971679688,MARIN,UNINCORPORATED,-122.48975372314453,37.849685668945312
90788705,2018,2018-08-13,9360,2018-08-01,1345,019083,,3,1,9,2100,0,3,5,,2,007,"TOMALES PETALUMA RD","ALEXANDER RD",400.00,W,N,A,-,N,,,,,,,,,,Y,2,0,1,1,A,-,08,22107,,N,E,I,A,A,H,-,A,D,0,,,,,Y,,A,01,1,0,0,0,0,0,0,0,0,"- ","- ",38.2530517578125,-122.84066009521484,MARIN,UNINCORPORATED,-122.84013366699219,38.253036499023438
90797950,2018,2018-08-27,9350,2018-08-19,1421,018797,,7,2,9,2100,0,3,5,,2,003,"SEMINARY DR","WEATHERLY DR",0.00,,Y,A,-,N,,,,,,,,,,N,2,0,1,2,A,-,09,21801,A,N,D,C,A,A,H,-,A,D,0,,Y,,,Y,,A,07,1,0,0,0,0,0,1,0,0,"- ","- ",37.883560180664062,-122.50202941894531,MARIN,UNINCORPORATED,-122.502055,37.883558999999998
90800476,2018,2018-08-29,9350,2018-08-20,1620,019150,,1,2,9,2100,0,1,2,,2,050,"US-101 N/B","TAMALPAIS DR",4224.00,S,N,B,-,Y,,,,,,,,,,N,2,0,1,2,A,-,07,21658,A,F,F,A,A,A,H,-,A,D,0,,,Y,,Y,,A,01,1,0,0,0,0,0,0,0,1,"- ","- ",37.914848327636719,-122.51165771484375,MARIN,UNINCORPORATED,-122.51161956787109,37.914955139160156
90817874,2018,2018-09-20,9350,2018-09-16,2025,021099,,7,2,9,2100,0,2,4,,1,046,"POINT REYES PETALUMA RD","MARIN/SONOMA COUNTY LINE",5280.00,W,N,B,-,N,,,,,,,,,,N,2,0,1,1,A,-,03,22350,,N,E,I,A,A,H,-,D,D,0,,,,,Y,,A,01,1,0,0,0,0,0,0,0,0,"- ","- ",38.175140380859375,-122.67122650146484,MARIN,UNINCORPORATED,-122.67122650146484,38.175140380859375
90824736,2018,2018-09-28,9350,2018-09-27,1535,019150,,4,2,9,2100,0,1,2,,1,120,"US-101 GOLDEN GATE BRIDGE WEST SIDEWALK","GGB N ANCHORAGE",250.00,N,N,B,-,N,,,101,,,,,,,N,2,0,1,1,B,-,22,,,N,F,A,A,A,H,-,A,D,0,,Y,,,Y,,L,04,1,0,0,0,0,0,1,0,0,"- ","- ",37.829010009765625,-122.47992706298828,MARIN,UNINCORPORATED,-122.47992706298828,37.829010009765625
9082966,2020,2020-07-16,2109,2020-03-16,1850,623,17,1,5,5,2109,0,0,0,,0,002,"HETHERTON ST","2ND ST",0.00,,Y,A,-,N,,,,,,,,,,Y,2,0,1,2,A,-,08,22101,D,N,B,C,A,A,H,-,B,A,0,,,Y,,Y,,C,02,1,0,0,0,0,0,0,0,1,"- ","- ",37.9705810546875,-122.52236175537109,MARIN,"SAN RAFAEL",-122.52236175537109,37.970569610595703
90834082,2018,2018-10-11,9350,2018-09-28,2223,021356,,5,3,9,2100,0,1,2,,2,040,"US-101 NORTHBOUND","NORTH BRIDGE BLVD",900.00,N,N,A,-,Y,,,101,,,,,,N,N,2,0,1,2,A,-,11,21954,A,N,G,B,D,A,H,-,D,D,0,Y,,,,Y,,N,60,1,0,0,0,1,0,0,0,0,"- ","- ",37.874008178710938,-122.50833129882812,MARIN,UNINCORPORATED,-122.50829315185547,37.874038696289062
90838327,2018,2018-10-17,9350,2018-10-11,0710,015964,,4,1,4,2106,0,1,2,,1,080,"US-101 (SOUTHBOUND)","ROWALND BOULEVARD O/C",2112.00,S,N,B,-,Y,,,,,,,,,,Y,2,0,1,2,A,-,07,21658,A,N,B,C,A,A,H,-,A,D,0,,,Y,,Y,,A,01,1,0,0,0,0,0,0,0,1,"- ","- ",38.513999938964844,-122.33139801025391,MARIN,NOVATO,-122.55455017089844,38.08770751953125
90855975,2018,2018-11-08,9350,2018-11-03,2320,021437,,6,3,9,2100,0,1,2,,1,080,"US-101 S/B","SAN ANTONIO RD",3168.00,S,N,A,-,Y,,,101,,,,,,S,Y,2,0,1,1,A,-,08,22107,,N,E,I,A,A,H,-,D,D,0,,,,,Y,,A,01,1,0,0,0,0,0,0,0,0,"- ","- ",38.154628753662109,-122.56825256347656,MARIN,UNINCORPORATED,-122.56816864013672,38.154659271240234
90861169,2018,2018-11-15,9350,2018-11-02,1740,021266,,5,2,9,2100,0,1,2,,2,070,"US-101 N/B","MILLER CREEK RD",200.00,S,N,A,-,Y,,,101,,,,,,N,Y,2,0,4,3,A,-,01,23152,A,N,B,C,A,A,H,-,A,D,0,,,,,Y,Y,D,22,1,0,3,0,0,0,0,0,0,"- ","- ",38.032939910888672,-122.53713226318359,MARIN,UNINCORPORATED,-122.53707885742188,38.032936096191406
90863622,2018,2018-11-20,9350,2018-11-08,2038,017201,,4,2,9,2100,0,2,4,,1,016,"LUCAS VALLEY ROAD","MT MCKINLEY ROAD",21.00,N,N,F,-,N,,,,,,,,,,Y,2,0,1,1,A,-,01,23152,A,N,E,I,A,A,H,-,D,D,0,,,,,Y,Y,A,01,1,0,0,0,0,0,0,0,0,"- ","- ",38.032249450683594,-122.58373260498047,MARIN,UNINCORPORATED,-122.58381652832031,38.032207489013672
90879387,2018,2018-12-10,9350,2018-12-02,0940,021629,,7,1,9,2100,0,1,3,,1,042,SR-1,"BELVEDERE AVE",0.00,,Y,B,-,Y,,,1,,,,,,,Y,2,0,1,2,A,-,09,21801,A,N,D,G,A,A,H,-,A,A,0,,Y,,,Y,,A,01,1,0,0,0,0,0,1,0,0,"- ","- ",37.898479461669922,-122.63768005371094,MARIN,UNINCORPORATED,-122.63768768310547,37.898422241210938
90884244,2018,2018-12-17,9350,2018-12-09,1340,022133,,7,1,9,2100,0,1,2,,2,031,"VISTA POINT PARKING LOT","ALEXANDER AVE",1500.00,S,N,A,-,N,,,,,,,,,,N,2,0,1,1,B,-,22,,,N,F,A,A,A,H,-,A,D,0,,Y,,,Y,,L,04,1,0,0,0,0,0,1,0,0,"- ","- ",37.832439422607422,-122.48065948486328,MARIN,UNINCORPORATED,,
90894023,2018,2018-12-31,9350,2018-12-22,0905,016034,,6,1,9,2100,0,1,3,,1,012,"STATE ROUTE (SR) 1","W. CALIFORNIA AVENUE",400.00,N,N,A,-,Y,,,1,,,,,,,N,2,0,1,1,A,-,03,22350,,N,F,A,A,B,H,-,A,D,0,,Y,,,Y,,L,04,1,0,0,0,0,0,1,0,0,"- ","- ",37.887989044189453,-122.54473114013672,MARIN,UNINCORPORATED,-122.54472351074219,37.88800048828125
90894079,2018,2018-12-31,9350,2018-12-19,1510,022108,,3,2,9,2100,0,1,3,,2,022,SR-1,"PANORAMIC HWY",4025.00,W,N,A,-,N,,,1,,,,,,,N,2,0,1,1,A,-,08,22107,,N,F,A,A,A,H,-,A,D,0,,,Y,,Y,,C,02,1,0,0,0,0,0,0,0,1,"- ","- ",37.875011444091797,-122.56182861328125,MARIN,UNINCORPORATED,-122.56174468994141,37.874942779541016
90898444,2018,2019-01-07,9350,2018-12-26,1420,022108,,3,2,9,2100,0,1,3,,2,022,SR-1,"MUIR BEACH OVERLOOK",5035.00,N,N,A,-,Y,,,1,,,,,,,Y,2,0,1,1,A,-,08,22107,,N,E,I,A,A,H,-,A,D,0,,,Y,,Y,,C,02,1,0,0,0,0,0,0,0,1,"- ","- ",37.874259948730469,-122.59340667724609,MARIN,UNINCORPORATED,-122.59327697753906,37.874347686767578
90906803,2019,2019-01-17,9350,2019-01-12,1320,016274,,6,1,9,2100,0,2,4,,1,046,"PETALUMA PT. REYES ROAD E/B","PLATFORM BRIDGE RD",1320.00,W,N,A,-,N,,,,,,,,,,N,2,0,1,2,A,-,06,21750,,N,B,G,A,A,H,-,A,D,0,,Y,,,Y,,A,01,1,0,0,0,0,0,1,0,0,"- ","- ",38.070209503173828,-122.7666015625,MARIN,UNINCORPORATED,-122.76657104492188,38.070224761962891
90907789,2018,2019-01-21,9350,2018-12-12,0840,017729,,3,1,9,2100,0,2,4,,2,017,"ATHERTON AVENUE","SCHOOL ROAD",0.00,,Y,A,-,N,,,,,,,,,,Y,2,0,2,2,A,-,09,21804,A,N,D,C,A,A,H,-,A,A,0,,,,Y,Y,,A,01,1,0,1,0,0,0,0,0,0,"- ","- ",38.109230041503906,-122.53095245361328,MARIN,UNINCORPORATED,-122.53102874755859,38.109268188476562
90907854,2019,2019-01-21,9350,2019-01-19,1235,016533,,6,1,9,2100,0,1,2,,1,080,"US-101 N/B","SAN ANTONIO RD O/C",2640.00,N,N,B,-,Y,,,101,,,,,,N,Y,2,0,4,2,A,-,03,22350,,N,C,C,A,A,H,-,A,D,0,,,,,Y,,A,01,1,3,0,0,0,0,0,0,0,"- ","- ",38.168540954589844,-122.58318328857422,MARIN,UNINCORPORATED,-122.58303833007812,38.168769836425781
90926095,2018,2019-04-10,9350,2018-10-29,1735,022108,,1,2,9,2100,0,2,4,,1,044,"SIR FRANCIS DRAKE BLVD","RAILROAD AVE",630.00,W,N,A,-,N,,,,,,,,,,Y,1,1,0,2,A,-,01,23152,A,N,C,G,A,A,H,-,A,D,0,,Y,,,Y,Y,A,07,0,0,0,0,0,1,0,0,0,"- ","- ",38.015010833740234,-122.64949035644531,MARIN,UNINCORPORATED,-122.64939880371094,38.014942169189453