CASE_ID,ACCIDENT_YEAR,PROC_DATE,JURIS,COLLISION_DATE,COLLISION_TIME,OFFICER_ID,REPORTING_DISTRICT,DAY_OF_WEEK,CHP_SHIFT,POPULATION,CNTY_CITY_LOC,SPECIAL_COND,BEAT_TYPE,CHP_BEAT_TYPE,CITY_DIVISION_LAPD,CHP_BEAT_CLASS,BEAT_NUMBER,PRIMARY_RD,SECONDARY_RD,DISTANCE,DIRECTION,INTERSECTION,WEATHER_1,WEATHER_2,STATE_HWY_IND,CALTRANS_COUNTY,CALTRANS_DISTRICT,STATE_ROUTE,ROUTE_SUFFIX,POSTMILE_PREFIX,POSTMILE,LOCATION_TYPE,RAMP_INTERSECTION,SIDE_OF_HWY,TOW_AWAY,COLLISION_SEVERITY,NUMBER_KILLED,NUMBER_INJURED,PARTY_COUNT,PRIMARY_COLL_FACTOR,PCF_CODE_OF_VIOL,PCF_VIOL_CATEGORY,PCF_VIOLATION,PCF_VIOL_SUBSECTION,HIT_AND_RUN,TYPE_OF_COLLISION,MVIW,PED_ACTION,ROAD_SURFACE,ROAD_COND_1,ROAD_COND_2,LIGHTING,CONTROL_DEVICE,CHP_ROAD_TYPE,PEDESTRIAN_ACCIDENT,BICYCLE_ACCIDENT,MOTORCYCLE_ACCIDENT,TRUCK_ACCIDENT,NOT_PRIVATE_PROPERTY,ALCOHOL_INVOLVED,STWD_VEHTYPE_AT_FAULT,CHP_VEHTYPE_AT_FAULT,COUNT_SEVERE_INJ,COUNT_VISIBLE_INJ,COUNT_COMPLAINT_PAIN,COUNT_PED_KILLED,COUNT_PED_INJURED,COUNT_BICYCLIST_KILLED,COUNT_BICYCLIST_INJURED,COUNT_MC_KILLED,COUNT_MC_INJURED,PRIMARY_RAMP,SECONDARY_RAMP,LATITUDE,LONGITUDE,COUNTY,CITY,POINT_X,POINT_Y
90940272,2018,2019-06-21,9350,2018-11-24,0759,021901,,6,1,2,2110,0,1,2,,1,030,"US-101 S/B","SPENCER AVENUE",1035.00,N,N,A,-,Y,,,101,,,,,,S,Y,1,1,1,2,A,-,03,22350,,N,C,E,A,B,H,-,A,D,0,,,,,Y,,A,01,0,1,0,0,0,0,0,0,0,"- ","- ",37.855438232421875,-122.49424743652344,MARIN,SAUSALITO,-122.49411773681641,37.855560302734375
90952235,2019,2019-03-25,9350,2019-03-17,1215,015964,,7,1,9,2100,0,1,3,,1,052,"SR-1 (SHORELINE HIGHWAY)","MARSHALL-PETALUMA ROAD",5280.00,S,N,A,-,Y,,,1,,,,,,,Y,2,0,1,2,A,-,03,22350,,N,C,C,A,A,H,-,A,D,0,,,Y,,Y,,C,02,1,0,0,0,0,0,0,0,1,"- ","- ",38.151290893554688,-122.88762664794922,MARIN,UNINCORPORATED,-122.88767242431641,38.151260375976562
90952256,2019,2019-03-25,9350,2019-03-20,2145,021668,,3,2,5,2109,0,1,2,,1,060,"US-101 N/B","N. SAN PEDRO RD UNDER CROSSING",920.00,N,N,B,-,Y,,,101,,,,,,N,N,2,0,1,2,A,-,11,21954,A,N,G,B,E,A,H,-,C,D,0,Y,,,,Y,,N,60,1,0,0,0,1,0,0,0,0,"- ","- ",37.9964599609375,-122.53360748291016,MARIN,"SAN RAFAEL",-122.53367614746094,37.996414184570312
90960816,2019,2019-04-04,9350,2019-03-27,2110,021485,,3,2,9,2100,0,2,4,,2,024,"SIR FRANCIS DRAKE BLVD","LAUREL AVE",17.00,E,N,B,-,N,,,,,,,,,,N,2,0,1,2,A,-,10,21950,A,F,G,B,D,A,H,-,C,D,0,Y,,,,Y,,-,99,1,0,0,0,1,0,0,0,0,"- ","- ",37.95751953125,-122.55005645751953,MARIN,UNINCORPORATED,-122.55010986328125,37.957546234130859
90964799,2019,2019-04-10,9350,2019-03-30,1235,021564,,6,1,9,2100,0,1,3,,2,022,SR-1,"SEASCAPE DR",10.00,S,N,A,-,Y,,,1,,,,,,,Y,2,0,1,2,A,-,03,22350,,N,F,A,A,A,H,-,A,D,0,,,Y,,Y,,C,02,1,0,0,0,0,0,0,0,1,"- ","- ",37.863029479980469,-122.57753753662109,MARIN,UNINCORPORATED,-122.57752227783203,37.863052368164062
90987180,2019,2019-05-13,9350,2019-05-03,2330,021075,,5,3,9,2100,0,2,4,,1,044,"SIR FRANCIS DRAKE BLVD",SR-1,3168.00,E,N,B,-,N,,,,,,,,,,Y,2,0,1,1,A,-,08,22107,,N,E,I,A,A,H,-,D,D,0,,,,,Y,,A,01,1,0,0,0,0,0,0,0,0,"- ","- ",38.045341491699219,-122.77784729003906,MARIN,UNINCORPORATED,-122.80513763427734,38.064231872558594
90989464,2019,2019-07-01,9350,2019-04-16,2124,017201,,2,2,4,2106,0,1,3,,2,037,"SR-37 E/B","THE MARSH DRIVE U/C",80.00,E,N,A,-,Y,,,37,,,,,,E,Y,1,1,1,2,A,-,01,23152,A,N,A,C,A,A,H,-,C,D,0,,,,,Y,Y,A,01,0,0,1,0,0,0,0,0,0,"- ","- ",38.081569671630859,-122.54364776611328,MARIN,NOVATO,-122.54364013671875,38.081558227539062
90994129,2019,2019-05-22,9350,2019-05-16,1300,021087,,4,1,5,2109,0,1,2,,1,060,"US-101 S/B","NORTH SAN PEDRO RD",300.00,N,N,B,C,Y,,,101,,,,,,S,Y,2,0,1,2,A,-,03,22350,,N,C,C,A,B,H,-,A,D,0,,,,,Y,,A,07,1,0,0,0,0,0,0,0,0,"- ","- ",37.995128631591797,-122.53304290771484,MARIN,"SAN RAFAEL",-122.53307342529297,37.995105743408203
91001447,2019,2019-05-31,9350,2019-03-02,1644,022108,,6,2,5,2109,0,1,2,,1,060,"US-101 N/B","2ND ST U/C",148.00,S,N,B,C,Y,,,101,,,,,,N,Y,1,1,1,1,A,-,01,23152,A,N,E,I,A,B,H,-,A,D,0,,,,,Y,Y,A,01,0,1,0,0,0,0,0,0,0,"- ","- ",37.970001220703125,-122.52169036865234,MARIN,"SAN RAFAEL",-122.52162170410156,37.970027923583984
91002902,2019,2019-06-04,9350,2019-05-30,1313,021266,,4,1,9,2100,0,2,4,,1,014,"PANORAMIC HIGHWAY",SR-1,7920.00,E,N,A,-,N,,,,,,,,,,N,2,0,1,1,A,-,08,22107,,N,E,I,A,A,H,-,A,D,0,,Y,,,Y,,L,04,1,0,0,0,0,0,1,0,0,"- ","- ",37.893939971923828,-122.62413787841797,MARIN,UNINCORPORATED,-122.62366485595703,37.892932891845703
91020571,2019,2019-07-12,9350,2019-06-03,1730,021867,,1,2,9,2100,0,3,5,,2,004,"COLLEGE AVE","SIR FRANCIS DRAKE BLVD",1056.00,S,N,A,-,Y,,,,,,,,,,Y,2,0,2,2,A,-,08,22107,,N,A,C,A,A,H,-,A,D,0,,,,,Y,,D,22,1,1,0,0,0,0,0,0,0,"- ","- ",37.953281402587891,-122.54898834228516,MARIN,UNINCORPORATED,-122.54907989501953,37.953163146972656
91023166,2019,2019-07-02,9350,2019-06-20,0514,021586,,4,3,5,2109,0,1,2,,1,060,"US101 NB","MERRYDALE RD. OVERCROSSING",1056.00,S,N,A,-,Y,,,101,,,,,,N,Y,2,0,1,1,A,-,08,22107,,N,F,J,A,A,H,-,B,D,0,,,,,Y,,A,07,1,0,0,0,0,0,0,0,0,"- ","- ",38.000709533691406,-122.53663635253906,MARIN,"SAN RAFAEL",-122.53675842285156,38.000621795654297
91029580,2019,2019-07-12,9350,2019-07-07,1341,021485,,7,1,9,2100,0,1,1,,1,015,"I-580 W/B","MARIN/ CONTRA COSTA COUNTY LINE",2640.00,W,N,A,-,Y,,,580,,,,,,W,Y,2,0,3,3,A,-,03,22350,,N,C,C,A,A,H,-,A,D,0,,,,,Y,,A,01,1,0,2,0,0,0,0,0,0,"- ","- ",37.934871673583984,-122.44027709960938,MARIN,UNINCORPORATED,-122.44028472900391,37.934806823730469
91033518,2019,2019-07-18,9350,2019-06-22,1145,021075,,6,1,9,2100,0,2,4,,1,046,"POINT REYES PETALUMA RD","NOVATO BLVD",2376.00,W,N,A,-,N,,,,,,,,,,Y,2,0,2,3,A,-,03,22350,,N,C,C,A,A,H,-,A,D,0,,,,,Y,,E,22,1,1,0,0,0,0,0,0,0,"- ","- ",38.136531829833984,-122.70928955078125,MARIN,UNINCORPORATED,-122.70919036865234,38.136714935302734
91035300,2019,2019-07-22,9350,2019-07-21,1330,022034,,7,1,9,2100,0,1,3,,1,042,SR-1,"HORESHOE HILL ROAD",7128.00,N,N,A,-,Y,,,1,,,,,,,N,2,0,1,1,A,-,03,22350,,N,F,A,A,A,H,-,A,D,0,,,Y,,Y,,C,02,1,0,0,0,0,0,0,0,1,"- ","- ",37.957241058349609,-122.71559906005859,MARIN,UNINCORPORATED,-122.71561431884766,37.957202911376953
91043064,2019,2019-08-19,9350,2019-07-18,1300,016406,,4,1,2,2102,0,2,4,,1,016,"LUCAS VALLEY RD","LOMA ALTA FIRE ROAD",1056.00,E,N,B,-,N,,,,,,,,,,N,1,1,0,1,A,-,03,22350,,N,E,I,A,A,H,-,A,D,0,,Y,,,Y,,L,04,0,0,0,0,0,1,0,0,0,"- ","- ",38.045040130615234,-122.62017059326172,MARIN,"CORTE MADERA",-122.62017059326172,38.045040130615234
91043694,2019,2019-08-02,9350,2019-06-10,0217,021739,,1,3,2,2102,0,1,2,,2,050,"US-101 S/B","TAMALPAIS DR O/C",62.00,S,N,A,-,Y,,,101,,,,,,S,Y,1,1,0,1,A,-,08,22107,,N,E,I,A,A,H,-,C,D,0,,,,,Y,,A,01,0,0,0,0,0,0,0,0,0,"- ","- ",37.924991607666016,-122.5142822265625,MARIN,"CORTE MADERA",-122.51425170898438,37.925003051757812
91043963,2019,2019-08-02,9350,2019-07-28,0905,019265,,7,1,9,2100,0,2,4,,1,016,"LUCAS VALLEY RD","WESTGATE DR",8448.00,W,N,A,-,N,,,,,,,,,,Y,2,0,1,1,A,-,08,22107,,N,F,A,A,A,H,-,A,D,0,,,,Y,Y,,G,27,1,0,0,0,0,0,0,0,0,"- ","- ",38.044788360595703,-122.61924743652344,MARIN,UNINCORPORATED,-122.62064361572266,38.045753479003906
91046919,2019,2019-08-07,9350,2019-07-30,1106,016034,,2,1,5,2109,0,1,1,,1,015,"I-580 W/B","SIR FRANCIS DRAKE BLVD.",1584.00,W,N,A,-,Y,,,580,,,,,,W,Y,2,0,1,1,A,-,01,23152,,F,E,I,A,A,H,-,A,D,0,,,,,Y,,A,01,1,0,0,0,0,0,0,0,0,"- ","- ",37.950401306152344,-122.49527740478516,MARIN,"SAN RAFAEL",-122.49521636962891,37.950462341308594
91053154,2019,2019-08-16,9350,2019-08-12,0110,021564,,1,3,9,2100,0,2,4,,1,044,"SIR FRANCIS DRAKE BLVD","PARK RD",1320.00,W,N,A,-,N,,,,,,,,,,Y,2,0,1,1,C,-,18,,,N,E,H,A,A,H,-,D,D,0,,,Y,,Y,,-,"- ",1,0,0,0,0,0,0,0,1,"- ","- ",38.005619049072266,-122.70570373535156,MARIN,UNINCORPORATED,-122.70673370361328,38.005012512207031
91054839,2019,2019-08-19,9350,2019-08-13,1602,016406,,2,2,4,2106,0,1,2,,2,070,"US-101 S/B","IGNACIO BLVD",1056.00,S,N,A,-,Y,,,101,,,,,,S,Y,2,0,1,2,A,-,07,21658,A,N,B,C,A,A,H,-,A,D,0,,,,,Y,,A,07,1,0,0,0,0,0,0,0,0,"- ","- ",38.060039520263672,-122.53211975097656,MARIN,NOVATO,-122.53213500976562,38.060028076171875
91058447,2019,2019-08-23,9350,2019-08-18,1640,021739,,7,2,9,2100,0,3,5,,2,005,"HARBOR DR","GRANDVIEW AVE",500.00,W,N,A,-,N,,,,,,,,,,Y,2,0,3,2,A,-,01,23152,A,N,C,C,A,A,H,-,A,D,0,,,,,Y,Y,A,07,1,1,1,0,0,0,0,0,0,"- ","- ",38.1083984375,-122.50729370117188,MARIN,UNINCORPORATED,-122.50729370117188,38.108348846435547
91058466,2019,2019-08-23,9350,2019-08-20,1910,019150,,2,2,9,2100,0,1,1,,1,015,"I-580 E/B","RICHMOND-SAN RAFAEL BRIDGE WEST END",6864.00,E,N,A,-,Y,,,580,,,,,,E,N,2,0,1,2,A,-,03,22350,,N,C,C,A,A,H,-,A,D,0,,,Y,,Y,,C,02,1,0,0,0,0,0,0,0,1,"- ","- ",37.937110900878906,-122.45616912841797,MARIN,UNINCORPORATED,-122.4561767578125,37.937076568603516
91068404,2019,2019-09-05,9350,2019-09-01,1055,021099,,7,1,9,2100,0,1,3,,1,052,"SR-1 N/B","MARSHALL PETALUMA RD",0.00,,Y,A,-,Y,,,1,,,,,,N,Y,2,0,1,2,A,-,09,21802,A,N,D,C,A,A,H,-,A,A,0,,,Y,,Y,,A,01,1,0,0,0,0,0,0,0,1,"- ","- ",38.163021087646484,-122.8927001953125,MARIN,UNINCORPORATED,-122.89275360107422,38.163116455078125
91068881,2019,2019-09-06,9350,2019-09-03,0845,015964,,2,1,9,2100,0,1,3,,1,052,"SR-1 (SHORELINE HIGHWAY)","MILLER PARK",785.00,N,N,B,-,Y,,,1,,,,,,,Y,2,0,1,1,A,-,03,22350,,N,F,A,A,D,H,-,A,D,0,,,Y,,Y,,C,02,1,0,0,0,0,0,0,0,1,"- ","- ",38.201568603515625,-122.92105102539062,MARIN,UNINCORPORATED,-122.92110443115234,38.201515197753906
91070178,2019,2019-10-29,9350,2019-07-21,0335,022107,,7,3,5,2109,0,1,2,,2,070,"US-101 N/B","LUCAS VALLEY ROAD U/C",1056.00,N,N,A,-,Y,,,101,,,,,,N,Y,1,1,1,1,A,-,01,23152,A,N,E,I,A,A,H,-,C,D,0,,,,,Y,Y,A,07,1,0,0,0,0,0,0,0,0,"- ","- ",38.024211883544922,-122.53826904296875,MARIN,"SAN RAFAEL",-122.53829956054688,38.024215698242188
91070765,2019,2019-09-09,9350,2019-09-04,0810,016034,,3,1,5,2109,0,1,2,,1,060,"US 101 S/B","MERRYDALE ROAD OVERCROSSING",2112.00,S,N,A,-,Y,,,,,,,,,,Y,2,0,1,3,A,-,07,21658,A,N,B,C,A,A,H,-,A,D,0,,,Y,,Y,,A,07,1,0,0,0,0,0,0,0,1,"- ","- ",37.999019622802734,-122.5360107421875,MARIN,"SAN RAFAEL",-122.53562164306641,37.998668670654297
91072227,2019,2019-10-17,9350,2019-09-05,1320,021391,,4,1,9,2100,0,1,3,,1,042,SR-1,"CALLE DEL ARROYO",2640.00,N,N,A,-,Y,,,1,,,,,,,Y,1,1,0,2,A,-,03,22350,,N,D,C,A,A,H,-,A,D,0,,,Y,,Y,,C,02,0,0,0,0,0,0,0,1,0,"- ","- ",37.906200408935547,-122.65048980712891,MARIN,UNINCORPORATED,-122.65049743652344,37.906192779541016
91083545,2019,2019-09-26,9350,2019-09-21,1600,021391,,6,2,9,2100,0,1,3,,1,052,"SR-1 N/B","PT. REYES-PETALUMA ROAD",39.00,N,N,A,-,Y,,,1,,,,,,N,Y,2,0,1,1,A,-,03,22350,,N,F,A,A,A,H,-,A,D,0,,,Y,,Y,,C,02,1,0,0,0,0,0,0,0,1,"- ","- ",38.073539733886719,-122.80139923095703,MARIN,UNINCORPORATED,-122.80145263671875,38.073516845703125
91088565,2019,2019-10-02,9350,2019-09-20,2330,022300,,5,3,9,2100,0,2,4,,2,017,"ATHERTON AVE",SR-37,2112.00,W,N,A,-,N,,,,,,,,,,Y,2,0,2,1,A,-,01,23152,A,N,F,A,A,A,H,-,D,D,0,,,,,Y,Y,A,08,1,1,0,0,0,0,0,0,0,"- ","- ",38.105121612548828,-122.51901245117188,MARIN,UNINCORPORATED,-122.51897430419922,38.10504150390625
91102532,2019,2019-10-22,9350,2019-07-23,1900,021266,,2,2,9,2100,0,3,5,,2,006,"BUTTERFIELD DR","FAWN DR",300.00,N,N,A,-,N,,,,,,,,,,N,2,0,1,1,A,-,08,22107,,N,C,J,A,A,H,-,B,D,0,,Y,,,Y,,L,04,1,0,0,0,0,0,1,0,0,"- ","- ",38.003101348876953,-122.57499694824219,MARIN,UNINCORPORATED,-122.57499694824219,38.003101348876953
91102549,2019,2019-10-22,9350,2019-10-16,2305,021520,,3,3,9,2100,0,1,3,,2,037,"SR-37 W/B","ATHERTON AVE",1056.00,E,N,A,-,Y,,,37,,,,,,W,Y,2,0,1,1,A,-,01,23152,A,N,E,I,A,A,H,-,D,D,0,,,,,Y,,A,01,1,0,0,0,0,0,0,0,0,"- ","- ",38.108238220214844,-122.50904083251953,MARIN,UNINCORPORATED,-122.50896453857422,38.108188629150391
91103730,2019,2019-10-23,9350,2019-09-18,0822,015964,,3,1,9,2100,0,1,2,,2,070,"US-101 NORTHBOUND","MILLER CREEK ROAD OVER CROSSING",1584.00,N,N,B,-,Y,,,,,,,,,,Y,1,1,2,2,A,-,03,22350,,N,E,I,A,B,H,-,A,D,0,,,,,Y,,A,07,1,1,0,0,0,0,0,0,0,"- ","- ",38.003719329833984,-122.53643035888672,MARIN,UNINCORPORATED,-122.536376953125,38.037830352783203
91114572,2019,2019-11-06,9350,2019-11-01,1629,021704,,5,2,4,2106,0,1,2,,1,080,"US-101 N/B","ATHERTON AVE O/C",1584.00,S,N,A,-,Y,,,101,,,,,,N,Y,2,0,1,3,A,-,03,22350,,N,C,C,A,A,H,-,A,D,0,,,Y,,Y,,C,02,1,0,0,0,0,0,0,0,1,"- ","- ",38.113300323486328,-122.56433868408203,MARIN,NOVATO,-122.56427764892578,38.113311767578125
91115382,2019,2019-11-07,9350,2019-10-27,0230,022388,,7,3,5,2109,0,1,2,,1,060,"US-101 N/B","I-580 OVERCROSSING",1056.00,N,N,A,-,Y,,,101,,,,,,N,Y,2,0,1,1,A,-,08,22107,,N,E,I,A,A,H,-,D,D,0,,,,,Y,,D,22,1,0,0,0,0,0,0,0,0,"- ","- ",37.964179992675781,-122.51302337646484,MARIN,"SAN RAFAEL",-122.51293182373047,37.964328765869141
91122349,2019,2019-11-18,9350,2019-11-07,1330,021699,,4,1,9,2100,0,3,5,,2,003,"ALEXANDER AVE","BUNKER RD",100.00,E,N,A,-,N,,,,,,,,,,N,2,0,1,1,A,-,03,22350,,N,F,A,A,A,H,-,A,D,0,,Y,,,Y,,L,04,1,0,0,0,0,0,1,0,0,"- ","- ",37.839859008789062,-122.48016357421875,MARIN,UNINCORPORATED,-122.48301696777344,37.837860107421875
91123869,2019,2019-11-19,9670,2019-11-17,1531,021719,,7,2,5,2109,0,1,1,,2,060,"US-101 N/B","SECOND ST. U/C",500.00,S,N,A,-,Y,,,101,,,,,,N,Y,2,0,1,1,A,-,08,22107,,N,E,I,A,A,H,-,A,D,0,,,Y,,Y,,C,02,1,0,0,0,0,0,0,0,1,"- ","- ",37.969150543212891,-122.52115631103516,MARIN,"SAN RAFAEL",-122.5211181640625,37.969184875488281
91143959,2019,2019-12-16,9350,2019-11-14,0925,022441,,4,1,9,2100,0,2,4,,2,017,"ATHERTON AVE","ARCHIBALD LN",85.00,E,N,A,B,N,,,,,,,,,,Y,2,0,1,1,A,-,08,22107,,N,E,J,A,A,H,-,A,D,0,,,,,Y,,A,01,1,0,0,0,0,0,0,0,0,"- ","- ",38.113479614257812,-122.53919219970703,MARIN,UNINCORPORATED,-122.54156494140625,38.114757537841797
91152543,2019,2020-04-02,9350,2019-09-14,2500,021075,,6,4,9,2100,0,2,4,,2,025,"NORTH SAN PEDRO ROAD","BISCAYNE DRIVE",7920.00,N,N,A,-,N,,,,,,,,,,Y,1,1,0,1,A,-,08,22107,,N,E,I,A,A,H,-,D,D,0,,,,,Y,,A,07,0,0,0,0,0,0,0,0,0,"- ","- ",38.005699157714844,-122.4739990234375,MARIN,UNINCORPORATED,-122.47398376464844,38.005714416503906
91158429,2019,2020-01-03,9350,2019-12-27,0250,021686,,5,3,2,2102,0,1,2,,2,050,"US-101 NORTHBOUND","TAMALPAIS DR",220.00,N,N,A,-,Y,,,101,,,,,,N,Y,2,0,2,2,A,-,01,23152,A,N,B,C,A,A,H,-,C,D,0,,,,,Y,Y,A,01,1,0,1,0,0,0,0,0,0,"- ","- ",37.926639556884766,-122.51477813720703,MARIN,"CORTE MADERA",-122.51477813720703,37.926639556884766
9116210,2020,2020-08-04,2106,2020-04-30,1007,415,,4,5,4,2106,0,0,0,,0,,"VINTAGE WY","ROWLAND BL N",637.00,W,N,A,-,N,,,,,,,,,,Y,2,0,2,2,A,-,09,21453,C,N,D,C,A,A,H,-,A,A,0,,,,,Y,,A,07,1,0,1,0,0,0,0,0,0,"- ","- ",38.093521118164062,-122.55476379394531,MARIN,NOVATO,-122.556396484375,38.092151641845703
91164836,2019,2020-01-14,9350,2019-12-20,1030,022300,,5,1,9,2100,0,3,5,,2,002,"WHARF RD","BRIGHTON AVE",270.00,E,N,B,-,N,,,,,,,,,,N,2,0,1,2,A,-,11,21954,A,N,G,B,D,A,H,-,A,D,0,Y,,,,Y,,N,60,1,0,0,0,1,0,0,0,0,"- ","- ",37.909690856933594,-122.68560028076172,MARIN,UNINCORPORATED,-122.68569946289062,37.909648895263672
91175543,2020,2020-04-15,9350,2020-01-02,1646,019000,,4,2,9,2100,0,2,4,,2,024,"SIR FRANCIS DRAKE BLVD","LA CUESTA DRIVE",0.00,,Y,B,-,N,,,,,,,,,,Y,1,1,1,2,A,-,12,21453,A,N,D,C,A,A,H,-,B,A,0,,,,,Y,,D,22,0,0,1,0,0,0,0,0,0,"- ","- ",37.947639465332031,-122.52519989013672,MARIN,UNINCORPORATED,-122.52529144287109,37.947639465332031
91178386,2020,2020-02-03,9350,2020-01-31,1510,021418,,5,2,5,2109,0,1,2,,1,060,"US-101 N/B","I-580 O/C",673.00,N,N,A,-,Y,,,101,,,,,,N,Y,2,0,1,2,A,-,07,21658,A,F,B,C,A,A,H,-,A,D,0,,,Y,,Y,,A,01,1,0,0,0,0,0,0,0,1,"- ","- ",37.963489532470703,-122.51174163818359,MARIN,"SAN RAFAEL",-122.51167297363281,37.963600158691406
91182948,2020,2020-02-10,9350,2020-02-03,1225,016736,,1,1,9,2100,0,3,5,,2,006,"CALLE DE LA SELVA (200 BLOCK)","VIA ESCONDIDA",250.00,E,N,A,-,N,,,,,,,,,,Y,2,0,1,2,C,-,18,,,N,A,E,A,A,H,-,A,D,0,,,,,Y,,-,"- ",1,0,0,0,0,0,0,0,0,"- ","- ",38.0631103515625,-122.54483795166016,MARIN,UNINCORPORATED,-122.54489135742188,38.063125610351562
91190761,2020,2020-02-21,9350,2020-02-13,1130,022412,,4,1,3,2105,0,3,5,,2,004,"ALMONTE BLVD","ROSEMONT AVE",0.00,,Y,B,-,Y,,,,,,,,,,N,2,0,1,2,A,-,09,21801,A,N,D,G,A,A,H,-,A,D,0,,Y,,,Y,,A,01,1,0,0,0,0,0,1,0,0,"- ","- ",37.884189605712891,-122.5247802734375,MARIN,"MILL VALLEY",-122.52465057373047,37.884151458740234
91200340,2020,2020-03-03,9350,2020-02-16,1118,022373,,7,1,9,2100,0,2,4,,1,044,"SIR FRANCIS DRAKE BLVD","BAYWOOD CANYON RD",200.00,E,N,A,-,N,,,,,,,,,,Y,2,0,1,1,A,-,01,23152,A,N,E,I,A,A,H,-,A,D,0,,,,,Y,Y,A,01,1,0,0,0,0,0,0,0,0,"- ","- ",38.002170562744141,-122.61163330078125,MARIN,UNINCORPORATED,-122.61144256591797,38.001991271972656
91203999,2020,2020-03-09,9350,2020-02-22,1526,022395,,6,2,9,2100,0,1,3,,1,042,"SR-1 N/B","FAIRFAX-BOLINAS ROAD.",0.00,,Y,A,-,Y,,,1,,,,,,N,Y,2,0,1,2,A,-,06,21750,,N,B,C,A,A,H,-,A,D,0,,,Y,,Y,,C,02,1,0,0,0,0,0,0,0,1,"- ","- ",37.934680938720703,-122.69745635986328,MARIN,UNINCORPORATED,-122.69746398925781,37.934665679931641
91205866,2020,2020-03-11,9350,2020-03-04,1358,021266,,3,1,9,2100,0,3,5,,2,006,"WOLFE GRADE","POPLAR DRIVE",10.00,S,N,A,-,N,,,,,,,,,,N,2,0,1,1,C,-,18,,,N,F,I,A,A,H,-,A,D,0,,Y,,,Y,,-,"- ",1,0,0,0,0,0,1,0,0,"- ","- ",37.959320068359375,-122.53398132324219,MARIN,UNINCORPORATED,-122.53387451171875,37.959373474121094
91209845,2020,2020-03-17,9350,2020-03-10,0710,013918,,2,1,9,2100,0,1,2,,2,040,"U.S.101 N/B","TIBURON BLVD O/C",2465.00,S,N,A,-,Y,,,,,,,,,,Y,2,0,1,2,A,-,03,22350,,N,C,C,A,A,H,-,B,D,0,,,,,Y,,A,01,1,0,0,0,0,0,0,0,0,"- ","- ",37.896068572998047,-122.51605224609375,MARIN,UNINCORPORATED,,
91222301,2020,2020-04-07,9350,2020-03-30,1600,022310,,1,2,9,2100,0,1,1,,1,015,"I-580 E/B","MAIN ST",5280.00,E,N,A,-,Y,,,580,,,,,,E,Y,2,0,1,2,A,-,06,21755,,N,C,E,A,A,H,-,A,D,0,,,,Y,Y,,A,01,1,0,0,0,0,0,0,0,0,"- ","- ",37.938510894775391,-122.46102905273438,MARIN,UNINCORPORATED,-122.46102905273438,37.938522338867188
91232945,2020,2020-05-04,9350,2020-04-24,1525,022310,,5,2,9,2100,0,3,5,,2,006,"NICASIO VALLEY RD","POINT REYES PETALUMA RD",350.00,S,N,A,-,N,,,,,,,,,,N,2,0,1,2,A,-,03,22350,,N,H,G,A,A,H,-,A,D,0,,Y,,,Y,,L,04,1,0,0,0,0,0,1,0,0,"- ","- ",38.096309661865234,-122.73310852050781,MARIN,UNINCORPORATED,-122.73307037353516,38.096366882324219
91251036,2020,2020-06-11,9350,2020-05-28,0708,021740,,4,1,9,2100,0,2,4,,1,014,"PANORAMIC HWY",SR-1,500.00,N,N,E,-,N,,,,,,,,,,Y,2,0,1,1,A,-,03,22350,,N,F,I,A,B,H,-,A,D,0,,,Y,,Y,,C,02,1,0,0,0,0,0,0,0,1,"- ","- ",37.88330078125,-122.55464935302734,MARIN,UNINCORPORATED,-122.63526916503906,37.896999359130859
91254223,2020,2020-06-19,9350,2020-05-24,1150,021075,,7,1,9,2100,0,3,5,,2,006,"INDIAN VALLEY ROAD","PACHECO AVE",1584.00,W,N,A,-,N,,,,,,,,,,Y,2,0,1,2,A,-,03,22350,,N,C,C,A,A,H,-,A,D,0,,Y,,,Y,,L,04,1,0,0,0,0,0,1,0,0,"- ","- ",38.087131500244141,-122.58538818359375,MARIN,UNINCORPORATED,-122.58535003662109,38.087070465087891
91256817,2020,2020-06-24,9350,2020-05-30,1140,016836,,6,1,9,2100,0,2,4,,2,025,"NORTH SAN PEDRO ROAD","PEACOCK GAP TRAIL",35.00,E,N,A,-,N,,,,,,,,,,N,2,0,1,1,A,-,03,22350,,N,F,A,A,A,H,-,A,D,0,,Y,,,Y,,L,04,1,0,0,0,0,0,1,0,0,"- ","- ",38.003269195556641,-122.46714782714844,MARIN,UNINCORPORATED,,
91260470,2020,2020-06-30,9350,2020-05-24,0756,022373,,7,1,9,2100,0,1,3,,2,022,SR-1,"SLIDE RANCH RD",2640.00,N,N,A,-,Y,,,1,,,,,,,N,2,0,1,1,A,-,03,22350,,N,F,A,A,A,H,-,A,D,0,,,Y,,Y,,C,02,1,0,0,0,0,0,0,0,1,"- ","- ",37.878810882568359,-122.60175323486328,MARIN,UNINCORPORATED,-122.60176086425781,37.878822326660156