CASE_ID,ACCIDENT_YEAR,PROC_DATE,JURIS,COLLISION_DATE,COLLISION_TIME,OFFICER_ID,REPORTING_DISTRICT,DAY_OF_WEEK,CHP_SHIFT,POPULATION,CNTY_CITY_LOC,SPECIAL_COND,BEAT_TYPE,CHP_BEAT_TYPE,CITY_DIVISION_LAPD,CHP_BEAT_CLASS,BEAT_NUMBER,PRIMARY_RD,SECONDARY_RD,DISTANCE,DIRECTION,INTERSECTION,WEATHER_1,WEATHER_2,STATE_HWY_IND,CALTRANS_COUNTY,CALTRANS_DISTRICT,STATE_ROUTE,ROUTE_SUFFIX,POSTMILE_PREFIX,POSTMILE,LOCATION_TYPE,RAMP_INTERSECTION,SIDE_OF_HWY,TOW_AWAY,COLLISION_SEVERITY,NUMBER_KILLED,NUMBER_INJURED,PARTY_COUNT,PRIMARY_COLL_FACTOR,PCF_CODE_OF_VIOL,PCF_VIOL_CATEGORY,PCF_VIOLATION,PCF_VIOL_SUBSECTION,HIT_AND_RUN,TYPE_OF_COLLISION,MVIW,PED_ACTION,ROAD_SURFACE,ROAD_COND_1,ROAD_COND_2,LIGHTING,CONTROL_DEVICE,CHP_ROAD_TYPE,PEDESTRIAN_ACCIDENT,BICYCLE_ACCIDENT,MOTORCYCLE_ACCIDENT,TRUCK_ACCIDENT,NOT_PRIVATE_PROPERTY,ALCOHOL_INVOLVED,STWD_VEHTYPE_AT_FAULT,CHP_VEHTYPE_AT_FAULT,COUNT_SEVERE_INJ,COUNT_VISIBLE_INJ,COUNT_COMPLAINT_PAIN,COUNT_PED_KILLED,COUNT_PED_INJURED,COUNT_BICYCLIST_KILLED,COUNT_BICYCLIST_INJURED,COUNT_MC_KILLED,COUNT_MC_INJURED,PRIMARY_RAMP,SECONDARY_RAMP,LATITUDE,LONGITUDE,COUNTY,CITY,POINT_X,POINT_Y
91264502,2020,2020-07-07,9350,2020-07-01,2150,021615,,3,2,9,2100,0,2,4,,1,044,"SIR FRANCIS DRAKE BLVD","OLD RAILROAD GRADE FIRE ROAD",1836.00,E,N,A,-,N,,,,,,,,,,Y,2,0,2,1,A,-,01,23152,A,N,E,I,A,A,H,-,C,D,0,,,,,Y,Y,A,07,1,0,1,0,0,0,0,0,0,"- ","- ",38.006351470947266,-122.61524200439453,MARIN,UNINCORPORATED,,
91275707,2020,2020-07-28,9350,2020-07-23,1102,020189,,4,1,4,2106,0,1,3,,2,037,"SR-37 E/B","ATHERTON AVENUE U/C",3168.00,W,N,A,-,Y,,,37,,,,,,E,Y,2,0,1,1,A,-,03,22350,,N,F,A,A,A,H,-,A,D,0,,,Y,,Y,,C,02,1,0,0,0,0,0,0,0,1,"- ","- ",38.099018096923828,-122.51940155029297,MARIN,NOVATO,-122.51940155029297,38.099021911621094
91279933,2020,2020-08-03,9350,2020-07-28,0915,015765,,2,1,9,2100,0,1,2,,1,080,"US-101 N/B","SAN ANTONIO RD",2205.00,N,N,A,-,Y,,,101,,,,,,N,Y,2,0,3,3,A,-,03,22350,,N,C,C,A,A,C,D,A,D,0,,,,Y,Y,,F,26,1,1,1,0,0,0,0,0,0,"- ","- ",38.165569305419922,-122.57820129394531,MARIN,UNINCORPORATED,-122.57820892333984,38.165561676025391
91280580,2020,2020-08-04,9670,2020-08-02,1247,021719,,7,1,5,2109,0,1,1,,2,050,"US-101 S/B","ANDERSEN DR. U/C",422.00,S,N,A,-,Y,,,101,,,,,,S,Y,2,0,1,1,A,-,03,22350,,N,F,A,A,A,H,-,A,D,0,,,Y,,Y,,C,02,1,0,0,0,0,0,0,0,1,"- ","- ",37.957469940185547,-122.50910186767578,MARIN,"SAN RAFAEL",-122.50914764404297,37.957462310791016
91287857,2020,2020-08-18,9350,2020-07-30,1932,022310,,4,2,9,2100,0,2,4,,1,046,"POINT REYES PETALUMA RD","LAUREL CANYON RD",3320.00,E,N,A,-,N,,,,,,,,,,Y,2,0,1,1,A,-,08,22107,,N,E,I,A,A,H,-,A,D,0,,,Y,,Y,,C,02,1,0,0,0,0,0,0,0,1,"- ","- ",38.085769653320312,-122.75273132324219,MARIN,UNINCORPORATED,-122.75453948974609,38.078563690185547
91290773,2020,2020-08-24,9350,2020-08-15,1210,022388,,6,1,9,2100,0,3,5,,2,004,"RIDGECREST BLVD","PAN TOLL RD",3700.00,W,N,A,-,N,,,,,,,,,,Y,2,0,1,1,A,-,03,22350,,N,F,A,A,A,H,-,A,D,0,,,Y,,Y,,C,02,1,0,0,0,0,0,0,0,1,"- ","- ",37.911548614501953,-122.62564849853516,MARIN,UNINCORPORATED,-122.61260986328125,37.910488128662109
91291002,2020,2020-08-24,9350,2020-08-22,1901,022310,,6,2,4,2106,0,1,2,,2,070,"US-101 S/B","ENFRENTE RD",568.00,N,N,A,F,Y,,,101,,,,,,S,Y,2,0,3,2,A,-,07,21658,A,F,C,C,A,A,H,-,A,D,0,,,,,Y,,D,22,1,1,1,0,0,0,0,0,0,"- ","- ",38.070228576660156,-122.53932952880859,MARIN,NOVATO,-122.53928375244141,38.07025146484375
9129342,2020,2020-09-15,2109,2020-06-17,1340,566,39,3,5,5,2109,0,0,0,,0,003,"ANDERSEN DR","WEST FRANCISCO BL",596.00,S,N,A,-,N,,,,,,,,,,Y,2,0,1,1,A,-,03,22350,,N,E,I,A,A,H,-,A,D,0,,,Y,,Y,,C,02,1,0,0,0,0,0,0,0,1,"- ","- ",37.960048675537109,-122.51062774658203,MARIN,"SAN RAFAEL",-122.51020050048828,37.959194183349609
91293755,2020,2020-08-27,9350,2020-08-23,0830,022066,,7,1,9,2100,0,1,3,,1,042,"SR-1 N/B","CALLE DEL ARROYO",10032.00,N,N,A,-,Y,,,1,,,,,,N,Y,2,0,1,2,A,-,03,22350,,N,B,C,A,A,H,-,A,D,0,,,Y,,Y,,C,02,1,0,0,0,0,0,0,0,1,"- ","- ",37.918548583984375,-122.67005157470703,MARIN,UNINCORPORATED,-122.67006683349609,37.918533325195312
91300848,2020,2020-09-08,9350,2020-08-29,1340,021418,,6,1,2,2102,0,1,2,,2,050,"US-101 S/B TO MADERA BOULEVARD","TAMALPAIS DRIVE O/C",1584.00,N,N,A,-,Y,,,101,,,,R,,S,Y,2,0,2,1,A,-,03,22350,,N,F,A,A,A,H,-,A,D,0,,,Y,,Y,,C,02,1,1,0,0,0,0,0,0,2,"- ","- ",37.930080413818359,-122.51612091064453,MARIN,"CORTE MADERA",-122.51612091064453,37.930080413818359
9131379,2020,2020-09-14,2108,2020-06-23,0650,026,3,2,5,3,2108,0,0,0,,0,003,"SIR FRANCIS DRAKE BL","SPAULDING ST",6.00,E,N,A,-,N,,,,,,,,,,Y,2,0,1,1,A,-,01,23152,G,N,F,A,A,A,H,-,A,D,0,,,,,Y,Y,A,07,1,0,0,0,0,0,0,0,0,"- ","- ",,,MARIN,"SAN ANSELMO",-122.56219482421875,37.976970672607422
91315179,2020,2020-09-30,9350,2020-09-18,1704,021266,,5,2,9,2100,0,1,3,,1,042,SR-1,"OLEMA BOLINAS RD.",2112.00,S,N,A,-,Y,,,1,,,,,,,Y,2,0,2,1,A,-,08,22107,,N,F,I,A,A,H,-,A,D,0,,,Y,,Y,,C,02,1,1,0,0,0,0,0,0,2,"- ","- ",37.932529449462891,-122.69096374511719,MARIN,UNINCORPORATED,-122.69094085693359,37.932601928710938
91327872,2020,2020-10-21,9350,2020-10-13,1630,019000,,2,2,9,2100,0,1,3,,1,042,SR-1,"HORSESHOE HILL RD",528.00,S,N,A,-,Y,,,1,,,,,,,N,2,0,1,1,C,-,18,,,N,E,I,A,A,H,-,A,D,0,,,Y,,Y,,-,"- ",1,0,0,0,0,0,0,0,1,"- ","- ",37.938381195068359,-122.70346069335938,MARIN,UNINCORPORATED,-122.70345306396484,37.938404083251953
91327910,2020,2020-10-21,9350,2020-10-13,0855,021699,,2,1,4,2106,0,1,2,,1,080,"US-101 N/B","ATHERTON AVE",5808.00,N,N,A,-,Y,,,101,,,,,,N,Y,2,0,2,1,A,-,01,23152,F,N,E,I,A,A,H,-,A,D,0,,,,,Y,,A,01,1,0,1,0,0,0,0,0,0,"- ","- ",38.131698608398438,-122.56362152099609,MARIN,NOVATO,-122.56363677978516,38.131702423095703
91331499,2020,2020-10-26,9350,2020-10-17,1435,022388,,6,2,9,2100,0,1,3,,1,052,"SR-1 S/B","GARDEN HWY.",1695.00,N,N,A,-,Y,,,1,,,,,,S,N,2,0,1,2,A,-,08,22107,,N,B,G,A,A,H,-,A,D,0,,Y,Y,,Y,,C,02,1,0,0,0,0,0,1,0,0,"- ","- ",38.1114501953125,-122.84824371337891,MARIN,UNINCORPORATED,-122.84822082519531,38.111469268798828
91333811,2020,2020-10-29,9350,2020-10-24,0745,021586,,6,1,9,2100,0,3,5,,2,003,"PARADISE DR","TRESTLE GLEN BLVD",1584.00,N,N,B,-,N,,,,,,,,,,N,2,0,1,1,A,-,08,22107,,N,F,A,A,A,H,-,A,D,0,,,,,Y,,M,91,1,0,0,0,0,0,0,0,0,"- ","- ",37.906101226806641,-122.48020935058594,MARIN,UNINCORPORATED,-122.47985076904297,37.906364440917969
91346620,2020,2020-12-08,9350,2020-09-22,1800,022441,,2,2,9,2100,0,1,3,,1,052,"SR-1 N/B","GRANDI CANYON RD",2640.00,N,N,A,-,Y,,,1,,,,,,N,Y,1,1,0,1,A,-,08,22107,,N,F,A,A,A,H,-,A,D,0,,,Y,,Y,,C,02,0,0,0,0,0,0,0,1,0,"- ","- ",38.095718383789062,-122.82975006103516,MARIN,UNINCORPORATED,-122.82971954345703,38.095718383789062
91361776,2020,2020-12-09,9350,2020-12-02,0245,021739,,3,3,9,2100,0,1,2,,2,040,"US-101N/B TO BRIDGEWAY","NORTH BRIDGE BLVD",300.00,N,N,A,-,Y,,,101,,,,R,,,Y,2,0,4,1,A,-,03,22350,,N,E,I,A,A,H,-,C,D,0,,,,,Y,,A,01,2,1,1,0,0,0,0,0,0,"- ","- ",37.872970581054688,-122.50663757324219,MARIN,UNINCORPORATED,-122.50663757324219,37.872970581054688
91363800,2020,2020-12-10,9350,2020-12-07,0916,022532,,1,1,9,2100,0,3,5,,2,005,"BEL MARIN KEYS BLVD.","HAMILTON DR.",825.00,E,N,A,-,N,,,,,,,,,,Y,2,0,1,3,A,-,08,22107,,N,B,E,A,A,H,-,A,D,0,,,,,Y,,A,01,1,0,0,0,0,0,0,0,0,"- ","- ",38.076759338378906,-122.53553771972656,MARIN,UNINCORPORATED,-122.53566741943359,38.076755523681641
91376222,2020,2020-12-28,9350,2020-12-19,0700,022445,,6,1,9,2100,0,1,2,,1,120,"US-101 N/B (GGB EAST SIDEWALK)","NORTH TOWER",415.00,N,N,A,-,N,,,101,,,,,,N,N,2,0,1,2,B,-,22,,,N,G,B,F,A,H,-,B,D,0,Y,Y,,,Y,,L,04,1,0,0,0,0,0,1,0,0,"- ","- ",37.824588775634766,-122.47902679443359,MARIN,UNINCORPORATED,-122.47930145263672,37.824550628662109
91382479,2020,2021-01-06,9350,2020-12-26,1340,022373,,6,1,9,2100,0,1,3,,1,052,"SR-1 N/B","CYPRESS ROAD",4752.00,N,N,A,-,Y,,,1,,,,,,N,N,2,0,1,1,A,-,08,22107,,N,F,A,A,A,H,-,A,D,0,,Y,,,Y,,L,04,1,0,0,0,0,0,1,0,0,"- ","- ",38.092288970947266,-122.81764221191406,MARIN,UNINCORPORATED,-122.81761932373047,38.092243194580078
91384388,2020,2021-01-08,9350,2020-12-23,2259,022578,,3,3,2,2110,0,1,2,,1,030,"US-101 N/B","NORTH BRIDGE BLVD",537.00,S,N,A,-,Y,,,,,,,,,,Y,2,0,1,2,A,-,01,23152,A,N,B,C,A,A,H,-,C,D,0,,,,,Y,Y,A,01,1,0,0,0,0,0,0,0,0,"- ","- ",37.870079040527344,-121.50701904296875,MARIN,SAUSALITO,-122.50714111328125,37.871559143066406
91391426,2021,2021-01-20,9350,2021-01-18,1230,015964,,1,1,9,2100,0,1,3,,1,052,"SR-1 (SHORELINE HWY.)","MARSHALL-PETALUMA RD.",4752.00,S,N,A,-,Y,,,1,,,,,,,N,2,0,1,1,A,-,03,22350,,N,F,A,A,A,H,-,A,D,0,,,Y,,Y,,C,02,1,0,0,0,0,0,0,0,1,"- ","- ",38.151348114013672,-122.88770294189453,MARIN,UNINCORPORATED,-122.88772583007812,38.151332855224609
9139510,2020,2020-10-23,2110,2020-08-07,1106,SP5253,10000,5,5,2,2110,0,0,0,,0,SP2,BRIDGEWAY,"SPRING ST",0.00,,Y,A,-,N,,,,,,,,,,N,2,0,1,2,A,-,08,22107,,N,-,G,A,A,-,-,A,A,0,,Y,,,Y,,L,04,1,0,0,0,0,0,1,0,0,"- ","- ",,,MARIN,SAUSALITO,-122.49474334716797,37.862068176269531
91395759,2021,2021-01-28,9350,2021-01-27,0230,021615,,3,3,5,2109,0,1,2,,2,070,"US-101 S/B","MANUEL T FREITAS PKY O/C",1276.00,N,N,B,C,Y,,,101,,,,,,S,Y,2,0,1,1,A,-,01,23152,A,N,E,I,A,B,H,-,C,D,0,,,,,Y,Y,A,01,1,0,0,0,0,0,0,0,0,"- ","- ",38.010719299316406,-122.54203033447266,MARIN,"SAN RAFAEL",-122.54215240478516,38.010719299316406
9140354,2020,2020-09-21,2106,2020-03-31,1644,449,,2,5,4,2106,0,0,0,,0,,"NAVE DR","ALAMEDA DEL PRADO",28.00,E,N,A,-,N,,,,,,,,,,,2,0,1,1,A,-,03,22350,,N,H,A,A,A,H,-,A,D,0,,Y,,,Y,Y,L,04,1,0,0,0,0,0,1,0,0,"- ","- ",38.048210144042969,-122.53330993652344,MARIN,NOVATO,-122.53353118896484,38.048305511474609
91426424,2021,2021-03-12,9350,2021-03-04,0950,022556,,4,1,9,2100,0,3,5,,2,002,"ALEXANDER AVE","CONZELMAN RD",0.00,,Y,A,-,N,,,,,,,,,,N,2,0,1,2,A,-,12,22450,A,N,D,G,A,A,H,-,A,D,0,,Y,,,Y,,L,04,1,0,0,0,0,0,1,0,0,"- ","- ",37.833770751953125,-122.48365783691406,MARIN,UNINCORPORATED,-122.48360443115234,37.833759307861328
91428963,2021,2021-03-17,9350,2021-03-14,2153,022432,,7,2,9,2100,0,1,2,,2,020,"ALEXANDER AVE. TO US-101 S/B","ALEXANDER AVE",1584.00,S,N,A,-,Y,,,,,,,,,,Y,2,0,4,1,A,-,01,23152,A,F,E,I,A,B,H,-,C,D,0,,,,,Y,Y,A,01,1,2,1,0,0,0,0,0,0,"- ","- ",37.833339691162109,-122.48249053955078,MARIN,UNINCORPORATED,,
91434986,2021,2021-03-25,9350,2021-03-19,0245,021739,,5,3,5,2109,0,1,2,,1,060,"US-101 NB","2ND ST U/C",50.00,N,N,B,-,Y,,,101,,,,,,N,Y,2,0,2,1,A,-,01,23152,A,N,E,I,A,B,H,-,D,D,0,,,,,Y,Y,A,01,1,1,0,0,0,0,0,0,0,"- ","- ",37.970748901367188,-122.52175140380859,MARIN,"SAN RAFAEL",-122.52175140380859,37.970748901367188
91459696,2021,2021-04-27,9350,2021-04-24,1125,022445,,6,1,9,2100,0,2,4,,1,014,"PANORAMIC HWY",SR-1,8184.00,E,N,A,-,N,,,,,,,,,,N,2,0,1,1,A,-,03,22350,,N,E,I,A,A,H,-,A,D,0,,Y,,,Y,,L,04,1,0,0,0,0,0,1,0,0,"- ","- ",37.893951416015625,-122.62413787841797,MARIN,UNINCORPORATED,-122.62394714355469,37.893695831298828
91460121,2021,2021-04-28,9350,2021-04-15,1515,022415,,4,2,9,2100,0,3,5,,2,004,"FAIRFAX BOLINAS RD",SR-1,5280.00,E,N,A,-,Y,,,,,,,,,,N,2,0,1,1,A,-,08,22107,,N,F,A,A,A,H,-,A,D,0,,Y,,,Y,,L,04,1,0,0,0,0,0,1,0,0,"- ","- ",37.936908721923828,-122.68798828125,MARIN,UNINCORPORATED,-122.68772125244141,37.936985015869141
91471912,2021,2021-05-12,9350,2021-05-05,1615,019000,,3,2,9,2100,0,3,5,,2,006,"BUTTERFIELD ROAD","IRVING DR.",100.00,N,N,A,-,N,,,,,,,,,,Y,2,0,1,2,A,-,03,22350,,N,C,C,A,A,H,-,A,D,0,,,,,Y,,A,07,1,0,0,0,0,0,0,0,0,"- ","- ",38.010749816894531,-122.58476257324219,MARIN,UNINCORPORATED,-122.58480072021484,38.010822296142578
91472728,2021,2021-05-13,9350,2021-05-05,1720,021418,,3,2,5,2109,0,1,2,,1,060,"US-101 S/B","NORTH SAN PEDRO RD U/C",611.00,N,N,A,-,Y,,,101,,,,,,S,Y,2,0,1,2,A,-,07,21658,A,F,B,C,A,A,H,-,A,D,0,,,,,Y,,-,99,1,0,0,0,0,0,0,0,0,"- ","- ",37.995700836181641,-122.53350067138672,MARIN,"SAN RAFAEL",-122.53350067138672,37.995700836181641
91495126,2021,2021-06-11,9350,2021-05-28,1430,020979,,5,2,9,2100,0,1,2,,2,070,"US-101 S/B","NAVE DRIVE O/C",1443.00,S,N,A,-,Y,,,101,,,,,,S,Y,2,0,1,1,A,-,01,23152,G,N,E,I,A,A,H,-,A,D,0,,,,,Y,Y,A,01,1,0,0,0,0,0,0,0,0,"- ","- ",38.044509887695312,-122.53495788574219,MARIN,UNINCORPORATED,-122.53488922119141,38.044460296630859
91495169,2021,2021-06-11,9350,2021-06-06,1345,022433,,7,1,9,2100,0,1,3,,2,022,SR-1,"PACIFIC WAY",3854.00,S,N,A,-,Y,,,1,,,,,,,N,2,0,1,1,A,-,03,22350,,N,F,A,A,A,B,-,A,D,0,,,Y,,Y,,C,02,1,0,0,0,0,0,0,0,1,"- ","- ",37.867538452148438,-122.56488037109375,MARIN,UNINCORPORATED,-122.56487274169922,37.867534637451172
91497060,2021,2021-06-15,9350,2021-06-04,1547,022310,,5,2,9,2100,0,3,5,,2,003,"PARADISE DR","MATEO DR",190.00,N,N,A,-,N,,,,,,,,,,N,2,0,1,1,A,-,01,23152,A,N,E,J,A,A,H,-,A,D,0,,,,,Y,Y,A,01,1,0,0,0,0,0,0,0,0,"- ","- ",37.908828735351562,-122.47891998291016,MARIN,UNINCORPORATED,-122.47885131835938,37.908351898193359
91516592,2021,2021-07-09,9350,2021-06-27,1759,021696,,7,2,9,2100,0,1,2,,1,080,"US-101 S/B","SAN ANTONIO RD",2640.00,N,N,A,-,Y,,,101,,,,,,S,Y,2,0,1,2,A,-,08,22107,,N,C,C,A,A,H,-,A,D,0,,,Y,,Y,,C,02,1,0,0,0,0,0,0,0,1,"- ","- ",38.168071746826172,-122.58222961425781,MARIN,UNINCORPORATED,-122.58223724365234,38.168056488037109
91518849,2021,2021-07-13,9350,2021-07-05,1325,022445,,1,1,9,2100,0,1,2,,2,020,"US-101 S/B","ALEXANDER AVENUE",1700.00,N,N,A,-,Y,,,101,,,,,,S,N,2,0,3,2,A,-,03,22350,,N,C,C,A,A,H,-,A,D,0,,,,,Y,,A,07,1,0,2,0,0,0,0,0,0,"- ","- ",37.844009399414062,-122.48615264892578,MARIN,UNINCORPORATED,-122.48609924316406,37.844017028808594
9152170,2020,2020-09-25,2107,2020-05-10,0347,R017,,7,5,1,2107,0,0,0,,0,,"GLENWOOD AV","FERNHILL AV",390.00,E,N,A,-,N,,,,,,,,,,Y,2,0,2,1,A,-,01,23153,A,N,E,I,A,A,H,-,C,D,0,,,,,Y,Y,A,07,2,0,0,0,0,0,0,0,0,"- ","- ",37.964958190917969,-122.65949249267578,MARIN,ROSS,-122.56751251220703,37.966850280761719
91522180,2021,2021-07-16,9350,2021-06-27,1845,022373,,7,2,9,2100,0,2,4,,1,046,"POINT REYES PETALUMA ROAD","HICKS VALLEY ROAD",7920.00,E,N,A,-,N,,,,,,,,,,Y,2,0,1,1,A,-,03,22350,,N,F,A,A,A,H,-,A,D,0,,,Y,,Y,,C,02,1,0,0,0,0,0,0,0,1,"- ","- ",38.163059234619141,-122.68051910400391,MARIN,UNINCORPORATED,-122.682373046875,38.162673950195312
91527937,2021,2021-07-23,9350,2021-06-26,1630,020979,,6,2,9,2100,0,2,4,,1,016,"LUCAS VALLEY ROAD","SEQUEIRA ROAD",311.50,E,N,A,-,N,,,,,,,,,,Y,1,1,0,1,C,-,18,,,N,H,H,A,A,H,-,A,D,0,,,Y,,Y,,-,"- ",0,0,0,0,0,0,0,1,0,"- ","- ",38.025989532470703,-122.55708312988281,MARIN,UNINCORPORATED,-122.55699920654297,38.026031494140625
91529174,2021,2021-07-26,9350,2021-07-14,1745,021418,,3,2,5,2109,0,1,2,,2,050,"US-101 N/B","I-580 OC",1410.00,S,N,A,-,Y,,,101,,,,,,N,N,2,0,6,3,A,-,03,22350,,N,C,C,A,A,H,-,A,D,0,,,,,Y,Y,A,01,2,0,4,0,0,0,0,0,0,"- ","- ",37.958248138427734,-122.50890350341797,MARIN,"SAN RAFAEL",-122.50901794433594,37.958229064941406
91529177,2021,2021-07-26,9350,2021-07-14,2335,022107,,3,3,9,2100,0,2,4,,1,044,"SIR FRANCIS DRAKE BLVD W/B","DONIG DR",223.00,W,N,A,-,N,,,,,,,,,,Y,2,0,1,1,A,-,03,22350,,N,E,I,A,A,H,-,C,D,0,,,Y,,Y,,C,02,1,0,0,0,0,0,0,0,1,"- ","- ",38.015201568603516,-122.68846130371094,MARIN,UNINCORPORATED,-122.688427,38.015276999999998
91535924,2021,2021-08-03,9350,2021-08-02,2156,022411,,1,2,9,2100,0,1,1,,1,015,"I-580 W/B","MAIN ST U/C",10560.00,E,N,A,-,Y,,,580,,,,,,W,Y,2,0,2,2,A,-,03,22350,,N,C,C,A,A,H,-,D,D,0,,,,,Y,,A,01,1,1,0,0,0,0,0,0,0,"- ","- ",37.935039520263672,-122.44316864013672,MARIN,UNINCORPORATED,-122.44317626953125,37.93499755859375
91547024,2021,2021-08-17,9350,2021-07-31,1415,022373,,6,2,9,2100,0,1,3,,1,052,"RT 1","SNAKE RD",1320.00,S,N,A,-,Y,,,1,,,,,,,Y,2,0,1,1,A,-,03,22350,,N,E,I,A,A,H,-,A,D,0,,,Y,,Y,Y,C,02,1,0,0,0,0,0,0,0,1,"- ","- ",38.21807861328125,-122.92336273193359,MARIN,UNINCORPORATED,-122.92335510253906,38.218074798583984
91562465,2021,2021-09-03,9350,2021-08-29,1313,022108,,7,1,9,2100,0,3,5,,2,002,"SIR FRANCIS DRAKE BLVD","OYSTER RD",2873.00,E,N,A,-,N,,,,,,,,,,N,2,0,1,1,A,-,03,22350,,N,E,I,A,A,H,-,A,D,0,,,,,Y,,A,01,1,0,0,0,0,0,0,0,0,"- ","- ",38.092720031738281,-122.91802215576172,MARIN,UNINCORPORATED,,
9156566,2020,2020-11-18,2109,2020-09-17,1442,537,57,4,5,5,2109,0,0,0,,0,005,"LOS RANCHITOS RD","NORTH SAN PEDRO RD",20.00,S,N,A,-,N,,,,,,,,,,N,2,0,1,2,A,-,12,22451,A,N,H,G,A,A,H,-,A,A,0,,,,,Y,,A,01,1,0,0,0,0,0,0,0,0,"- ","- ",37.992378234863281,-122.53549194335938,MARIN,"SAN RAFAEL",-122.53555297851562,37.992366790771484
91571795,2021,2021-09-16,9350,2021-09-05,1705,022373,,7,2,9,2100,0,2,4,,1,044,"SIR FRANCIS DRAKE BLVD","BAYWOOD CANYON ROAD",1584.00,W,N,A,-,N,,,,,,,,,,N,2,0,1,1,C,-,18,,,N,H,A,A,A,H,-,A,D,0,,,,,Y,Y,-,"- ",1,0,0,0,0,0,0,0,0,"- ","- ",38.008228302001953,-122.61733245849609,MARIN,UNINCORPORATED,-122.61451721191406,38.005657196044922
91589705,2021,2021-10-06,9350,2021-09-09,0840,015964,,4,1,2,2102,0,1,2,,2,050,"US-101 NORTHBOUND","SR-131 OVER CROSSING",3696.00,N,N,B,-,Y,,,101,,,,,,N,Y,1,1,0,4,A,-,17,23114,A,N,C,2,A,A,H,-,A,D,0,,,Y,,Y,,D,22,0,0,0,0,0,0,0,1,0,"- ","- ",37.912429809570312,-122.51242065429688,MARIN,"CORTE MADERA",-122.51246643066406,37.912445068359375
91601265,2021,2021-11-16,9350,2021-10-17,0100,022614,,7,3,9,2100,0,1,2,,1,030,"US-101 SOUTHBOUND","SPENCER AVENUE U/C",1808.00,N,N,A,-,Y,,,,,,,,,,Y,2,0,3,2,A,-,01,23152,A,N,A,C,A,A,H,-,C,D,0,,,,,Y,Y,A,01,3,0,0,0,0,0,0,0,0,"- ","- ",37.856658935546875,-122.49606323242188,MARIN,UNINCORPORATED,-122.49371337890625,37.855339050292969
9163250,2020,2021-01-21,2109,2020-09-19,1508,648,18,6,5,5,2109,0,0,0,,0,003,"FRANCISCO BL E","BAY ST",0.00,,Y,A,-,N,,,,,,,,,,N,2,0,1,2,A,-,05,21650,,N,H,G,A,A,H,-,A,D,0,,Y,,,Y,,L,04,1,0,0,0,0,0,1,0,0,"- ","- ",37.965141296386719,-122.51415252685547,MARIN,"SAN RAFAEL",-122.51570892333984,37.966041564941406
9163488,2020,2020-11-24,2109,2020-09-09,0829,476,7,3,5,5,2109,0,0,0,,0,001,"4TH ST","2ND ST",0.00,,Y,F,-,N,,,,,,,,,,N,2,0,1,2,A,-,12,21453,A,N,D,G,A,A,H,-,C,A,0,,Y,,,Y,,L,04,1,0,0,0,0,0,1,0,0,"- ","- ",37.974140167236328,-122.54119873046875,MARIN,"SAN RAFAEL",-122.54235076904297,37.97454833984375
91635917,2021,2021-11-29,9350,2021-11-14,1946,022433,,7,2,4,2106,0,1,2,,2,070,"US-101 N/B","SR-37 OVERCROSSING",780.00,S,N,A,-,Y,,,101,,,,,,N,Y,2,0,2,2,A,-,01,23152,A,N,E,I,A,A,H,-,C,D,0,,,,,Y,Y,A,01,1,1,0,0,0,0,0,0,0,"- ","- ",38.075939178466797,-122.54209899902344,MARIN,NOVATO,-122.54209136962891,38.075942993164062
91677262,2022,2022-01-13,9350,2022-01-08,2000,022441,,6,2,9,2100,0,1,3,,1,042,"SR-1 N/B","CALLE DEL ARROYO",8976.00,N,N,A,-,Y,MRN,,1,,,14.665,H,,R,Y,2,0,1,1,A,-,01,23152,A,N,F,A,A,A,H,-,D,D,0,,,,,Y,Y,A,01,1,0,0,0,0,0,0,0,0,"- ","- ",37.917121887207031,-122.66764831542969,MARIN,UNINCORPORATED,-122.66756439208984,37.917194366455078
91685042,2022,2022-01-25,9350,2022-01-20,0025,021488,,4,3,9,2100,0,1,2,,2,070,"US-101 SB TO LUCAS VALLEY ROAD","LUCAS VALLEY ROAD",275.00,S,N,A,-,Y,,,,,,,,,,Y,2,0,3,1,A,-,03,22350,,N,E,I,A,A,H,-,C,D,0,,,,,Y,,A,01,1,2,0,0,0,0,0,0,0,"- ","- ",38.020709991455078,-122.54003143310547,MARIN,UNINCORPORATED,-122.54003143310547,38.020709991455078
91688325,2022,2022-02-18,9350,2022-01-09,1203,022614,,7,1,9,2100,0,2,4,,1,046,"POINT REYES PETALUMA ROAD","SAN ANTONIO ROAD",11194.00,E,N,A,-,N,,,,,,,,,,Y,2,0,1,1,A,-,03,22350,,N,E,I,A,A,H,-,A,D,0,,,Y,,Y,,C,02,1,0,0,0,0,0,0,0,1,"- ","- ",38.163311004638672,-122.68020629882812,MARIN,UNINCORPORATED,,
91723122,2022,2022-03-15,9350,2022-02-21,2342,022556,,1,3,4,2106,0,1,3,,2,037,"SR-37 E/B","ATHERTON AVENUE",6336.00,W,N,A,-,Y,MRN,,37,,,12.520,H,,R,Y,2,0,1,1,A,-,08,22107,,N,E,I,A,A,H,-,D,D,0,,,,,Y,,A,07,1,0,0,0,0,0,0,0,0,"- ","- ",38.092361450195312,-122.52822113037109,MARIN,NOVATO,-122.52812957763672,38.092288970947266