CASE_ID,ACCIDENT_YEAR,PROC_DATE,JURIS,COLLISION_DATE,COLLISION_TIME,OFFICER_ID,REPORTING_DISTRICT,DAY_OF_WEEK,CHP_SHIFT,POPULATION,CNTY_CITY_LOC,SPECIAL_COND,BEAT_TYPE,CHP_BEAT_TYPE,CITY_DIVISION_LAPD,CHP_BEAT_CLASS,BEAT_NUMBER,PRIMARY_RD,SECONDARY_RD,DISTANCE,DIRECTION,INTERSECTION,WEATHER_1,WEATHER_2,STATE_HWY_IND,CALTRANS_COUNTY,CALTRANS_DISTRICT,STATE_ROUTE,ROUTE_SUFFIX,POSTMILE_PREFIX,POSTMILE,LOCATION_TYPE,RAMP_INTERSECTION,SIDE_OF_HWY,TOW_AWAY,COLLISION_SEVERITY,NUMBER_KILLED,NUMBER_INJURED,PARTY_COUNT,PRIMARY_COLL_FACTOR,PCF_CODE_OF_VIOL,PCF_VIOL_CATEGORY,PCF_VIOLATION,PCF_VIOL_SUBSECTION,HIT_AND_RUN,TYPE_OF_COLLISION,MVIW,PED_ACTION,ROAD_SURFACE,ROAD_COND_1,ROAD_COND_2,LIGHTING,CONTROL_DEVICE,CHP_ROAD_TYPE,PEDESTRIAN_ACCIDENT,BICYCLE_ACCIDENT,MOTORCYCLE_ACCIDENT,TRUCK_ACCIDENT,NOT_PRIVATE_PROPERTY,ALCOHOL_INVOLVED,STWD_VEHTYPE_AT_FAULT,CHP_VEHTYPE_AT_FAULT,COUNT_SEVERE_INJ,COUNT_VISIBLE_INJ,COUNT_COMPLAINT_PAIN,COUNT_PED_KILLED,COUNT_PED_INJURED,COUNT_BICYCLIST_KILLED,COUNT_BICYCLIST_INJURED,COUNT_MC_KILLED,COUNT_MC_INJURED,PRIMARY_RAMP,SECONDARY_RAMP,LATITUDE,LONGITUDE,COUNTY,CITY,POINT_X,POINT_Y
91728393,2022,2022-03-21,9455,2022-03-14,0440,019237,,1,3,9,2100,0,1,3,,1,005,"STATE HIGHWAY 49 SOUTH","STUMPFIELD MOUNTAIN RD",1056.00,N,N,A,-,Y,MPA,,49,,,7.067,H,,R,Y,2,0,1,1,A,-,08,22107,,N,E,I,A,A,H,-,D,D,0,,,,,Y,,-,"- ",1,0,0,0,0,0,0,0,0,"- ","- ",37.455711364746094,-119.8096923828125,MARIN,UNINCORPORATED,-119.80966949462891,37.455898284912109
91735321,2022,2022-03-28,9360,2022-03-20,1504,021195,,7,2,9,2100,0,3,5,,2,007,"SR-1 N/B","TOMALES PETALUMA RD",657.00,N,N,A,-,Y,MRN,,1,,,45.493,H,,R,Y,2,0,1,2,A,-,05,21460,A,N,D,C,A,A,H,-,A,D,0,,,Y,,Y,,C,02,1,0,0,0,0,0,0,0,1,"- ","- ",38.243888854980469,-122.90500640869141,MARIN,UNINCORPORATED,-122.90496826171875,38.243888854980469
91739693,2022,2022-04-04,9350,2022-03-24,1130,021586,,4,1,9,2100,0,1,3,,1,012,"PANORAMIC HWY",SR-1,100.00,N,N,A,-,N,,,,,,,,,,Y,2,0,1,1,A,-,08,22107,,N,F,J,A,A,H,-,A,D,0,,,,Y,Y,,F,25,1,0,0,0,0,0,0,0,0,"- ","- ",37.883968353271484,-122.55416107177734,MARIN,UNINCORPORATED,-122.63642120361328,37.896385192871094
9174546,2020,2021-01-07,2109,2020-10-20,1830,637,0,2,5,5,2109,0,0,0,,0,003,"VIVIAN ST","BELVEDERE ST",250.00,W,N,A,-,N,,,,,,,,,,N,2,0,1,2,A,-,09,21804,A,F,G,B,D,A,H,-,B,D,0,Y,,,,Y,Y,A,01,1,0,0,0,1,0,0,0,0,"- ","- ",37.947360992431641,-122.53603363037109,MARIN,"SAN RAFAEL",-122.50804901123047,37.963844299316406
91746324,2022,2022-04-12,9350,2022-03-07,0630,015765,,1,1,9,2100,0,1,2,,1,080,"US-101 S/B","SAN ANTONIO RD.",4105.00,S,N,B,-,Y,MRN,,101,,,24.683,H,,L,Y,1,1,0,3,A,-,03,22350,,N,C,C,A,A,H,-,B,D,0,,,Y,Y,Y,,C,02,0,0,0,0,0,0,0,1,0,"- ","- ",38.153400421142578,-122.56771850585938,MARIN,UNINCORPORATED,-122.56773376464844,38.153396606445312
91747867,2022,2022-04-14,9350,2022-04-07,0000,021739,,4,3,5,2109,0,1,2,,1,060,"US-101 NB","COLEMAN PEDESTRIAN O/C",720.00,S,N,A,-,Y,MRN,,101,,,11.269,H,,R,Y,2,0,2,2,A,-,01,23152,A,N,C,C,A,A,H,-,D,D,0,,,,,Y,Y,A,01,1,0,1,0,0,0,0,0,0,"- ","- ",37.976341247558594,-122.52043914794922,MARIN,"SAN RAFAEL",-122.52047729492188,37.976341247558594
91747948,2022,2022-04-14,9350,2022-04-09,0740,022020,,6,1,9,2100,0,3,5,,2,003,"SIR FRANCIS DRAKE BOULEVARD","DRAKES COVE ROAD",1275.00,E,N,A,-,N,,,,,,,,,,Y,2,0,2,2,A,-,08,22107,,N,D,C,A,A,H,-,A,D,0,,,,,Y,,A,01,1,1,0,0,0,0,0,0,0,"- ","- ",37.942760467529297,-122.49822998046875,MARIN,UNINCORPORATED,-122.49903106689453,37.942333221435547
91756654,2022,2022-04-26,9350,2022-02-19,2350,022643,,6,3,5,2109,0,1,1,,1,015,"I-580 E/B","MAIN STREET",762.00,W,N,A,-,Y,MRN,,580,,,2.921,H,,R,N,1,1,0,4,A,-,11,21954,A,F,G,B,E,A,H,-,D,D,0,Y,,,,Y,Y,N,60,0,0,0,1,0,0,0,0,0,"- ","- ",37.944648742675781,-122.48274993896484,MARIN,"SAN RAFAEL",-122.48271179199219,37.944725036621094
91758807,2022,2022-04-28,9350,2022-04-21,2244,022578,,4,3,9,2100,0,2,4,,1,044,"SIR FRANCIS DRAKE BLVD","PLATFORM BRIDGE ROAD",1300.00,E,N,A,-,N,,,,,,,,,,Y,2,0,1,1,A,-,01,23152,A,N,E,I,A,A,H,-,D,D,0,,,,,Y,Y,A,07,1,0,0,0,0,0,0,0,0,"- ","- ",38.048770904541016,-122.75460052490234,MARIN,UNINCORPORATED,-122.75468444824219,38.048801422119141
9177231,2020,2020-12-18,2109,2020-10-30,0836,541,41,5,5,5,2109,0,0,0,,0,003,"BELLAM BL","ANDERSEN DR",0.00,,Y,A,-,N,,,,,,,,,,N,2,0,1,2,A,-,12,21453,A,N,H,G,A,A,H,-,A,A,0,,Y,,,Y,,L,04,1,0,0,0,0,0,1,0,0,"- ","- ",37.958141326904297,-122.50832366943359,MARIN,"SAN RAFAEL",-122.50837707519531,37.958080291748047
91774274,2022,2022-05-17,9350,2022-05-03,0253,022577,,2,3,9,2100,0,2,4,,2,017,"ATHERTON AVE","ATHERTON OAKS DRIVE",406.90,W,N,A,-,N,,,,,,,,,,Y,2,0,1,1,A,-,01,23152,F,N,E,I,A,A,H,-,D,D,0,,,,,Y,,D,22,1,0,0,0,0,0,0,0,0,"- ","- ",38.106548309326172,-122.52558898925781,MARIN,UNINCORPORATED,-122.52915191650391,38.108272552490234
91774280,2022,2022-05-17,9350,2022-05-07,0429,022656,,6,3,2,2102,0,1,2,,2,050,"US-101 N/B","WORNUM DRIVE",1182.00,S,N,A,-,Y,MRN,,101,,,7.805,H,,R,Y,2,0,2,1,A,-,01,23152,A,N,E,8,A,A,H,-,C,D,0,,,,,Y,Y,A,01,1,1,0,0,0,0,0,0,0,"- ","- ",37.932239532470703,-122.51614379882812,MARIN,"CORTE MADERA",-122.51601409912109,37.932254791259766
91784783,2022,2022-05-31,9350,2022-05-19,1635,021418,,4,2,9,2100,0,3,5,,2,003,"SIR FRANCIS DRAKE BLVD","ANDERSEN DRIVE",1584.00,W,N,A,-,N,,,,,,,,,,N,2,0,2,2,A,-,05,21460,A,N,A,C,A,A,H,-,A,D,0,,,,,Y,,A,01,2,0,0,0,0,0,0,0,0,"- ","- ",37.943271636962891,-122.49787902832031,MARIN,UNINCORPORATED,-122.49781036376953,37.943382263183594
91786186,2022,2022-06-01,9350,2022-05-21,0955,022108,,6,1,9,2100,0,3,5,,2,002,"DONAHUE STREET","BAY VISTA CIRCLE",117.00,W,N,A,-,N,,,,,,,,,,N,2,0,1,2,A,-,21,22106,,N,G,B,F,A,H,-,A,D,0,Y,,,,Y,,A,01,1,0,0,0,1,0,0,0,0,"- ","- ",37.876190185546875,-122.51943206787109,MARIN,UNINCORPORATED,-122.51930236816406,37.876167297363281
91788135,2022,2022-06-03,9350,2022-05-25,0716,022020,,3,1,9,2100,0,1,3,,1,012,"SR-1 (SHORELINE HIGHWAY)","PACIFIC WAY",15.00,S,N,A,-,Y,MRN,,1,,,5.690,H,,R,Y,2,0,1,1,A,-,08,22107,,N,E,I,A,A,H,-,A,D,0,,,,,Y,,A,07,1,0,0,0,0,0,0,0,0,"- ","- ",37.864559173583984,-122.57447052001953,MARIN,UNINCORPORATED,-122.57440185546875,37.864601135253906
91789198,2022,2022-06-06,9360,2022-05-21,1936,021195,,6,2,9,2100,0,3,5,,2,007,"TOMALES PETALUMA RD","TWIN BRIDGE RD",2640.00,W,N,A,-,N,,,,,,,,,,Y,2,0,3,2,A,-,01,23152,A,N,B,C,A,A,H,-,B,D,0,,,Y,,Y,Y,A,07,1,0,2,0,0,0,0,0,1,"- ","- ",38.248970031738281,-122.86414337158203,MARIN,UNINCORPORATED,-122.86397552490234,38.249103546142578
91791783,2022,2022-06-09,9350,2022-06-03,0150,021615,,5,3,9,2100,0,2,4,,2,017,"ATHERTON AVE","H LN",28.50,E,N,A,-,N,,,,,,,,,,N,2,0,1,1,A,-,01,23152,A,N,E,A,A,A,H,-,C,D,0,,,,,Y,Y,D,22,1,0,0,0,0,0,0,0,0,"- ","- ",38.111839294433594,-122.53603363037109,MARIN,UNINCORPORATED,-122.53601837158203,38.111865997314453
91812816,2022,2022-07-08,9350,2022-06-25,0630,022133,,6,1,9,2100,0,2,4,,2,025,"NORTH SAN PEDRO ROAD","LA PASADA",60.00,W,N,A,-,N,,,,,,,,,,Y,2,0,1,2,A,-,01,23152,A,N,A,C,A,A,H,-,A,D,0,,,,,Y,Y,A,01,1,0,0,0,0,0,0,0,0,"- ","- ",38.010700225830078,-122.51793670654297,MARIN,UNINCORPORATED,-122.51783752441406,38.010765075683594
91815396,2022,2022-07-12,9350,2022-07-05,0631,022433,,2,1,9,2100,0,1,2,,2,040,"US-101 S/B","SEMINARY DR",873.00,S,N,B,C,Y,MRN,,101,,,4.727,H,,L,N,2,0,4,5,A,-,03,22350,,N,D,C,A,B,H,-,A,D,0,,,,,Y,,-,"- ",1,3,0,0,0,0,0,0,0,"- ","- ",37.888759613037109,-122.51683807373047,MARIN,UNINCORPORATED,-122.51687622070312,37.888759613037109
91821567,2022,2022-07-20,9350,2022-07-14,1355,021418,,4,1,5,2109,0,1,2,,1,060,"US-101 S/B","N. SAN PEDRO ROAD U/C",1885.00,N,N,A,-,Y,MRN,,101,,,13.062,H,,L,Y,2,0,1,2,A,-,03,22350,,N,B,C,A,A,H,-,A,D,0,,,,,Y,,A,07,1,0,0,0,0,0,0,0,0,"- ","- ",37.998691558837891,-122.53575897216797,MARIN,"SAN RAFAEL",-122.53568267822266,37.998725891113281
91828777,2022,2022-07-29,9350,2022-07-23,2023,022577,,6,2,2,2110,0,1,2,,2,020,"US-101 SOUTHBOUND","SPENCER AVE",3168.00,N,N,A,-,Y,MRN,,101,,,2.341,H,,L,N,2,0,2,1,A,-,01,23152,A,N,E,J,A,A,H,-,B,D,0,,,,,Y,Y,A,07,2,0,0,0,0,0,0,0,0,"- ","- ",37.858478546142578,-122.5,MARIN,SAUSALITO,-122.49993896484375,37.858516693115234
91829096,2022,2022-07-29,9350,2022-07-17,1245,022532,,7,1,9,2100,0,2,4,,1,044,"SIR FRANCIS DRAKE BLVD","DEVILS GULCH FIRE RD",1584.00,W,N,A,-,N,,,,,,,,,,Y,2,0,1,1,A,-,03,22350,,N,E,I,A,A,H,-,A,D,0,,,Y,,Y,,C,02,1,0,0,0,0,0,0,0,1,"- ","- ",38.029178619384766,-122.74324798583984,MARIN,UNINCORPORATED,,
91831179,2022,2022-08-02,9350,2022-07-21,1055,021629,,4,1,9,2100,0,2,4,,2,024,"SIR FRANCIS DRAKE BLVD","TOUSSIN AVENUE",248.00,W,N,A,-,N,,,,,,,,,,N,2,0,1,2,C,-,18,,,N,A,C,A,A,H,-,A,D,0,,,,,Y,,-,"- ",1,0,0,0,0,0,0,0,0,"- ","- ",37.958961486816406,-122.55197143554688,MARIN,UNINCORPORATED,-122.55191040039062,37.958900451660156
9183613,2020,2021-02-03,2106,2020-11-05,0522,415,,4,5,4,2106,0,0,0,,0,,"IGNACIO BL","ALAMEDA DEL PRADO",0.00,,Y,A,-,N,,,,,,,,,,,2,0,1,2,A,-,10,21950,A,N,G,B,B,A,H,-,C,A,0,Y,,,Y,Y,,F,26,1,0,0,0,1,0,0,0,0,"- ","- ",38.064788818359375,-122.54225921630859,MARIN,NOVATO,-122.54068756103516,38.065959930419922
91837573,2022,2022-08-10,9350,2022-04-17,2150,022577,,7,2,9,2100,0,1,2,,2,040,"US-101 SOUTHBOUND",SR-131,2393.00,S,N,A,-,Y,MRN,,101,,,5.236,H,,L,N,1,1,0,2,A,-,11,21954,A,N,G,B,E,A,H,-,C,D,0,Y,,,,Y,Y,N,60,0,0,0,1,0,0,0,0,0,"- ","- ",37.896129608154297,-122.51632690429688,MARIN,UNINCORPORATED,-122.516357421875,37.896129608154297
91838049,2022,2022-08-11,9350,2022-08-05,0425,017691,,5,3,5,2109,0,1,2,,2,070,"U.S. 101 N/B","MANUEL T FREITAS PARKWAY",3168.00,N,N,A,-,Y,MRN,,101,,,14.359,H,,R,Y,2,0,1,2,A,-,08,22107,,N,B,4,A,A,H,-,C,D,0,,,,Y,Y,,F,26,1,0,0,0,0,0,0,0,0,"- ","- ",38.016300201416016,-122.54077911376953,MARIN,"SAN RAFAEL",-122.54093933105469,38.016338348388672
91870689,2022,2022-09-22,9350,2022-09-09,1938,022577,,5,2,9,2100,0,3,5,,2,002,"TENNESSEE VALLEY RD",SR-1,430.00,W,N,A,-,N,,,,,,,,,,N,2,0,2,2,A,-,01,23152,A,F,A,C,A,A,H,-,C,D,0,,,,,Y,Y,A,07,1,1,0,0,0,0,0,0,0,"- ","- ",37.878440856933594,-122.52330017089844,MARIN,UNINCORPORATED,-122.52333068847656,37.878589630126953
91871352,2022,2022-09-22,9350,2022-09-10,1331,022577,,6,1,9,2100,0,1,3,,1,012,SR-1,"MAPLE STREET",0.00,,Y,A,-,Y,MRN,,1,,,1.458,H,,R,N,2,0,1,2,A,-,09,21802,A,N,D,G,A,A,H,-,A,A,0,,Y,,,Y,,A,07,1,0,0,0,0,0,1,0,0,"- ","- ",37.880260467529297,-122.53797149658203,MARIN,UNINCORPORATED,-122.53795623779297,37.880268096923828
91874685,2021,2022-09-27,9350,2021-07-28,0150,021668,,3,3,4,2106,0,1,2,,2,070,"US-101 N/B TO NAVE DRIVE","IGNACIO BOULEVARD",28.00,S,N,A,-,Y,,,101,,,,R,,N,Y,1,1,0,1,A,-,08,22107,,F,E,I,A,A,H,-,C,D,0,,,,,Y,,A,01,0,0,0,0,0,0,0,0,0,"- ","- ",38.064891815185547,-122.53540802001953,MARIN,NOVATO,-122.53540802001953,38.064891815185547
91874810,2022,2022-09-27,9350,2022-09-16,0827,022577,,5,1,9,2100,0,1,2,,2,020,"US101 NB (GGB EAST SIDEWALK)","CONZELMAN ROAD",410.00,S,N,A,-,Y,,,,,,,,,,N,2,0,1,2,B,-,22,,,F,B,G,A,A,H,-,A,D,0,,Y,,,Y,,L,04,1,0,0,0,0,0,1,0,0,"- ","- ",37.829330444335938,-122.47955322265625,MARIN,UNINCORPORATED,-122.47983551025391,37.829292297363281
91876019,2022,2022-09-28,9350,2022-09-21,1131,016034,,3,1,5,2109,0,1,2,,1,060,"US 101 N/B","N. SAN PEDRO ROAD UNDERCROSSING",355.00,N,N,A,-,Y,MRN,,101,,,12.802,H,,R,Y,2,0,1,2,A,-,03,22350,,N,B,C,A,A,H,-,A,D,0,,,Y,,Y,,C,02,1,0,0,0,0,0,0,0,1,"- ","- ",37.995498657226562,-122.53276062011719,MARIN,"SAN RAFAEL",-122.53297424316406,37.995403289794922
91883473,2022,2022-10-06,9350,2022-09-27,1415,019150,,2,2,4,2106,0,1,2,,1,080,"US-101 N/B","ATHERTON AVE",5808.00,N,N,A,-,Y,MRN,,101,,R,23.088,H,,R,Y,2,0,1,1,A,-,08,22107,,N,E,J,A,A,D,-,A,D,0,,,Y,,Y,Y,C,02,1,0,0,0,0,0,0,0,1,"- ","- ",38.133758544921875,-122.56359100341797,MARIN,NOVATO,-122.56366729736328,38.133758544921875
91890644,2022,2022-10-14,9350,2022-09-30,1755,022271,,5,2,9,2100,0,3,5,,2,003,"MILL VALLEY SAUSALITO PATH","POHONO STREET",2625.00,S,N,A,-,N,,,,,,,,,,N,2,0,1,2,A,-,03,22350,,N,G,B,F,A,H,-,A,D,0,Y,,,,Y,,A,01,1,0,0,0,1,0,0,0,0,"- ","- ",37.874519348144531,-122.50830078125,MARIN,UNINCORPORATED,,
91893970,2022,2022-10-19,9350,2022-10-07,0700,023069,,5,1,9,2100,0,3,5,,2,004,"COLLEGE AVENUE","SIR FRANCIS DRAKE BOULEVARD",634.00,S,N,A,-,N,,,,,,,,,,N,2,0,1,2,A,-,10,21950,A,N,G,B,C,A,H,-,A,A,0,Y,,,,Y,,A,01,1,0,0,0,1,0,0,0,0,"- ","- ",37.954128265380859,-122.54857635498047,MARIN,UNINCORPORATED,-122.54855346679688,37.954246520996094
91895376,2022,2022-10-20,9350,2022-01-29,1135,022614,,6,1,9,2100,0,2,4,,1,044,"SIR FRANCIS DRAKE BOULEVARD","SAN GERONIMO VALLEY ROAD",1979.00,E,N,A,-,N,,,,,,,,,,N,1,1,1,2,A,-,06,21755,,N,H,G,A,A,H,-,A,D,0,,Y,,,Y,,A,07,0,1,0,0,0,1,0,0,0,"- ","- ",38.011211395263672,-122.62419128417969,MARIN,UNINCORPORATED,-122.66343688964844,38.014499664306641
91899055,2022,2022-10-25,9350,2022-10-16,1250,022020,,7,1,9,2100,0,1,2,,1,080,"US-101 N/B","SAN ANTONIO ROAD O/C",3315.00,S,N,B,-,Y,MRN,,101,,,24.853,H,,R,N,2,0,1,2,A,-,03,22350,,N,F,A,A,A,D,-,A,D,0,,,Y,,Y,,C,02,1,0,0,0,0,0,0,0,1,"- ","- ",38.155960083007812,-122.56833648681641,MARIN,UNINCORPORATED,-122.56832122802734,38.155963897705078
91913643,2022,2022-11-09,9350,2022-11-05,0405,022633,,6,3,9,2100,0,2,4,,2,026,"NOVATO BLVD.","INDIAN VALLEY",5385.00,W,N,B,-,N,,,,,,,,,,N,2,0,1,1,A,-,01,23152,A,N,E,I,A,B,H,-,D,D,0,,,,,Y,Y,A,01,1,0,0,0,0,0,0,0,0,"- ","- ",38.115871429443359,-122.65109252929688,MARIN,UNINCORPORATED,,
91935124,2022,2022-12-06,9350,2022-11-02,2120,021686,,3,2,5,2109,0,1,2,,2,070,"US-101 N/B TO SMITH RANCH ROAD","SMITH RANCH ROAD",484.50,S,N,A,-,Y,,,,,,,,,,N,1,1,0,2,A,-,11,21950,B,N,G,B,C,A,H,-,C,D,0,Y,,,,Y,,N,60,0,0,0,1,0,0,0,0,0,"- ","- ",38.019550323486328,-122.53893280029297,MARIN,"SAN RAFAEL",-122.53893280029297,38.019550323486328
91955348,2022,2022-12-29,9350,2022-12-18,1210,022532,,7,1,9,2100,0,3,5,,2,006,"HICKS VALLEY RD","POINT REYES PETALUMA RD",5808.00,N,N,A,-,N,,,,,,,,,,N,2,0,1,1,A,-,08,22107,,N,F,A,A,A,H,-,A,D,0,,,Y,,Y,,C,02,1,0,0,0,0,0,0,0,1,"- ","- ",38.159141540527344,-122.71353149414062,MARIN,UNINCORPORATED,-122.71451568603516,38.158229827880859
91956629,2022,2023-06-30,9350,2022-12-28,1750,021488,,3,2,9,2100,0,2,4,,1,014,"PANORAMIC HWY","PANTOLL RD.",3365.00,E,N,B,-,N,,,,,,,,,,Y,2,0,2,1,A,-,08,22107,,N,F,A,A,A,H,-,D,D,0,,,,,Y,,A,01,1,1,0,0,0,0,0,0,0,"- ","- ",37.911239624023438,-122.59784698486328,MARIN,UNINCORPORATED,-122.59799194335938,37.911029815673828
91959024,2022,2023-01-03,9350,2022-12-30,1405,021696,,5,2,4,2106,0,1,2,,2,070,"US-101 NORTHBOUND","IGNACIO BLVD",1125.00,N,N,C,-,Y,MRN,,101,,,18.230,H,,R,Y,2,0,1,1,A,-,08,22107,,N,E,I,A,B,H,-,A,D,0,,,,,Y,,A,01,1,0,0,0,0,0,0,0,0,"- ","- ",38.069278717041016,-122.53851318359375,MARIN,NOVATO,-122.53859710693359,38.069263458251953
91959926,2022,2023-01-04,9350,2022-12-29,1500,022395,,4,2,9,2100,0,3,5,,2,006,"MARSHALL PETALUMA ROAD","HICKS VALLEY ROAD",3168.00,W,N,C,-,N,,,,,,,,,,Y,2,0,1,1,A,-,08,22107,,N,E,I,A,B,H,-,A,D,0,,,,,Y,,A,07,1,0,0,0,0,0,0,0,0,"- ","- ",38.165088653564453,-122.74233245849609,MARIN,UNINCORPORATED,-122.74005126953125,38.166545867919922
91961271,2022,2023-01-05,9350,2022-12-27,1510,023069,,2,2,9,2100,0,3,5,,2,005,"HARBOR DRIVE","GRANDVIEW AVENUE",295.00,N,N,B,-,N,,,,,,,,,,Y,2,0,1,1,A,-,01,23152,A,N,E,I,A,B,H,-,A,D,0,,,,,Y,Y,A,01,1,0,0,0,0,0,0,0,0,"- ","- ",38.109989166259766,-122.50556945800781,MARIN,UNINCORPORATED,-122.50556945800781,38.110004425048828
91964417,2022,2023-01-10,9350,2022-12-30,2028,022634,,5,2,9,2100,0,1,2,,2,040,"US-101 S/B","SR-1 UNDERCROSSING",1636.00,S,N,B,C,Y,MRN,,101,,,3.821,H,,L,N,2,0,2,1,A,-,03,22350,,N,F,I,A,B,H,-,D,D,0,,,,,Y,,A,01,1,0,1,0,0,0,0,0,0,"- ","- ",37.876960754394531,-122.51241302490234,MARIN,UNINCORPORATED,-122.51233673095703,37.877025604248047
91969901,2023,2023-01-17,9350,2023-01-08,1341,022108,,7,1,4,2106,0,1,2,,2,070,"US-101 S/B","NAVE DR",760.00,S,N,B,-,Y,MRN,,101," "," ",16.489,H,,L,N,2,0,1,1,A,-,03,22350,,N,E,8,A,A,H,-,A,D,0,,,,,Y,,A,01,1,0,0,0,0,0,0,0,0,"- ","- ",38.046199798583984,-122.53385162353516,MARIN,NOVATO,-122.53374481201172,38.046154022216797
91973240,2023,2023-01-20,9350,2023-01-06,1844,022577,,5,2,9,2100,0,1,1,,2,115,"I-580 EASTBOUND","MAIN ST",11616.00,E,N,A,-,Y,MRN,,580," "," ",0.424,H,,R,N,2,0,1,2,A,-,03,22350,,N,C,C,A,B,H,-,C,D,0,,,Y,,Y,,C,02,1,0,0,0,0,0,0,0,1,"- ","- ",37.934860229492188,-122.44158935546875,MARIN,UNINCORPORATED,-122.44158935546875,37.934894561767578
91977046,2022,2023-02-07,9350,2022-12-29,2340,017691,,4,3,4,2106,0,1,2,,2,070,"U.S. 101 N/B","IGNACIO BOULEVARD OVERCROSSING",528.00,N,N,B,C,Y,MRN,,101,,,18.077,H,,R,Y,1,2,3,1,A,-,03,22350,,N,E,I,A,B,H,-,D,D,0,,,,,Y,,A,01,3,0,0,0,0,0,0,0,0,"- ","- ",38.067100524902344,-122.53798675537109,MARIN,NOVATO,-122.53789520263672,38.067131042480469
91994079,2023,2023-02-14,9350,2023-02-03,1759,022433,,5,2,2,2102,0,1,2,,2,050,"US-101 N/B","TAMALPAIS DR",1000.00,N,N,B,-,Y,MRN,,101," "," ",7.736,H,,R,N,2,0,1,2,A,-,08,22107,,F,C,C,A,A,H,-,A,D,0,,,,,Y,,A,07,1,0,0,0,0,0,0,0,0,"- ","- ",37.931251525878906,-122.51590728759766,MARIN,"CORTE MADERA",-122.51583099365234,37.931259155273438
91995838,2022,2023-02-16,9350,2022-10-23,1525,022271,,7,2,9,2100,0,1,2,,1,080,"US-101 N/B","SAN ANTONIO ROAD",5159.00,N,N,A,-,Y,MRN,,101,,,26.462,H,,R,Y,1,1,0,1,A,-,03,22350,,N,E,J,A,A,D,-,A,D,0,,,,,Y,,A,07,0,0,0,0,0,0,0,0,0,"- ","- ",38.172439575195312,-122.58831024169922,MARIN,UNINCORPORATED,-122.58834838867188,38.172409057617188
92001110,2023,2023-02-23,9350,2023-02-12,1950,021893,,7,2,9,2100,0,1,3,,1,052,SR-1,"MESA RD",320.00,S,N,A,-,Y,MRN,,1," "," ",29.930,H,,R,N,2,0,1,1,A,-,01,23152,A,N,F,I,A,A,H,-,D,D,0,,,,,Y,Y,A,07,1,0,0,0,0,0,0,0,0,"- ","- ",38.079860687255859,-122.80734252929688,MARIN,UNINCORPORATED,-122.80732727050781,38.079826354980469
92007066,2023,2023-03-01,9350,2023-02-22,1710,019150,,3,2,4,2106,0,1,2,,1,080,"US-101 S/B FROM DE LONG AVE","DE LONG AVE",250.00,S,N,A,-,Y,MRN,,101," ",R,21.065,H,,L,Y,2,0,1,1,D,-,00,,,N,F,A,A,A,D,-,A,D,0,,,Y,,Y,,-,"- ",1,0,0,0,0,0,0,0,1,"- ","- ",38.104351043701172,-122.5625,MARIN,NOVATO,-122.56217956542969,38.104423522949219
92008975,2023,2023-03-03,9350,2023-02-12,1030,022633,,7,1,4,2106,0,1,2,,2,070,"US-101 NB","IGNACIO BLVD",1848.00,S,N,A,-,Y,,,,,,,,,,Y,2,0,3,3,A,-,03,22350,,N,D,C,E,A,H,-,C,D,0,Y,,,,Y,,A,01,1,0,2,0,1,0,0,0,0,"- ","- ",,,MARIN,NOVATO,-122.53480529785156,38.063453674316406
9201629,2020,2021-01-21,2106,2020-11-27,0910,473,N301,5,5,4,2106,0,0,0,,0,NP3,"ALAMEDA DEL PRADO","PUFFIN CT",28.00,W,N,A,-,N,,,,,,,,,,Y,2,0,2,2,A,-,03,22350,,N,C,E,A,A,H,-,A,D,0,,,,,Y,,A,07,1,1,0,0,0,0,0,0,0,"- ","- ",38.047149658203125,-122.54209136962891,MARIN,NOVATO,-122.54241180419922,38.047199249267578
92023717,2023,2023-03-21,9350,2023-03-19,1819,022411,,7,2,5,2109,0,1,2,,1,060,"US-101 S/B TO LINCOLN AVENUE","LINCOLN AVENUE",98.00,E,N,B,-,Y,,,,,,,,,,N,2,0,1,1,A,-,03,22350,,N,E,I,A,B,H,-,A,A,0,,,Y,,Y,,C,02,1,0,0,0,0,0,0,0,1,"- ","- ",37.988021850585938,-122.52739715576172,MARIN,"SAN RAFAEL",-122.52739715576172,37.988021850585938
92023861,2023,2023-03-21,9350,2023-03-01,1429,017978,,3,2,9,2100,0,1,2,,1,080,"US101 S/B","SAN ANTONIO ROAD OVERCROSSING",2238.00,N,N,A,-,Y,MRN,,101," "," ",25.928,H,,L,Y,2,0,1,1,A,-,01,23152,G,N,E,I,A,A,H,-,A,D,0,,,,Y,Y,Y,F,26,1,0,0,0,0,0,0,0,0,"- ","- ",38.167240142822266,-122.58109283447266,MARIN,UNINCORPORATED,-122.58103179931641,38.16729736328125