CASE_ID,ACCIDENT_YEAR,PROC_DATE,JURIS,COLLISION_DATE,COLLISION_TIME,OFFICER_ID,REPORTING_DISTRICT,DAY_OF_WEEK,CHP_SHIFT,POPULATION,CNTY_CITY_LOC,SPECIAL_COND,BEAT_TYPE,CHP_BEAT_TYPE,CITY_DIVISION_LAPD,CHP_BEAT_CLASS,BEAT_NUMBER,PRIMARY_RD,SECONDARY_RD,DISTANCE,DIRECTION,INTERSECTION,WEATHER_1,WEATHER_2,STATE_HWY_IND,CALTRANS_COUNTY,CALTRANS_DISTRICT,STATE_ROUTE,ROUTE_SUFFIX,POSTMILE_PREFIX,POSTMILE,LOCATION_TYPE,RAMP_INTERSECTION,SIDE_OF_HWY,TOW_AWAY,COLLISION_SEVERITY,NUMBER_KILLED,NUMBER_INJURED,PARTY_COUNT,PRIMARY_COLL_FACTOR,PCF_CODE_OF_VIOL,PCF_VIOL_CATEGORY,PCF_VIOLATION,PCF_VIOL_SUBSECTION,HIT_AND_RUN,TYPE_OF_COLLISION,MVIW,PED_ACTION,ROAD_SURFACE,ROAD_COND_1,ROAD_COND_2,LIGHTING,CONTROL_DEVICE,CHP_ROAD_TYPE,PEDESTRIAN_ACCIDENT,BICYCLE_ACCIDENT,MOTORCYCLE_ACCIDENT,TRUCK_ACCIDENT,NOT_PRIVATE_PROPERTY,ALCOHOL_INVOLVED,STWD_VEHTYPE_AT_FAULT,CHP_VEHTYPE_AT_FAULT,COUNT_SEVERE_INJ,COUNT_VISIBLE_INJ,COUNT_COMPLAINT_PAIN,COUNT_PED_KILLED,COUNT_PED_INJURED,COUNT_BICYCLIST_KILLED,COUNT_BICYCLIST_INJURED,COUNT_MC_KILLED,COUNT_MC_INJURED,PRIMARY_RAMP,SECONDARY_RAMP,LATITUDE,LONGITUDE,COUNTY,CITY,POINT_X,POINT_Y
92027059,2023,2023-03-23,9360,2023-03-17,1235,019083,,5,1,9,2100,0,3,5,,2,007,"DILLON BEACH ROAD","OCEANA DRIVE",1025.00,E,N,A,-,N,,,,,,,,,,Y,2,0,1,1,A,-,08,22107,,N,E,I,A,A,H,-,A,D,0,,,,,Y,,D,22,1,0,0,0,0,0,0,0,0,"- ","- ",38.250438690185547,-122.95838165283203,MARIN,UNINCORPORATED,-122.95845794677734,38.250469207763672
9203607,2020,2021-02-11,2109,2020-12-11,0653,648,21,5,5,5,2109,0,0,0,,0,003,"LARKSPUR ST","ALTO ST",0.00,,Y,A,-,N,,,,,,,,,,N,2,0,1,2,A,-,10,21950,A,F,G,B,B,A,H,-,C,A,0,Y,,,,Y,,-,99,1,0,0,0,1,0,0,0,0,"- ","- ",37.964218139648438,-122.50508117675781,MARIN,"SAN RAFAEL",-122.50505065917969,37.964199066162109
92047284,2023,2023-04-18,9350,2023-04-01,"452 ",022574,,6,3,9,2100,0,1,2,,1,080,"US-101 S/B","SAN ANTONIO RD OVERCROSSING",1980.00,S,N,A,-,Y,MRN,,101," "," ",25.112,H,,L,Y,2,0,2,2,A,-,03,22350,,F,C,C,A,A,H,-,D,D,0,,,,,Y,,A,01,1,1,0,0,0,0,0,0,0,"- ","- ",38.159149169921875,-122.57038116455078,MARIN,UNINCORPORATED,-122.57036590576172,38.159160614013672
92047299,2023,2023-04-18,9350,2023-04-10,1758,022395,,1,2,9,2100,0,3,5,,2,003,"E. STRAWBERRY DR.","HARBOR POINT DR.",739.00,N,N,A,-,N,,,,,,,,,,N,2,0,1,2,A,-,03,22350,,N,C,C,A,A,H,-,A,D,0,,Y,,,Y,,L,04,1,0,0,0,0,0,1,0,0,"- ","- ",37.88568115234375,-122.50250244140625,MARIN,UNINCORPORATED,-122.50254821777344,37.885623931884766
92064856,2023,2023-05-09,9350,2023-04-29,"130 ",023069,,6,3,9,2100,0,2,4,,1,044,"SIR FRANCIS DRAKE BLVD","DEVILS GULCH FIRE ROAD",2270.00,W,N,B,-,N,,,,,,,,,,Y,2,0,1,1,A,-,01,23152,A,N,E,I,A,A,H,-,D,D,0,,,,,Y,Y,A,07,1,0,0,0,0,0,0,0,0,"- ","- ",38.029388427734375,-122.74344635009766,MARIN,UNINCORPORATED,,
92065601,2023,2023-05-10,9350,2023-05-02,2210,022108,,2,3,4,2106,0,1,2,,2,070,"US-101 N/B","IGNACIO BLVD",2784.00,N,N,C,-,Y,MRN,,101," "," ",18.545,H,,R,Y,2,0,1,1,A,-,03,22350,,N,E,I,A,B,H,-,C,D,0,,,,,Y,,A,01,1,0,0,0,0,0,0,0,0,"- ","- ",38.073539733886719,-122.54060363769531,MARIN,NOVATO,-122.54071044921875,38.073501586914062
92071168,2023,2023-05-17,9350,2023-05-15,"750 ",015765,,1,1,9,2100,0,1,2,,1,080,"US-101 S/B","SAN ANTONIO RD",3600.00,S,N,A,-,Y,MRN,,101," "," ",24.784,H,,L,Y,2,0,1,2,A,-,03,22350,,N,F,A,A,A,D,-,A,D,0,,,Y,,Y,,C,02,1,0,0,0,0,0,0,0,1,"- ","- ",38.154788970947266,-122.56822967529297,MARIN,UNINCORPORATED,-122.56820678710938,38.154792785644531
9207449,2020,2021-02-09,2109,2020-12-22,1330,652,7,2,5,5,2109,0,0,0,,0,001,"D ST","3RD ST",0.00,,Y,A,-,N,,,,,,,,,,Y,2,0,2,2,A,-,12,21453,A,N,D,C,A,A,H,-,A,A,0,,,,,Y,,A,01,1,1,0,0,0,0,0,0,0,"- ","- ",37.972530364990234,-122.53217315673828,MARIN,"SAN RAFAEL",-122.53217315673828,37.972530364990234
92081043,2023,2023-05-30,9350,2023-05-18,1830,019150,,4,2,9,2100,0,1,2,,1,080,"US-101 S/B TO SAN ANTONIO RD","SAN ANTONIO RD",92.00,N,N,A,-,Y,,,,,,,,,,Y,2,0,1,2,A,-,03,22350,,N,C,C,A,A,D,-,A,D,0,,,Y,,Y,,C,02,1,0,0,0,0,0,0,0,1,"- ","- ",38.162830352783203,-122.57620239257812,MARIN,UNINCORPORATED,-122.57620239257812,38.162830352783203
92082659,2023,2023-05-31,9350,2023-05-21,1427,022577,,7,2,9,2100,0,2,4,,1,014,"PANORAMIC HWY",SR-1,8448.00,E,N,A,-,Y,,,,,,,,,,N,2,0,1,1,A,-,03,22350,,N,E,I,A,A,H,-,A,D,0,,,Y,,Y,,-,"- ",1,0,0,0,0,0,0,0,1,"- ","- ",37.894008636474609,-122.62416839599609,MARIN,UNINCORPORATED,-122.62382507324219,37.894058227539062
92082742,2023,2023-05-31,9350,2023-05-23,1830,021099,,2,2,9,2100,0,3,5,,2,002,"SIR FRANCIS DRAKE BLVD","LAUREL ST",0.00,,Y,B,-,N,,,,,,,,,,Y,2,0,1,2,A,-,09,21804,A,N,D,C,A,A,H,-,A,D,0,,,Y,,Y,,A,01,1,0,0,0,0,0,0,0,1,"- ","- ",38.073150634765625,-122.82766723632812,MARIN,UNINCORPORATED,-122.82758331298828,38.073123931884766
92086359,2023,2023-06-05,9350,2023-05-20,2206,022956,,6,3,5,2109,0,1,2,,2,070,"US-101 S/B","MANUEL T FREITAS PKY",1056.00,N,N,A,G,Y,,,,,,,,,,Y,2,0,2,2,A,-,01,23153,A,N,A,C,A,A,H,-,C,D,0,,,,,Y,,D,22,1,1,0,0,0,0,0,0,0,"- ","- ",38.010040283203125,-122.54116058349609,MARIN,"SAN RAFAEL",-122.54210662841797,38.009513854980469
92099112,2023,2023-06-21,9350,2023-06-15,1655,019150,,4,2,4,2106,0,1,2,,1,080,"US-101 N/B","SR-37 W/B",100.00,N,N,A,-,Y,MRN,,101," "," ",19.107,H,,R,Y,2,0,1,2,A,-,07,21658,A,N,B,C,A,A,H,-,A,D,0,,,Y,,Y,,C,02,1,0,0,0,0,0,0,0,1,"- ","- ",38.080341339111328,-122.54634857177734,MARIN,NOVATO,-122.54637908935547,38.080322265625
9211608,2020,2022-06-18,2106,2020-06-08,0450,386,,1,5,4,2106,0,0,0,,0,,"REDWOOD BL","RUSH CREEK PL",118.00,N,N,A,-,N,,,,,,,,,,Y,1,1,0,2,A,-,11,21954,A,F,G,B,E,A,H,-,E,D,0,Y,,,,Y,,N,60,0,0,0,1,0,0,0,0,0,"- ","- ",38.116020202636719,-122.56683349609375,MARIN,NOVATO,-122.56717681884766,38.116432189941406
92120829,2023,2023-07-19,9360,2023-07-09,1833,021195,,7,2,9,2100,0,3,5,,2,007,"3603 CHILENO VALLEY RD","WILSON HILL RD",12144.00,W,N,A,-,N,,,,,,,,,,N,2,0,1,2,B,-,22,,,N,G,B,F,A,H,-,A,D,0,Y,,,,Y,,A,07,1,0,0,0,1,0,0,0,0,"- ","- ",38.203628540039062,-122.74658203125,MARIN,UNINCORPORATED,-122.74678039550781,38.204105377197266
92154052,2023,2023-08-25,9350,2023-08-17,1528,021391,,4,2,9,2100,0,1,3,,1,052,SR-1,"MARSHALL PETALUMA RD",7392.00,S,N,B,-,Y,MRN,,1," "," ",36.976,H,,R,N,2,0,1,2,A,-,16,24002,A,F,G,B,E,A,H,-,A,D,0,Y,,,,Y,,E,22,1,0,0,0,1,0,0,0,0,"- ","- ",38.146938323974609,-122.88289642333984,MARIN,UNINCORPORATED,-122.88285064697266,38.146949768066406
92164936,2023,2023-09-07,9350,2023-08-25,"625 ",017691,,5,1,5,2109,0,1,2,,1,060,"U.S. 101 N/B","MISSION STREET UNDERCROSSING",528.00,N,N,A,-,Y,MRN,,101," "," ",11.288,H,,R,Y,2,0,1,3,A,-,04,21703,,F,C,C,A,A,H,-,B,D,0,,,,Y,Y,,A,01,1,0,0,0,0,0,0,0,0,"- ","- ",37.976619720458984,-122.52049255371094,MARIN,"SAN RAFAEL",-122.52045440673828,37.976615905761719
92167592,2023,2023-09-11,9350,2023-04-15,1815,022468,,6,2,9,2100,0,3,5,,2,006,"MARSHALL PETALUMA ROAD","HICKS VALLEY RD",17952.00,W,N,A,-,N,,,,,,,,,,Y,1,1,2,1,A,-,01,23152,A,F,E,I,A,A,H,-,A,D,0,,,,,Y,Y,A,01,2,0,0,0,0,0,0,0,0,"- ","- ",38.164058685302734,-122.78308868408203,MARIN,UNINCORPORATED,-122.78278350830078,38.164020538330078
92173256,2023,2023-09-19,9350,2023-09-08,1816,022468,,5,2,9,2100,0,2,4,,1,044,"SIR FRANCIS DRAKE BLVD","MONTEZUMA AVENUE",0.00,,Y,A,-,N,,,,,,,,,,N,2,0,1,2,A,-,08,22100,B,N,A,G,A,A,H,-,A,D,0,,Y,,,Y,,A,07,1,0,0,0,0,0,1,0,0,"- ","- ",38.015251159667969,-122.68887329101562,MARIN,UNINCORPORATED,-122.68890380859375,38.015281677246094
92178732,2023,2023-09-25,9350,2023-09-14,1720,018465,,4,2,4,2106,0,1,3,,2,037,"STATE ROUTE 37 E/B","ATHERTON AVE",5280.00,E,N,A,-,Y,MRN,,37," "," ",13.357,H,,R,N,2,0,1,1,A,-,03,22350,,N,F,A,A,A,H,-,A,A,0,,,Y,,Y,,-,"- ",1,0,0,0,0,0,0,0,1,"- ","- ",38.100811004638672,-122.51706695556641,MARIN,NOVATO,-122.51708984375,38.100826263427734
92195552,2023,2023-10-10,9350,2023-10-01,1940,022411,,7,2,9,2100,0,2,4,,2,024,"SIR FRANCIS DRAKE BLVD","TOUSSIN AVE",40.00,W,N,A,-,N,,,,,,,,,,N,2,0,1,2,A,-,09,21804,A,N,D,G,A,A,H,-,C,D,0,,,Y,,Y,,A,01,1,0,0,0,0,0,0,0,1,"- ","- ",37.958499908447266,-122.55145263671875,MARIN,UNINCORPORATED,-122.5513916015625,37.958503723144531
9220203,2021,2021-03-19,2109,2021-01-12,1720,635,41,2,5,5,2109,0,0,0,,0,003,"ANDERSEN DR","SIMMS ST",65.00,E,N,A,-,N,,,,,,,,,,N,2,0,1,2,A,-,08,22107,,N,H,G,A,A,H,-,C,D,0,,Y,,,Y,,A,01,1,0,0,0,0,0,1,0,0,"- ","- ",37.956619262695312,-122.50714874267578,MARIN,"SAN RAFAEL",-122.50766754150391,37.957435607910156
9220204,2021,2021-03-19,2109,2021-01-20,2059,637,16,3,5,5,2109,0,0,0,,0,002,"2ND ST",LINDARO,188.00,E,N,A,-,N,,,,,,,,,,N,2,0,1,2,A,-,05,21650,1,N,H,G,A,A,H,-,C,D,0,,Y,,,Y,Y,L,04,1,0,0,0,0,0,1,0,0,"- ","- ",37.97113037109375,-122.52570343017578,MARIN,"SAN RAFAEL",-122.52534484863281,37.970844268798828
92209460,2023,2023-10-26,9350,2023-06-10,1230,021740,,6,1,9,2100,0,3,5,,2,006,"BUTTERFIELD RD","SLEEPY HOLLOW DR",31.00,N,N,A,-,N,,,,,,,,,,N,1,1,0,1,A,-,08,22107,,N,E,I,A,A,H,-,A,D,0,,Y,,,Y,,L,04,0,0,0,0,0,1,0,0,0,"- ","- ",38.007560729980469,-122.57946014404297,MARIN,UNINCORPORATED,-122.57936859130859,38.007575988769531
92221655,2023,2023-10-27,9350,2023-10-20,"912 ",021740,,5,1,5,2109,0,1,1,,1,015,"E SIR FRANCIS DRAKE BLVD TO 580 EB","ANDERSEN DR",1050.00,E,N,A,-,Y,MRN,,580," "," ",3.256,H,,L,N,2,0,1,1,A,-,03,22350,,N,E,J,A,A,G,-,A,D,0,,Y,,,Y,,L,04,1,0,0,0,0,0,1,0,0,"- ","- ",37.945358276367188,-122.49002838134766,MARIN,"SAN RAFAEL",-122.48994445800781,37.945457458496094
92221835,2023,2023-10-27,9350,2023-10-04,1600,023471,,3,2,9,2100,0,1,3,,2,013,"US-101 S/B TO EAST BLITHEDALE AVENUE","E. BLITHEDALE AVE.",0.00,,Y,A,-,Y,,,,,,,,,,Y,2,0,2,3,A,-,12,21453,A,N,D,C,A,A,H,-,A,A,0,,,,,Y,,A,07,1,1,0,0,0,0,0,0,0,"- ","- ",37.902828216552734,-122.51719665527344,MARIN,UNINCORPORATED,-122.51583099365234,37.902763366699219
92226468,2023,2023-11-02,9350,2023-10-21,1740,022280,,6,2,9,2100,0,3,5,,2,002,"BEAR VALLEY ROAD","MARSH ROAD",2030.00,S,N,A,-,Y,,,,,,,,,,N,2,0,1,2,A,-,01,23152,A,N,B,C,A,A,H,-,A,D,0,,,Y,,Y,Y,C,02,1,0,0,0,0,0,0,0,1,"- ","- ",38.053188323974609,-122.80564117431641,MARIN,UNINCORPORATED,,
92236626,2023,2023-11-15,9350,2023-11-06,"805 ",022020,,1,1,9,2100,0,3,5,,2,002,"MARIN AVENUE","BELL LANE",211.00,N,N,B,-,N,,,,,,,,,,N,2,0,1,2,A,-,08,22107,,N,B,G,A,B,H,-,A,D,0,,Y,,,Y,,A,07,1,0,0,0,0,0,1,0,0,"- ","- ",37.876789093017578,-122.52880859375,MARIN,UNINCORPORATED,-122.52752685546875,37.876663208007812
92240276,2023,2023-11-20,9350,2023-11-08,1935,022108,,3,2,9,2100,0,1,2,,1,030,"US-101 N/B","MONTE MAR DR",1900.00,N,N,A,-,Y,MRN,,101," "," ",2.120,H,,R,Y,2,0,1,1,A,-,01,23152,A,N,E,8,A,A,H,-,C,D,0,,,,,Y,Y,D,22,1,0,0,0,0,0,0,0,0,"- ","- ",37.856868743896484,-122.49698638916016,MARIN,UNINCORPORATED,-122.49697113037109,37.856925964355469
92244921,2023,2023-11-27,9350,2023-11-11,"505 ",023453,,6,3,3,2104,0,1,2,,2,050,"US-101 S/B","SIR FRANCIS DRAKE BOULEVARD",7656.00,N,N,A,-,Y,MRN,,101," "," ",9.051,H,,L,Y,2,0,1,2,A,-,03,22350,,N,E,J,A,A,C,-,C,D,0,,,,,Y,,A,07,1,0,0,0,0,0,0,0,0,"- ","- ",37.949600219726562,-122.51216125488281,MARIN,LARKSPUR,-122.51216888427734,37.949604034423828
92255952,2023,2023-12-07,9350,2023-11-25,"425 ",023453,,6,3,4,2106,0,1,2,,2,070,"US-101 N/B","NAVE DRIVE",2079.00,S,N,A,-,Y,MRN,,101," "," ",16.225,H,,R,Y,2,0,1,1,A,-,01,23152,A,N,E,I,A,A,H,-,C,D,0,,,,,Y,Y,A,07,1,0,0,0,0,0,0,0,0,"- ","- ",38.042728424072266,-122.53559875488281,MARIN,NOVATO,-122.53568267822266,38.042766571044922
92260143,2023,2023-12-12,9350,2023-12-03,"530 ",022020,,7,3,9,2100,0,1,1,,1,015,"I-580 W/B","MAIN STREET U/C",739.00,E,N,B,C,Y,MRN,,580," "," ",2.502,H,,L,Y,2,0,2,2,A,-,03,22350,,F,C,C,A,B,H,-,D,D,0,,,,,Y,,A,01,1,0,1,0,0,0,0,0,0,"- ","- ",37.942699432373047,-122.47821807861328,MARIN,UNINCORPORATED,-122.47824859619141,37.942607879638672
92264931,2023,2023-12-18,9350,2023-12-02,2110,023471,,6,2,5,2109,0,1,2,,2,070,"US-101 SB","MANUEL T FREITAS PKY",279.00,N,N,C,-,Y,MRN,,101," "," ",13.773,H,,L,N,2,0,1,1,A,-,01,23152,A,N,E,I,A,B,H,-,D,D,0,,,,,Y,Y,A,01,1,0,0,0,0,0,0,0,0,"- ","- ",38.007938385009766,-122.54183197021484,MARIN,"SAN RAFAEL",-122.54191589355469,38.007926940917969
92280148,2023,2024-01-05,9350,2023-12-02,1555,023526,,6,2,9,2100,0,3,5,,2,006,"NICASIO VALLEY ROAD","NICASIO CREEK ROAD",1320.00,W,N,B,-,Y,,,,,,,,,,Y,2,0,2,1,A,-,01,23152,A,N,E,8,A,A,H,-,A,D,0,,,,,Y,Y,A,01,2,0,0,0,0,0,0,0,0,"- ","- ",38.056770324707031,-122.69489288330078,MARIN,UNINCORPORATED,-122.69973754882812,38.062530517578125
92290540,2024,2024-01-18,9350,2024-01-14,2136,022468,,7,2,9,2100,0,1,1,,1,015,"I-580 E/B","MAIN ST",11933.00,E,N,A,-,Y,MRN,,580," "," ",0.011,H,,R,Y,2,0,1,2,A,-,01,23152,A,M,C,C,A,A,H,-,C,A,0,,,,,Y,Y,A,07,1,0,0,0,0,0,0,0,0,"- ","- ",37.934471130371094,-122.43402099609375,MARIN,UNINCORPORATED,-122.43402862548828,37.934398651123047
92294484,2024,2024-01-23,9350,2024-01-15,1135,016034,,1,1,9,2100,0,2,4,,2,025,"N. SAN PEDRO ROAD","ROOSEVELT AVENUE",241.00,E,N,A,-,N,,,,,,,,,,N,2,0,1,1,C,-,18,,,N,E,J,A,A,A,C,A,D,0,,Y,,,Y,,-,"- ",1,0,0,0,0,0,1,0,0,"- ","- ",37.999881744384766,-122.52439117431641,MARIN,UNINCORPORATED,-122.52443695068359,37.999885559082031
92294670,2024,2024-01-23,9350,2024-01-13,1735,023482,,6,2,5,2109,0,1,1,,1,015,"I-580 W/B","SIR FRANCIS DRAKE BLVD",2112.00,W,N,C,-,Y,MRN,,580," "," ",3.766,H,,L,Y,2,0,4,2,A,-,08,22107,,N,E,I,A,B,H,-,C,D,0,,,,,Y,,-,"- ",1,0,3,0,0,0,0,0,0,"- ","- ",37.951889038085938,-122.49664306640625,MARIN,"SAN RAFAEL",-122.49684906005859,37.951751708984375
92301620,2024,2024-01-31,9350,2024-01-23,1355,015964,,2,1,9,2100,0,3,5,,2,006,"MARSHALL-PETALUMA RD",SR-1,425.00,E,N,B,-,N,,,,,,,,,,Y,2,0,1,1,A,-,03,22350,,N,F,A,A,A,B,-,A,D,0,,,Y,,Y,,C,02,1,0,0,0,0,0,0,0,1,"- ","- ",38.163738250732422,-122.89114379882812,MARIN,UNINCORPORATED,-122.89144897460938,38.163745880126953
92303778,2024,2024-02-02,9350,2024-01-28,"222 ",023551,,7,3,9,2100,0,1,2,,2,070,"US-101 SB TO MILLER CREEK ROAD","MILLER CREEK RD",518.00,N,N,A,-,Y,,,,,,,,,,Y,2,0,4,1,A,-,01,23152,A,N,F,I,A,A,H,-,D,D,0,,,,,Y,Y,A,07,4,0,0,0,0,0,0,0,0,"- ","- ",38.034999847412109,-122.53742218017578,MARIN,UNINCORPORATED,-122.53742218017578,38.034999847412109
92319611,2024,2024-02-21,9350,2024-02-15,"526 ",021615,,4,3,5,2109,0,1,1,,1,015,"I-580 E/B","SIR FRANCIS DRAKE BLVD O/C",810.00,E,N,B,-,Y,MRN,,580," "," ",3.238,H,,R,Y,2,0,2,1,A,-,03,22350,,N,E,J,A,B,H,-,D,D,0,,,,,Y,,D,22,1,0,1,0,0,0,0,0,0,"- ","- ",37.944988250732422,-122.48911285400391,MARIN,"SAN RAFAEL",-122.48898315429688,37.945209503173828
92329868,2023,2024-03-05,9350,2023-11-29,1645,021099,,3,2,4,2106,0,1,2,,1,080,"US-101 S/B","ATHERTON AVENUE O/C",1200.00,N,N,B,-,Y,MRN,,101," ",R,22.245,H,,L,N,2,0,1,1,C,-,18,,,N,E,I,A,B,H,-,A,D,0,,,,,Y,,-,"- ",1,0,0,0,0,0,0,0,0,"- ","- ",38.121131896972656,-122.56572723388672,MARIN,NOVATO,-122.56581115722656,38.121120452880859
92351416,2024,2024-05-10,9350,2024-03-29,1450,020979,,5,2,5,2109,0,1,2,,1,060,"US-101 S/B","MANUEL T FREITAS PKY",338.00,S,N,C,-,Y,MRN,,101," "," ",13.642,H,,L,Y,1,1,0,1,A,-,08,22107,,N,F,A,A,B,H,-,A,D,0,,,,,Y,,D,22,0,0,0,0,0,0,0,0,0,"- ","- ",38.006141662597656,-122.54112243652344,MARIN,"SAN RAFAEL",-122.54110717773438,38.006145477294922
92369067,2024,2024-04-19,9350,2024-03-30,1613,023731,,6,2,5,2109,0,1,1,,1,015,"I-580 WB","BELLAM BLVD. UNDERCROSSING",1584.00,E,N,A,-,Y,MRN,,580," "," ",4.158,H,,L,Y,2,0,4,2,A,-,01,23152,A,N,E,I,A,A,H,-,A,D,0,,,,,Y,Y,A,01,3,1,0,0,0,0,0,0,0,"- ","- ",37.956249237060547,-122.50115203857422,MARIN,"SAN RAFAEL",-122.50139617919922,37.956085205078125
9237847,2021,2021-04-07,2109,2021-03-07,1314,649,38,7,5,5,2109,0,0,0,,0,002,"WOODLAND AV","LOVELL AV",400.00,E,N,A,-,N,,,,,,,,,,Y,2,0,1,1,A,-,03,22350,,N,E,I,A,A,H,-,A,D,0,,,,,Y,,D,22,1,0,0,0,0,0,0,0,0,"- ","- ",37.963241577148438,-122.52208709716797,MARIN,"SAN RAFAEL",-122.52295684814453,37.963752746582031
92384170,2024,2024-05-07,9350,2024-03-24,"742 ",022020,,7,1,4,2106,0,1,2,,2,070,"US-101 S/B","NAVE DRIVE OVERCROSSING",794.00,S,N,B,-,Y,MRN,,101," "," ",16.477,H,,L,Y,1,1,0,1,A,-,03,22350,,N,E,8,A,B,H,-,A,D,0,,,,,Y,,A,01,0,0,0,0,0,0,0,0,0,"- ","- ",38.046039581298828,-122.53394317626953,MARIN,NOVATO,-122.53384399414062,38.046001434326172
92384993,2023,2024-05-08,9350,2023-12-08,1700,021099,,5,2,4,2106,0,1,2,,2,070,"US-101 SOUTHBOUND","NAVE DRIVE OVERCROSSING",2323.00,N,N,A,-,Y,MRN,,101," "," ",17.085,H,,L,Y,1,1,1,2,A,-,08,22107,,N,C,E,A,A,H,-,C,D,0,,,,,Y,,A,01,0,1,0,0,0,0,0,0,0,"- ","- ",38.054359436035156,-122.53095245361328,MARIN,NOVATO,-122.53084564208984,38.054351806640625
92393009,2024,2024-05-17,9350,2024-05-11,1256,022514,,6,1,9,2100,0,1,3,,1,012,SR-1,"LORING AVE",1064.00,N,N,A,-,Y,MRN,,1," "," ",2.115,H,,R,Y,2,0,1,2,A,-,08,22107,,N,B,C,A,A,H,-,A,D,0,,,Y,,Y,,C,02,1,0,0,0,0,0,0,0,1,"- ","- ",37.887248992919922,-122.54032897949219,MARIN,UNINCORPORATED,-122.54029083251953,37.887256622314453
92403452,2024,2025-02-28,9350,2024-05-15,1620,023669,,3,2,9,2100,0,3,5,,2,004,"SAN GERONIMO VALLEY DR","PARK ST",1390.00,E,N,A,-,Y,,,,,,,,,,Y,2,0,2,1,A,-,08,22107,,N,E,I,A,A,H,-,A,D,0,,,,,Y,,A,01,1,1,0,0,0,0,0,0,0,"- ","- ",38.014850616455078,-122.63842010498047,MARIN,UNINCORPORATED,-122.63847351074219,38.014759063720703
9242060,2021,2021-04-15,2102,2021-02-27,1123,078,2A,6,5,2,2102,0,0,0,,0,001,"FIFER AV","TAMAL VISTA BL",197.00,E,N,A,-,N,,,,,,,,,,N,2,0,2,2,A,-,01,23152,A,N,C,C,A,A,H,-,A,D,0,,,,,Y,Y,A,01,2,0,0,0,0,0,0,0,0,"- ","- ",37.938480377197266,-122.51799774169922,MARIN,"CORTE MADERA",-122.51799774169922,37.938190460205078
92421284,2024,2024-06-24,9350,2024-06-13,2215,022578,,4,3,9,2100,0,1,3,,1,012,SR-1,"PANORAMIC HWY",1175.00,S,N,A,-,Y,MRN,,1," "," ",3.089,H,,R,Y,2,0,1,1,A,-,08,22107,,N,E,I,A,A,H,-,D,D,0,,,,,Y,Y,A,07,1,0,0,0,0,0,0,0,0,"- ","- ",37.886608123779297,-122.55172729492188,MARIN,UNINCORPORATED,-122.55168151855469,37.886608123779297
92424300,2024,2024-06-26,9350,2024-06-19,1250,021418,,3,1,9,2100,0,1,2,,1,120,"US-101 N/B (GGB EAST SIDE WALK)","NORTH TOWER GGB",1361.00,N,N,A,-,N,,,,,,,,,,N,2,0,1,2,B,-,22,,,N,D,G,A,A,H,-,A,D,0,,Y,,,Y,,L,04,1,0,0,0,0,0,1,0,0,"- ","- ",37.829570770263672,-122.47958374023438,MARIN,UNINCORPORATED,,
9242957,2021,2021-04-15,2109,2021-03-17,0843,551,21,3,5,5,2109,0,0,0,,0,003,"BELVEDERE ST","MEDWAY RD",50.00,E,N,A,-,N,,,,,,,,,,N,2,0,1,2,A,-,03,22350,,N,G,B,E,A,H,-,A,D,0,Y,,,,Y,,A,08,1,0,0,0,1,0,0,0,0,"- ","- ",37.96295166015625,-122.50849914550781,MARIN,"SAN RAFAEL",-122.50836944580078,37.964862823486328
92433855,2024,2024-07-09,9350,2024-07-03,1150,022020,,3,1,9,2100,0,2,4,,1,046,"POINT REYES-PETALUMA ROAD","WILLOW ROAD",211.00,E,N,A,-,N,,,,,,,,,,N,2,0,1,1,C,-,18,,,N,E,A,A,A,D,-,A,D,0,,Y,,,Y,,-,"- ",1,0,0,0,0,0,1,0,0,"- ","- ",38.087661743164062,-122.75325012207031,MARIN,UNINCORPORATED,-122.75289154052734,38.086376190185547
92436443,2024,2024-07-11,9360,2024-04-20,1425,021195,,6,2,9,2100,0,3,5,,2,007,"TOMALES PETALUMA RD","TWIN BRIDGE RD",1584.00,E,N,A,-,N,,,,,,,,,,Y,1,1,0,1,A,-,08,22107,,N,E,8,A,A,H,-,A,D,0,,,Y,,Y,,C,02,0,0,0,0,0,0,0,1,0,"- ","- ",38.253971099853516,-122.85289001464844,MARIN,UNINCORPORATED,-122.85407257080078,38.254364013671875