CASE_ID,ACCIDENT_YEAR,PROC_DATE,JURIS,COLLISION_DATE,COLLISION_TIME,OFFICER_ID,REPORTING_DISTRICT,DAY_OF_WEEK,CHP_SHIFT,POPULATION,CNTY_CITY_LOC,SPECIAL_COND,BEAT_TYPE,CHP_BEAT_TYPE,CITY_DIVISION_LAPD,CHP_BEAT_CLASS,BEAT_NUMBER,PRIMARY_RD,SECONDARY_RD,DISTANCE,DIRECTION,INTERSECTION,WEATHER_1,WEATHER_2,STATE_HWY_IND,CALTRANS_COUNTY,CALTRANS_DISTRICT,STATE_ROUTE,ROUTE_SUFFIX,POSTMILE_PREFIX,POSTMILE,LOCATION_TYPE,RAMP_INTERSECTION,SIDE_OF_HWY,TOW_AWAY,COLLISION_SEVERITY,NUMBER_KILLED,NUMBER_INJURED,PARTY_COUNT,PRIMARY_COLL_FACTOR,PCF_CODE_OF_VIOL,PCF_VIOL_CATEGORY,PCF_VIOLATION,PCF_VIOL_SUBSECTION,HIT_AND_RUN,TYPE_OF_COLLISION,MVIW,PED_ACTION,ROAD_SURFACE,ROAD_COND_1,ROAD_COND_2,LIGHTING,CONTROL_DEVICE,CHP_ROAD_TYPE,PEDESTRIAN_ACCIDENT,BICYCLE_ACCIDENT,MOTORCYCLE_ACCIDENT,TRUCK_ACCIDENT,NOT_PRIVATE_PROPERTY,ALCOHOL_INVOLVED,STWD_VEHTYPE_AT_FAULT,CHP_VEHTYPE_AT_FAULT,COUNT_SEVERE_INJ,COUNT_VISIBLE_INJ,COUNT_COMPLAINT_PAIN,COUNT_PED_KILLED,COUNT_PED_INJURED,COUNT_BICYCLIST_KILLED,COUNT_BICYCLIST_INJURED,COUNT_MC_KILLED,COUNT_MC_INJURED,PRIMARY_RAMP,SECONDARY_RAMP,LATITUDE,LONGITUDE,COUNTY,CITY,POINT_X,POINT_Y
92439189,2024,2024-07-15,9350,2024-06-22,1500,023471,,6,2,9,2100,0,1,3,,1,052,"SIR FRANCIS DRAKE BLVD","BEAR VALLEY RD",425.00,E,N,A,-,N,,,,,,,,,,N,2,0,2,2,A,-,07,21658,A,N,B,C,A,A,H,-,A,D,0,,,Y,,Y,,C,02,1,1,0,0,0,0,0,0,2,"- ","- ",38.061939239501953,-122.81625366210938,MARIN,UNINCORPORATED,-122.81629943847656,38.061885833740234
92459650,2024,2024-07-22,9350,2024-06-15,1606,023669,,6,2,5,2109,0,1,2,,1,060,"US-101 S/B","SECOND STREET",310.00,S,N,A,-,Y,MRN,,101," "," ",10.796,H,,L,Y,2,0,1,2,A,-,03,22350,,N,B,C,A,A,H,-,A,D,0,,,Y,,Y,,C,02,1,0,0,0,0,0,0,0,1,"- ","- ",37.969730377197266,-122.52166748046875,MARIN,"SAN RAFAEL",-122.52168273925781,37.969722747802734
9256474,2021,2021-08-19,2109,2021-05-18,0803,476,7,2,5,5,2109,0,0,0,,0,001,"4TH ST","G ST",0.00,,Y,A,-,N,,,,,,,,,,N,1,1,0,2,A,-,10,21950,,N,G,B,D,A,H,-,A,A,0,Y,,,Y,Y,,-,"- ",0,0,0,1,0,0,0,0,0,"- ","- ",37.973930358886719,-122.53732299804688,MARIN,"SAN RAFAEL",-122.53746795654297,37.974079132080078
9258209,2021,2021-05-04,2109,2021-04-18,1200,551,7,7,5,5,2109,0,0,0,,0,,"2ND ST","G ST",0.00,,Y,A,-,N,,,,,,,,,,Y,2,0,2,1,A,-,08,22107,,N,E,J,A,A,H,-,A,D,0,,,,,Y,,A,01,1,1,0,0,0,0,0,0,0,"- ","- ",37.972869873046875,-122.53765869140625,MARIN,"SAN RAFAEL",-122.53769683837891,37.972827911376953
9268250,2021,2021-05-27,2106,2021-04-21,2029,460,N324,3,5,4,2106,0,0,0,,0,NP3,"ALAMEDA DEL PRADO","POSADA DEL SOL",137.00,S,N,A,-,N,,,,,,,,,,N,2,0,2,3,A,-,01,23152,A,N,G,B,C,A,H,-,C,A,0,Y,,,,Y,Y,A,01,2,0,0,0,2,0,0,0,0,"- ","- ",38.06121826171875,-122.53353118896484,MARIN,NOVATO,-122.53328704833984,38.060737609863281
92800253,2024,2024-07-29,9350,2024-07-26,2248,023482,,5,3,4,2106,0,1,2,,1,080,"US-101 N/B","ATHERTON AVE",1848.00,N,N,A,-,Y,MRN,,101," ",R,22.320,H,,R,Y,2,0,2,2,A,-,03,22350,,N,C,C,A,A,D,-,C,D,0,,,,,Y,,A,07,1,1,0,0,0,0,0,0,0,"- ","- ",38.122470855712891,-122.56575775146484,MARIN,NOVATO,-122.56571960449219,38.122474670410156
9292045,2021,2021-09-01,2109,2021-07-05,2130,565,26,1,5,5,2109,0,0,0,,0,004,"IRWIN ST","3RD ST",88.00,S,N,A,-,N,,,101,,,,,,,N,2,0,1,1,A,-,03,22350,,N,E,I,A,A,H,-,C,D,0,,Y,,,Y,,L,04,1,0,0,0,0,0,1,0,0,"- ","- ",37.970470428466797,-122.52115631103516,MARIN,"SAN RAFAEL",-122.52170562744141,37.970367431640625
93066393,2024,2024-07-31,9350,2024-01-20,1645,021418,,6,2,4,2106,0,1,2,,2,070,"US-101 N/B","IGNACIO BLVD O/C",1943.00,S,N,B,C,Y,MRN,,101," "," ",17.635,H,,R,Y,1,1,0,1,A,-,01,23152,A,N,E,8,A,B,H,-,A,D,0,,,,,Y,Y,A,01,0,0,0,0,0,0,0,0,0,"- ","- ",38.0618896484375,-122.53325653076172,MARIN,NOVATO,-122.53335571289062,38.061836242675781
9308347,2021,2021-08-31,2108,2021-07-05,1804,102,3,1,5,3,2108,0,0,0,,0,003,"SIR FRANCIS DRAKE BL","SAN FRANCISCO BL",32.00,E,N,A,-,N,,,,,,,,,,N,2,0,1,2,A,-,03,22350,,N,C,C,A,A,H,-,A,A,0,,,Y,,Y,,C,02,1,0,0,0,0,0,0,0,1,"- ","- ",37.982349395751953,-122.56894683837891,MARIN,"SAN ANSELMO",-122.56883239746094,37.982276916503906
93182035,2024,2024-08-01,9350,2024-07-19,1120,022532,,5,1,9,2100,0,1,3,,1,052,SR-1,"TOMALES PETALUMA RD",5280.00,S,N,A,-,Y,MRN,,1," "," ",44.134,H,,R,N,2,0,1,2,A,-,05,21460,A,N,B,C,A,A,H,-,A,D,0,,,Y,,Y,,C,02,1,0,0,0,0,0,0,0,1,"- ","- ",38.228519439697266,-122.91616058349609,MARIN,UNINCORPORATED,-122.9161376953125,38.228511810302734
9326667,2021,2021-10-22,2106,2021-09-12,1703,424,N101,7,5,4,2106,0,0,0,,0,NP3,"NAVE DR","BOLLING DR",1060.00,S,N,A,-,N,,,,,,,,,,Y,2,0,1,2,A,-,05,21650,1,N,D,G,A,A,H,-,A,D,0,,Y,,,Y,,L,04,1,0,0,0,0,0,1,0,0,"- ","- ",38.051189422607422,-122.53096771240234,MARIN,NOVATO,-122.53130340576172,38.048320770263672
9351734,2021,2021-12-01,2109,2021-10-20,0729,646,26,3,5,5,2109,0,0,0,,0,002,"3RD ST","IRWIN ST",0.00,,Y,C,-,N,,,,,,,,,,N,2,0,2,2,A,-,12,21453,A,N,D,C,A,B,H,-,A,A,0,,,,,Y,,A,01,2,0,0,0,0,0,0,0,0,"- ","- ",37.971229553222656,-122.52095031738281,MARIN,"SAN RAFAEL",-122.52095794677734,37.97125244140625
9368069,2021,2021-12-18,2109,2021-11-10,1045,646,7,3,5,5,2109,0,0,0,,0,001,"E ST","4TH ST",0.00,,Y,A,-,N,,,,,,,,,,N,2,0,1,2,A,-,10,21950,A,N,G,B,B,A,H,-,A,A,0,Y,,,,Y,,D,22,1,0,0,0,1,0,0,0,0,"- ","- ",37.973640441894531,-122.53324890136719,MARIN,"SAN RAFAEL",-122.53327178955078,37.973663330078125
9370530,2021,2021-12-27,2109,2021-11-26,2056,659,16,5,5,5,2109,0,0,0,,0,002,"2ND ST","BROOKS ST",0.00,,Y,A,-,N,,,,,,,,,,N,2,0,1,2,A,-,08,22107,,N,B,C,A,A,H,-,C,D,0,,,,,Y,,A,01,1,0,0,0,0,0,0,0,0,"- ","- ",37.971168518066406,-122.52852630615234,MARIN,"SAN RAFAEL",-122.52772521972656,37.971080780029297
9378811,2021,2021-12-29,2109,2021-12-04,2322,638,26,6,5,5,2109,0,0,0,,0,004,"2ND ST","IRWIN ST",0.00,,Y,A,-,Y,MRN,4,101,-,-,10.676,R,4,N,N,2,0,1,2,A,-,08,22107,,N,H,G,A,A,H,-,C,A,0,,Y,,,Y,,A,01,1,0,0,0,0,0,1,0,0,"- ","- ",37.970470428466797,-122.52115631103516,MARIN,"SAN RAFAEL",-122.52027893066406,37.968490600585938
9380611,2021,2022-02-01,2103,2021-11-24,1940,174,DNTN,3,5,2,2103,0,0,0,,0,PAT,"SIR FRANCIS DRAKE BL","CLAUS DR",0.00,,Y,A,-,N,,,,,,,,,,N,2,0,1,2,A,-,11,21950,B,N,G,B,B,A,H,-,C,A,0,Y,,,,Y,Y,N,60,1,0,0,0,1,0,0,0,0,"- ","- ",37.987548828125,-122.58866882324219,MARIN,FAIRFAX,-122.58948516845703,37.987388610839844
9401840,2022,2022-02-22,2109,2022-01-31,1951,646,20,1,5,5,2109,0,0,0,,0,003,"FRANCISCO BL E","VERDI ST",520.00,W,N,A,-,N,,,,,,,,,,Y,2,0,1,2,A,-,00,23105,A,N,A,C,A,A,H,-,C,D,0,,,,,Y,,A,01,1,0,0,0,0,0,0,0,0,"- ","- ",37.96173095703125,-122.50694274902344,MARIN,"SAN RAFAEL",,
9416327,2022,2022-03-16,2106,2022-02-16,0833,412,,3,5,4,2106,0,0,0,,0,NP3,"SUNSET PKWY","MERRITT DR",14.00,N,N,-,-,N,,,,,,,,,,N,2,0,1,3,A,-,09,21804,A,N,D,G,A,A,H,-,A,D,0,,Y,,,Y,,A,01,1,0,0,0,0,0,1,0,0,"- ","- ",38.074981689453125,-122.56941223144531,MARIN,NOVATO,-122.5682373046875,38.075736999511719
9416545,2022,2022-03-21,2109,2022-02-28,1843,622,19,1,5,5,2109,0,0,0,,0,003,"CANAL ST","FAIRFAX ST",116.00,E,N,A,-,N,,,,,,,,,,N,2,0,1,2,A,-,03,22350,,F,G,B,D,A,H,-,C,D,0,Y,,,,Y,,A,01,1,0,0,0,1,0,0,0,0,"- ","- ",37.961200714111328,-122.50435638427734,MARIN,"SAN RAFAEL",-122.50428009033203,37.966510772705078
94354106,2024,2024-08-14,9350,2024-08-08,1435,022468,,4,2,9,2100,0,3,5,,2,002,"SIR FRANCIS DRAKE BLVD","CHIMNEY ROCK RD",3590.00,W,N,A,-,N,,,,,,,,,,N,2,0,1,1,A,-,03,22350,,N,F,A,A,A,G,-,A,D,0,,,Y,,Y,,C,02,1,0,0,0,0,0,0,0,1,"- ","- ",37.997138977050781,-123.00730895996094,MARIN,UNINCORPORATED,-123.00624847412109,37.997043609619141
9436751,2022,2022-05-17,2106,2022-04-24,1249,485,,7,5,4,2106,0,0,0,,0,,"OLIVE AV","RAILROAD AV",50.00,W,N,A,-,N,,,,,,,,,,N,2,0,1,1,A,-,03,22350,,N,F,A,A,A,H,-,A,D,0,,,Y,,Y,,C,02,1,0,0,0,0,0,0,0,1,"- ","- ",38.109901428222656,-122.56620025634766,MARIN,NOVATO,-122.56617736816406,38.110687255859375
94376621,2024,2024-08-30,9350,2024-08-13,1755,024001,,2,2,4,2106,0,1,2,,1,080,"US-101 NORTHBOUND","ATHERTON AVE OVERCROSSING",3221.00,N,N,A,-,Y,MRN,,101," ",R,22.584,H,,R,N,2,0,1,4,A,-,08,22107,,F,B,C,A,A,H,-,A,D,0,,,Y,,Y,,A,01,1,0,0,0,0,0,0,0,1,"- ","- ",38.126411437988281,-122.56559753417969,MARIN,NOVATO,-122.56553649902344,38.126396179199219
94377573,2024,2024-08-30,9350,2024-08-22,1235,022532,,4,1,9,2100,0,1,2,,2,050,"US-101 N/B","RT 580",1900.00,S,N,A,-,Y,MRN,,101," "," ",9.618,H,,R,N,2,0,1,2,A,-,08,22107,,N,B,C,A,A,H,-,A,D,0,,,,,Y,,M,94,1,0,0,0,0,0,0,0,0,"- ","- ",37.956890106201172,-122.50872039794922,MARIN,UNINCORPORATED,-122.50876617431641,37.956886291503906
94377648,2024,2024-08-30,9350,2024-08-22,"224 ",023068,,4,3,4,2106,0,1,2,,1,080,"US-101 NB TO S. NOVATO BLVD","SR-37 WESTBOUND O/C",365.00,N,N,A,-,Y,MRN,,101," "," ",19.118,H,,R,Y,2,0,1,1,A,-,01,23152,A,N,E,8,A,A,H,-,C,D,0,,,,,Y,Y,A,01,1,0,0,0,0,0,0,0,0,"- ","- ",38.080600738525391,-122.54627227783203,MARIN,NOVATO,-122.5465087890625,38.0804443359375
94379304,2024,2024-09-03,9350,2024-08-25,1157,022532,,7,1,9,2100,0,1,3,,1,052,SR-1,"SNAKE RD",12144.00,S,N,A,-,Y,MRN,,1," "," ",42.149,H,,R,Y,2,0,1,1,A,-,03,22350,,N,F,A,A,A,H,-,A,D,0,,,Y,,Y,,C,02,1,0,0,0,0,0,0,0,1,"- ","- ",38.205410003662109,-122.92231750488281,MARIN,UNINCORPORATED,-122.92233276367188,38.205390930175781
94402878,2024,2024-09-20,9350,2024-09-15,2200,022578,,7,3,9,2100,0,2,4,,2,025,"N. SAN PEDRO ROAD","WASHINGTON AVENUE",32.00,W,N,A,-,N,,,,,,,,,,Y,2,0,1,2,A,-,17,21200,,N,E,E,A,A,H,-,D,D,0,,Y,,,Y,Y,L,04,1,0,0,0,0,0,1,0,0,"- ","- ",37.998661041259766,-122.52606201171875,MARIN,UNINCORPORATED,-122.52595520019531,37.998645782470703
94415169,2024,2024-10-01,9360,2024-09-14,1422,021195,,6,2,9,2100,0,3,5,,2,007,"TOMALES-PETALUMA ROAD","ALEXANDER RD",1584.00,E,N,A,-,N,,,,,,,,,,Y,2,0,7,3,A,-,01,23152,A,N,C,G,A,A,H,-,A,D,0,,Y,,,Y,Y,A,01,3,3,1,0,0,0,1,0,0,"- ","- ",38.254421234130859,-122.83042907714844,MARIN,UNINCORPORATED,-122.83334350585938,38.254062652587891
94426850,2024,2024-10-10,9350,2024-10-02,1010,017691,,3,1,4,2106,0,1,2,,1,080,"US 101 N/B","DE LONG OC.",1418.00,S,N,A,-,Y,MRN,,101," ",R,20.836,H,,R,Y,2,0,1,2,A,-,03,22350,,N,C,C,A,A,H,-,A,D,0,,,Y,Y,Y,,C,02,1,0,0,0,0,0,0,0,1,"- ","- ",38.101039886474609,-122.56149291992188,MARIN,NOVATO,-122.56150054931641,38.101039886474609
94449120,2024,2024-10-29,9350,2024-10-18,1435,024084,,5,2,9,2100,0,1,3,,1,052,SR-1,"POINT REYES-PETALUMA RD",47.00,N,N,A,-,Y,MRN,,1," "," ",29.339,H,,R,Y,2,0,1,1,A,-,03,22350,,N,E,I,A,A,H,-,A,D,0,,,Y,,Y,,C,02,1,0,0,0,0,0,0,0,1,"- ","- ",38.073490142822266,-122.80136108398438,MARIN,UNINCORPORATED,-122.80142974853516,38.073482513427734
94453046,2024,2024-10-31,9350,2024-10-15,1539,023526,,2,2,9,2100,0,1,2,,2,050,"US-101 S/B",SR-131,1045.00,N,N,A,-,Y,MRN,,101," "," ",5.899,H,,L,N,2,0,1,1,C,-,18,,,N,H,A,A,A,H,-,A,D,0,,,,,Y,,-,"- ",1,0,0,0,0,0,0,0,0,"- ","- ",37.905731201171875,-122.51554870605469,MARIN,UNINCORPORATED,-122.51541137695312,37.905704498291016
94455344,2024,2024-11-01,9350,2024-10-06,1505,024074,,7,2,5,2109,0,1,2,,1,060,"US 101 NB","MERRYDALE ROAD OVERCROSSING",1607.00,S,N,A,-,Y,MRN,,101," "," ",13.117,H,,L,Y,2,0,3,1,A,-,08,22107,,F,E,I,A,A,H,-,A,D,0,,,,,Y,,D,22,1,0,2,0,0,0,0,0,0,"- ","- ",37.999488830566406,-122.53608703613281,MARIN,"SAN RAFAEL",-122.53620147705078,37.999439239501953
94468584,2024,2024-11-13,9350,2024-07-12,1812,021418,,5,2,9,2100,0,1,3,,1,052,SR-1,"TOMALES PETALUMA ROAD",9451.00,S,N,A,-,Y,MRN,,1," "," ",43.487,H,,R,Y,1,1,0,2,A,-,05,21460,A,N,B,C,A,A,H,-,A,D,0,,,Y,,Y,,C,02,0,0,0,0,0,0,0,1,0,"- ","- ",38.221458435058594,-122.9219970703125,MARIN,UNINCORPORATED,-122.92198944091797,38.221450805664062
94471747,2024,2024-11-15,9350,2024-11-10,1300,024098,,7,1,9,2100,0,2,4,,1,044,"SIR FRANCIS DRAKE BLVD","AREQUIPA FIRE ROAD",5.00,E,N,A,-,N,,,,,,,,,,N,2,0,1,1,A,-,08,22107,,N,F,A,A,A,H,-,A,D,0,,Y,,,Y,,L,04,1,0,0,0,0,0,1,0,0,"- ","- ",38.004051208496094,-122.61437225341797,MARIN,UNINCORPORATED,,
9447565,2022,2022-09-28,2109,2022-09-19,0834,649,3,1,5,5,2109,0,0,0,,0,001,"5TH AV","SIRARD LN",120.00,E,N,A,-,N,,,,,,,,,,N,2,0,1,2,A,-,11,21950,B,N,G,B,D,A,H,-,A,D,0,Y,,,,Y,,N,60,1,0,0,0,1,0,0,0,0,"- ","- ",37.9833984375,-122.55046844482422,MARIN,"SAN RAFAEL",-122.55054473876953,37.983631134033203
94484795,2024,2024-11-26,9350,2024-11-21,1240,022577,,4,1,9,2100,0,1,2,,2,070,"US-101 NORTHBOUND","MILLER CREEK RD",0.29,N,N,B,C,Y,MRN,,101," "," ",15.860,H,,R,N,2,0,2,1,A,-,03,22350,,N,F,A,A,B,H,-,A,D,0,,,,,Y,,-,"- ",1,1,0,0,0,0,0,0,0,"- ","- ",38.037708282470703,-122.53620147705078,MARIN,UNINCORPORATED,-122.53636169433594,38.037693023681641
94498066,2024,2024-12-13,9350,2024-11-25,"15  ",023802,,1,3,9,2100,0,2,4,,2,025,"N SAN PEDRO ROAD","BISCAYNE DR",3616.00,N,N,A,-,N,,,,,,,,,,Y,2,0,1,1,A,-,03,22350,,N,F,I,A,A,H,-,D,D,0,,,,,Y,,A,07,1,0,0,0,0,0,0,0,0,"- ","- ",38.003269195556641,-122.46530151367188,MARIN,UNINCORPORATED,,
94504113,2024,2024-12-16,9350,2024-12-08,"55  ",023716,,7,3,9,2100,0,3,5,,2,006,"INDIAN VALLEY RD","OLD RANCH RD",425.00,W,N,A,-,N,,,,,,,,,,Y,2,0,1,2,A,-,08,22107,,N,F,A,A,A,H,-,D,D,0,,,,,Y,,A,07,1,0,0,0,0,0,0,0,0,"- ","- ",38.088649749755859,-122.59181976318359,MARIN,UNINCORPORATED,-122.59120941162109,38.087574005126953
9450924,2022,2022-06-15,2102,2022-05-21,2248,135,2A,6,5,2,2102,0,0,0,,0,001,"CORTE MADERA AV","BAHR LN",110.00,S,N,A,-,N,,,,,,,,,,Y,2,0,3,2,A,-,08,22107,,N,D,C,A,A,H,-,C,D,0,,,Y,,Y,Y,A,01,2,1,0,0,0,0,0,0,2,"- ","- ",,,MARIN,"CORTE MADERA",-122.53160095214844,37.927486419677734
94532736,2024,2025-01-10,9350,2024-12-30,1650,023731,,1,2,9,2100,0,1,3,,2,022,SR-1,"SEACAPE DRIVE",6336.00,N,N,A,-,Y,MRN,,1," "," ",8.588,H,,R,N,2,0,3,1,A,-,03,22350,,N,E,I,A,B,H,-,B,D,0,,,,,Y,,A,07,1,2,0,0,0,0,0,0,0,"- ","- ",37.878391265869141,-122.60015869140625,MARIN,UNINCORPORATED,-122.60018920898438,37.878387451171875
94537085,2025,2025-01-14,9350,2025-01-09,"815 ",024065,,4,1,4,2106,0,1,3,,2,037,"US 101 S/B FROM SR-37 W/B","S. NOVATO BLVD O/C",1111.00,S,N,A,-,Y,MRN,,101," "," ",18.733,H,,L,N,2,0,1,2,A,-,03,22350,,N,C,C,A,A,H,-,A,D,0,,,Y,,Y,,D,22,1,0,0,0,0,0,0,0,1,"- ","- ",38.075740814208984,-122.54258728027344,MARIN,NOVATO,-122.54233551025391,38.075859069824219
94606620,2024,2025-03-18,9350,2024-07-07,1410,022395,,7,2,9,2100,0,3,5,,2,002,"SIR FRANCIS DRAKE BLVD","OYSTER RD.",3010.00,E,N,A,-,N,,,,,,,,,,Y,1,1,0,2,A,-,05,21460,A,N,A,C,A,A,H,-,A,D,0,,,Y,,Y,,C,02,0,0,0,0,0,0,0,1,0,"- ","- ",38.092861175537109,-122.91793060302734,MARIN,UNINCORPORATED,,
94634328,2025,2025-04-02,9350,2025-03-23,1020,022532,,7,1,9,2100,0,1,3,,1,052,SR-1,"SNAKE RD",12144.00,S,N,A,-,Y,MRN,,1," "," ",42.156,H,,R,N,2,0,1,1,A,-,08,22107,,M,F,A,A,A,H,-,A,D,0,,,Y,,Y,,C,02,1,0,0,0,0,0,0,0,1,"- ","- ",38.205459594726562,-122.92246246337891,MARIN,UNINCORPORATED,-122.92246246337891,38.205436706542969
9470717,2023,2023-10-09,2102,2023-08-27,1318,138,2,7,5,2,2102,0,0,0,,0,001,"PARADISE DR","PRINCE ROYAL DR",0.00,,Y,A,-,N,,,,,,,,,,N,2,0,1,1,A,-,08,22107,,N,E,I,A,A,H,-,A,D,0,,Y,,,Y,,L,04,1,0,0,0,0,0,1,0,0,"- ","- ",37.919219970703125,-122.50285339355469,MARIN,"CORTE MADERA",-122.50277709960938,37.919170379638672
94715245,2025,2025-06-05,9350,2025-05-16,1537,023669,,5,2,9,2100,0,3,5,,2,004,"JULIA AVE","MORNING SUN AVE",76.00,S,N,A,-,N,,,,,,,,,,N,2,0,2,1,C,-,18,,,N,H,A,A,A,H,-,A,D,0,,Y,,,Y,,-,"- ",1,1,0,0,0,0,2,0,0,"- ","- ",37.886329650878906,-122.52651977539062,MARIN,UNINCORPORATED,-122.5264892578125,37.886367797851562
94725143,2025,2025-06-13,9350,2025-05-14,2049,024306,,3,2,2,2110,0,1,2,,1,030,"US-101 SB TO SPENCER AVENUE","SPENCER AVENUE UNDERCROSSING",240.00,N,N,A,-,Y,MRN,,101," "," ",1.736,H,,L,Y,2,0,2,1,A,-,01,23152,A,F,E,I,A,A,H,-,C,D,0,,,,,Y,Y,A,01,2,0,0,0,0,0,0,0,0,"- ","- ",37.853408813476562,-122.49324798583984,MARIN,SAUSALITO,-122.49301910400391,37.853492736816406
94731850,2025,2025-06-19,9350,2025-06-08,1945,024036,,7,2,9,2100,0,2,4,,2,026,"NOVATO BLVD","INDIAN VALLEY",1000.00,W,N,A,-,Y,,,,,,,,,,Y,2,0,2,1,A,-,01,23152,A,N,F,A,A,A,H,-,A,D,0,,,,,Y,Y,A,07,1,1,0,0,0,0,0,0,0,"- ","- ",38.119159698486328,-122.63887023925781,MARIN,UNINCORPORATED,,
9474531,2022,2022-07-06,2109,2022-06-18,2311,659,7,6,5,5,2109,0,0,0,,0,001,"2ND ST","EAST ST",75.00,E,N,A,-,N,,,,,,,,,,N,2,0,1,1,A,-,03,22350,,N,E,J,A,A,D,-,C,B,0,,,Y,,Y,Y,C,02,1,0,0,0,0,0,0,0,1,"- ","- ",37.973850250244141,-122.54042053222656,MARIN,"SAN RAFAEL",-122.5389404296875,37.973255157470703
9478185,2022,2022-08-01,2109,2022-07-08,1507,592,8,5,5,5,2109,0,0,0,,0,001,"2ND ST","WEST ST",0.00,,Y,A,-,N,,,,,,,,,,N,2,0,1,2,A,-,09,21801,A,N,D,G,A,A,D,-,A,A,0,,,,,Y,,A,01,1,0,0,0,0,0,0,0,0,"- ","- ",37.974140167236328,-122.53556823730469,MARIN,"SAN RAFAEL",-122.54048919677734,37.9737548828125
9479470,2022,2022-08-18,2106,2022-07-17,1924,409,N101,7,5,4,2106,0,0,0,,0,NP1,"SAN MARIN DR","SIMMONS LN",238.00,W,N,A,-,N,,,,,,,,,,Y,2,0,1,1,A,-,08,22107,,N,H,J,A,A,H,-,A,D,0,,,Y,,Y,,C,02,1,0,0,0,0,0,0,0,1,"- ","- ",38.121170043945312,-122.58467102050781,MARIN,NOVATO,-122.58549499511719,38.121925354003906
94826074,2025,2025-09-02,9350,2025-04-18,1925,021075,,5,2,9,2100,0,3,5,,2,004,"SAN GERONIMO VALLEY DRIVE","SIR FRANCIS DRAKE BLVD",2630.00,W,N,A,-,N,,,,,,,,,,Y,1,4,2,1,A,-,08,22107,,N,E,I,A,A,H,-,A,D,0,,,,,Y,,A,07,1,1,0,0,0,0,0,0,0,"- ","- ",38.014820098876953,-122.63668823242188,MARIN,UNINCORPORATED,-122.67015838623047,38.015228271484375
9484931,2022,2022-08-26,2109,2022-08-12,1657,651,16,5,5,5,2109,0,0,0,,0,002,"LINCOLN AV","3RD ST",0.00,,Y,A,-,N,,,,,,,,,,Y,2,0,1,2,A,-,08,22107,,F,C,C,A,A,H,-,A,A,0,,,Y,,Y,,A,01,1,0,0,0,0,0,0,0,1,"- ","- ",37.971790313720703,-122.52422332763672,MARIN,"SAN RAFAEL",-122.52407836914062,37.971656799316406
9491472,2022,2022-09-20,2104,2022-08-05,1435,026,1B,5,5,3,2104,0,0,0,,0,002,"SIR FRANCIS DRAKE BL","DEL MONTE",159.00,E,N,A,-,N,,,,,,,,,,Y,2,0,1,2,A,-,03,22350,,N,C,C,A,A,H,-,A,D,0,,,,,Y,,A,01,1,0,0,0,0,0,0,0,0,"- ","- ",37.944869995117188,-122.51862335205078,MARIN,LARKSPUR,-122.51815795898438,37.944683074951172
9491488,2022,2022-09-14,2108,2022-08-17,0935,026,3,3,5,3,2108,0,0,0,,0,003,"ROSS AV","JONES ST",100.00,E,N,A,-,N,,,,,,,,,,N,2,0,1,2,A,-,11,21950,B,N,G,B,D,A,H,-,A,D,0,Y,,,,Y,,N,60,1,0,0,0,1,0,0,0,0,"- ","- ",37.971981048583984,-122.56504058837891,MARIN,"SAN ANSELMO",-122.56501007080078,37.971523284912109
9492920,2022,2022-09-12,2106,2022-08-04,1154,494,,4,5,4,2106,0,0,0,,0,,"TOPAZ DR","ANDALE AV",110.00,N,N,A,-,N,,,,,,,,,,N,2,0,1,1,C,-,18,,,N,H,A,A,A,H,-,A,D,0,,Y,,,Y,,-,"- ",1,0,0,0,0,0,1,0,0,"- ","- ",38.120368957519531,-122.52703857421875,MARIN,NOVATO,-122.52740478515625,38.121978759765625
9493670,2022,2022-10-18,2103,2022-07-01,1426,168,BOLIN,5,5,2,2103,0,0,0,,0,PAT,"BOLINAS RD","PORTEOUS AV",0.00,,Y,A,-,N,,,,,,,,,,N,2,0,2,3,A,-,05,21460,A,N,E,J,A,A,H,-,A,D,0,,Y,,,Y,,A,01,1,1,0,0,0,0,2,0,0,"- ","- ",37.980659484863281,-122.59397125244141,MARIN,FAIRFAX,-122.59292602539062,37.981269836425781
9501004,2022,2022-10-14,2104,2022-07-29,1217,111,1,5,5,3,2104,0,0,0,,0,002,"DOHERTY DR","ROSE LN",6.00,E,N,A,-,N,,,,,,,,,,N,2,0,1,2,A,-,09,21804,A,N,H,G,A,A,H,-,A,A,0,,Y,,,Y,,A,01,1,0,0,0,0,0,1,0,0,"- ","- ",37.938209533691406,-122.53311920166016,MARIN,LARKSPUR,-122.53314208984375,37.938217163085938
9501349,2022,2022-10-19,2108,2022-09-01,2015,076,3,4,5,3,2108,0,0,0,,0,003,"BUTTERFIELD RD","CARLSON AV",0.00,,Y,A,-,N,,,,,,,,,,N,2,0,2,3,A,-,09,21801,A,N,D,C,A,A,H,-,B,D,0,,Y,,,Y,Y,A,01,1,1,0,0,0,0,2,0,0,"- ","- ",37.993518829345703,-122.57714080810547,MARIN,"SAN ANSELMO",-122.57677459716797,37.993400573730469