CASE_ID,ACCIDENT_YEAR,PROC_DATE,JURIS,COLLISION_DATE,COLLISION_TIME,OFFICER_ID,REPORTING_DISTRICT,DAY_OF_WEEK,CHP_SHIFT,POPULATION,CNTY_CITY_LOC,SPECIAL_COND,BEAT_TYPE,CHP_BEAT_TYPE,CITY_DIVISION_LAPD,CHP_BEAT_CLASS,BEAT_NUMBER,PRIMARY_RD,SECONDARY_RD,DISTANCE,DIRECTION,INTERSECTION,WEATHER_1,WEATHER_2,STATE_HWY_IND,CALTRANS_COUNTY,CALTRANS_DISTRICT,STATE_ROUTE,ROUTE_SUFFIX,POSTMILE_PREFIX,POSTMILE,LOCATION_TYPE,RAMP_INTERSECTION,SIDE_OF_HWY,TOW_AWAY,COLLISION_SEVERITY,NUMBER_KILLED,NUMBER_INJURED,PARTY_COUNT,PRIMARY_COLL_FACTOR,PCF_CODE_OF_VIOL,PCF_VIOL_CATEGORY,PCF_VIOLATION,PCF_VIOL_SUBSECTION,HIT_AND_RUN,TYPE_OF_COLLISION,MVIW,PED_ACTION,ROAD_SURFACE,ROAD_COND_1,ROAD_COND_2,LIGHTING,CONTROL_DEVICE,CHP_ROAD_TYPE,PEDESTRIAN_ACCIDENT,BICYCLE_ACCIDENT,MOTORCYCLE_ACCIDENT,TRUCK_ACCIDENT,NOT_PRIVATE_PROPERTY,ALCOHOL_INVOLVED,STWD_VEHTYPE_AT_FAULT,CHP_VEHTYPE_AT_FAULT,COUNT_SEVERE_INJ,COUNT_VISIBLE_INJ,COUNT_COMPLAINT_PAIN,COUNT_PED_KILLED,COUNT_PED_INJURED,COUNT_BICYCLIST_KILLED,COUNT_BICYCLIST_INJURED,COUNT_MC_KILLED,COUNT_MC_INJURED,PRIMARY_RAMP,SECONDARY_RAMP,LATITUDE,LONGITUDE,COUNTY,CITY,POINT_X,POINT_Y
9502838,2022,2022-09-19,2109,2022-09-02,0936,652,17,5,5,5,2109,0,0,0,,0,002,"IRWIN ST","4TH ST",0.00,,Y,A,-,N,,,,,,,,,,N,2,0,1,2,A,-,10,21950,A,N,G,B,B,A,H,-,A,A,0,Y,,,,Y,,A,01,1,0,0,0,1,0,0,0,0,"- ","- ",37.972541809082031,-122.52088928222656,MARIN,"SAN RAFAEL",-122.52068328857422,37.972206115722656
9509642,2022,2022-12-13,2109,2022-11-01,1842,13,13,2,5,5,2109,0,0,0,,0,002,"LINCOLN AV","PALOMA AV",54.00,S,N,A,-,N,,,,,,,,,,Y,2,0,1,2,A,-,01,23152,A,N,A,E,A,A,H,-,C,D,0,,,,,Y,Y,A,01,1,0,0,0,0,0,0,0,0,"- ","- ",37.977859497070312,-122.52217102050781,MARIN,"SAN RAFAEL",-122.52224731445312,37.977687835693359
9512419,2022,2022-11-08,2106,2022-10-03,0800,424,,1,5,4,2106,0,0,0,,0,,"ARTHUR ST","TYLER ST",3.00,E,N,A,-,N,,,,,,,,,,N,2,0,1,2,A,-,10,21950,A,N,G,B,B,A,H,-,A,D,0,Y,,,,Y,,A,01,1,0,0,0,1,0,0,0,0,"- ","- ",38.092079162597656,-122.57585906982422,MARIN,NOVATO,-122.57559204101562,38.092002868652344
9520801,2023,2023-08-09,2109,2023-04-04,1230,654,41,2,5,5,2109,0,0,0,,0,003,"BELLAM BL","ANDERSEN DR",341.00,N,N,A,-,N,,,,,,,,,,Y,1,1,0,2,A,-,09,21801,A,N,D,C,A,A,H,-,A,D,0,,,Y,,Y,,A,01,0,0,0,0,0,0,0,1,0,"- ","- ",37.95880126953125,-122.50666046142578,MARIN,"SAN RAFAEL",-122.50745391845703,37.958663940429688
9520818,2023,2024-02-28,2106,2023-05-12,1350,378,N301,5,5,4,2106,0,0,0,,0,NP3,"PERIMETER RD","CALIENTE REAL",0.00,,Y,A,-,N,,,,,,,,,,N,2,0,1,1,B,-,22,,,N,H,J,A,A,C,-,A,D,0,,Y,,,Y,,L,04,1,0,0,0,0,0,1,0,0,"- ","- ",38.049541473388672,-122.51104736328125,MARIN,NOVATO,,
9534222,2023,2023-02-17,2109,2023-01-19,"559 ",623,26,4,5,5,2109,0,0,0,,0,004,"4TH ST","IRWIN ST",0.00,,Y,A,-,N,,,,,,,,,,N,2,0,1,2,A,-,10,21950,A,F,G,B,B,A,H,-,D,A,0,Y,,,,Y,,A,01,1,0,0,0,1,0,0,0,0,"- ","- ",37.972209930419922,-122.52066802978516,MARIN,"SAN RAFAEL",-122.52068328857422,37.972206115722656
9537000,2022,2022-12-12,2108,2022-10-18,1508,026,3,2,5,3,2108,0,0,0,,0,003,"SCENIC AV","HUMBOLT ST",194.00,W,N,A,-,N,,,,,,,,,,Y,2,0,1,1,C,-,18,,,N,E,I,A,A,H,-,A,D,0,,,,,Y,,-,"- ",1,0,0,0,0,0,0,0,0,"- ","- ",,,MARIN,"SAN ANSELMO",-122.57843780517578,37.980030059814453
9537605,2022,2023-01-31,2109,2022-12-12,1851,648,16,1,5,5,2109,0,0,0,,0,002,"2ND ST","B ST",60.00,E,N,A,-,N,,,,,,,,,,N,2,0,1,2,A,-,05,21650,,N,A,G,A,B,H,-,C,D,0,,Y,,,Y,Y,L,04,1,0,0,0,0,0,1,0,0,"- ","- ",37.971511840820312,-122.52902984619141,MARIN,"SAN RAFAEL",-122.52960968017578,37.971290588378906
9539023,2022,2023-01-24,2108,2022-12-11,1407,0800,3,7,5,3,2108,0,0,0,,0,003,"BROADMOOR AV","MEADOWCROFT DR",0.00,,Y,C,-,N,,,,,,,,,,N,2,0,1,2,A,-,12,22450,A,N,H,G,A,B,H,-,A,A,0,,Y,,,Y,,L,04,1,0,0,0,0,0,1,0,0,"- ","- ",37.987369537353516,-122.57433319091797,MARIN,"SAN ANSELMO",-122.57428741455078,37.987354278564453
9539877,2022,2023-02-02,2106,2022-12-05,1804,483,N429,1,5,4,2106,0,0,0,,0,NP4,"DE LONG AV","REDWOOD BL",120.00,E,N,B,C,N,,,,,,,,,,Y,2,0,3,3,C,-,18,,,N,G,B,F,B,H,-,C,D,0,Y,,,,Y,,-,"- ",2,1,0,0,2,0,0,0,0,"- ","- ",38.104900360107422,-122.57077026367188,MARIN,NOVATO,-122.57056427001953,38.105064392089844
9545869,2023,2023-03-04,2102,2023-01-03,1645,082,2,2,5,2,2102,0,0,0,,0,001,"PARADISE DR","PRINCE ROYAL PSE",0.00,,Y,B,-,N,,,,,,,,,,N,2,0,1,2,A,-,09,21801,A,N,H,G,A,-,H,-,A,D,0,,Y,,,Y,,A,01,1,0,0,0,0,0,1,0,0,"- ","- ",37.919219970703125,-122.50285339355469,MARIN,"CORTE MADERA",-122.50277709960938,37.919170379638672
9554671,2023,2023-03-20,2106,2023-02-08,2155,464,N137,3,5,4,2106,0,0,0,,0,NP1,"SAN MARIN DR","REDWOOD BL",0.00,,Y,A,-,N,,,,,,,,,,Y,2,0,1,1,A,-,01,23152,A,N,E,I,A,A,H,-,C,A,0,,,Y,,Y,Y,C,02,1,0,0,0,0,0,0,0,1,"- ","- ",38.118049621582031,-122.56716156005859,MARIN,NOVATO,-122.56702423095703,38.118328094482422
9559083,2023,2023-03-30,2109,2023-02-23,2015,659,21,4,5,5,2109,0,0,0,,0,003,"CAPRI CT","CANAL ST",0.00,,Y,C,-,N,,,,,,,,,,N,1,1,1,3,A,-,08,22107,,N,C,C,A,B,H,-,C,D,0,,,,,Y,Y,A,01,0,1,0,0,0,0,0,0,0,"- ","- ",37.967498779296875,-122.50267791748047,MARIN,"SAN RAFAEL",-122.50225830078125,37.967426300048828
9563323,2023,2023-05-01,2109,2023-03-18,1030,566,7,6,5,5,2109,0,0,0,,0,001,"3RD AV","C ST",0.00,,Y,B,-,N,,,,,,,,,,Y,2,0,2,2,A,-,12,21453,A,N,A,C,A,A,H,-,A,A,0,,,,,Y,,A,07,1,1,0,0,0,0,0,0,0,"- ","- ",37.972419738769531,-122.5308837890625,MARIN,"SAN RAFAEL",-122.53089141845703,37.972412109375
9567850,2023,2023-06-13,2103,2023-05-22,1340,167,DNTN,1,5,2,2103,0,0,0,,0,PST,"SIR FRANCIS DRAKE BL","MARINDA DR",0.00,,Y,A,-,N,,,,,,,,,,N,2,0,1,2,A,-,08,22107,,N,D,C,A,A,H,-,A,D,0,,,Y,,Y,,A,01,1,0,0,0,0,0,0,0,1,"- ","- ",37.990161895751953,-122.59272003173828,MARIN,FAIRFAX,-122.59191131591797,37.990585327148438
9567903,2023,2023-06-05,2103,2023-03-26,"321 ",171,OLEMA,7,5,2,2103,0,0,0,,0,PAT,"MANOR RD","MARIN RD",273.00,E,N,A,-,N,,,,,,,,,,Y,2,0,1,4,A,-,01,23152,A,N,B,E,A,A,H,-,B,D,0,,,,,Y,Y,A,01,1,0,0,0,0,0,0,0,0,"- ","- ",37.992660522460938,-122.59435272216797,MARIN,FAIRFAX,-122.59474945068359,37.993324279785156
9571752,2023,2023-05-11,2109,2023-04-13,"732 ",674,17,4,5,5,2109,0,0,0,,0,002,"SECOND ST","TAMALPAIS AV",0.00,,Y,A,-,N,,,,,,,,,,N,2,0,1,2,A,-,10,21950,,N,G,B,B,A,H,-,A,A,0,Y,,,,Y,,D,73,1,0,0,0,1,0,0,0,0,"- ","- ",37.970680236816406,-122.52339172363281,MARIN,"SAN RAFAEL",-122.52340698242188,37.970668792724609
9579650,2023,2023-05-22,2106,2023-04-25,1718,482,N419,2,5,4,2106,0,0,0,,0,NP4,"NAVE CT","SOUTH NOVATO BL",5.00,E,N,A,-,N,,,,,,,,,,N,2,0,1,2,A,-,09,21802,A,N,H,C,A,A,H,-,A,D,0,,,,,Y,,I,11,1,0,0,0,0,0,0,0,0,"- ","- ",38.100540161132812,-122.57250213623047,MARIN,NOVATO,-122.57207489013672,38.101203918457031
9581306,2023,2023-06-20,2109,2023-04-21,2334,635,30,5,5,5,2109,0,0,0,,0,004,"POINT SAN PEDRO","MANDERLY DR",100.00,E,N,A,-,N,,,,,,,,,,Y,2,0,1,1,A,-,03,22350,,N,A,I,A,A,H,-,C,D,0,,,,,Y,,A,01,1,0,0,0,0,0,0,0,0,"- ","- ",37.975139617919922,-121.49008941650391,MARIN,"SAN RAFAEL",-122.48974609375,37.975055694580078
9588671,2023,2023-06-13,2110,2023-05-17,1811,SP5236,10000,3,5,2,2110,0,0,0,,0,SP1,BRIDGEWAY,"BRIDGEWAY 300",45.00,W,N,A,-,N,,,,,,,,,,N,2,0,2,2,A,-,03,22350,,N,G,B,D,A,H,-,A,D,0,Y,Y,,,Y,,L,04,1,1,0,0,1,0,1,0,0,"- ","- ",,,MARIN,SAUSALITO,-122.50581359863281,37.872505187988281
9590164,2023,2023-06-15,2104,2023-03-16,2500,157,1,4,5,3,2104,0,0,0,,0,002,"MAGNOLIA AV","BON AIR RD",150.00,W,N,B,-,N,,,,,,,,,,N,2,0,1,2,A,-,08,22107,,F,H,G,A,A,H,-,A,D,0,,Y,,,Y,,L,04,1,0,0,0,0,0,1,0,0,"- ","- ",37.943038940429688,-122.54038238525391,MARIN,LARKSPUR,-122.54067993164062,37.943351745605469
9592962,2023,2023-07-06,2110,2023-06-18,"205 ",SP5272,10000,7,5,2,2110,0,0,0,,0,SP2,BRIDGEWAY,"SPRING ST",0.00,,Y,A,-,N,,,,,,,,,,Y,2,0,1,1,A,-,03,22350,,N,E,I,A,A,H,-,D,A,0,,,,,Y,Y,-,,1,0,0,0,0,0,0,0,0,"- ","- ",,,MARIN,SAUSALITO,-122.49473571777344,37.862071990966797
9596307,2023,2023-10-03,2109,2023-06-23,1626,605,57,5,5,5,2109,0,0,0,,0,005,"MERRYDALE RD","WILLOW AV",0.00,,Y,A,-,N,,,,,,,,,,Y,2,0,2,2,A,-,01,23153,A,N,D,C,A,A,H,-,A,D,0,,,,Y,Y,Y,A,01,1,1,0,0,0,0,0,0,0,"- ","- ",37.996208190917969,-122.5355224609375,MARIN,"SAN RAFAEL",-122.53553009033203,37.996189117431641
9604894,2023,2024-02-21,2104,2023-12-21,"745 ",PA23-020,1C,4,5,3,2104,0,0,0,,0,002,"RT 101","DEL MONTE",815.00,S,N,A,-,Y,,,,,,,,,,N,2,0,2,2,A,-,03,22350,,F,G,B,E,A,H,-,A,D,0,Y,Y,,,Y,Y,L,04,1,1,0,0,1,0,1,0,0,"- ","- ",37.94525146484375,-122.51532745361328,MARIN,LARKSPUR,-122.51479339599609,37.945041656494141
9604909,2023,2024-01-22,2108,2023-11-28,"949 ",026,3,2,5,3,2108,0,0,0,,0,003,"AUSTIN AV","VINEYARD AV",0.00,,Y,A,-,N,,,,,,,,,,N,2,0,2,3,A,-,10,21950,A,N,G,B,B,A,H,-,A,D,0,Y,,,,Y,,I,09,2,0,0,0,2,0,0,0,0,"- ","- ",37.969200134277344,-122.56832885742188,MARIN,"SAN ANSELMO",-122.56848907470703,37.968917846679688
9608805,2023,2023-08-21,2106,2023-04-19,"624 ",442,,3,5,4,2106,0,0,0,,0,NP3,"BOLLING DR","MARIN VALLEY DR",0.00,,Y,-,-,N,,,,,,,,,,N,2,0,1,2,A,-,11,21950,B,N,G,B,D,A,H,-,B,A,0,Y,,,,Y,,N,60,1,0,0,0,1,0,0,0,0,"- ","- ",38.049430847167969,-122.53191375732422,MARIN,NOVATO,-122.52995300292969,38.050819396972656
9609948,2023,2023-08-25,2110,2023-08-03,1812,SP5279,10001,4,5,2,2110,0,0,0,,0,SP2,BRIDGEWAY,"COLOMA ST",256.00,N,N,A,-,N,,,,,,,,,,N,2,0,1,2,A,-,04,21703,,N,C,C,A,A,H,-,A,A,0,,,,,Y,Y,A,01,1,0,0,0,0,0,0,0,0,"- ","- ",,,MARIN,SAUSALITO,-122.50303649902344,37.86920166015625
9611504,2023,2023-10-02,2102,2023-06-30,1406,082,2,5,5,2,2102,0,0,0,,0,001,"CHAPMAN DR","STETSON AV",120.00,S,N,A,-,N,,,,,,,,,,N,2,0,1,2,A,-,03,22350,,N,H,G,A,A,H,-,A,D,0,,Y,,,Y,,L,04,1,0,0,0,0,0,1,0,0,"- ","- ",,,MARIN,"CORTE MADERA",-122.52691650390625,37.920871734619141
9614152,2023,2023-10-10,2106,2023-09-13,1034,510,,3,5,4,2106,0,0,0,,0,,"ENFRENTE RD","ENTRADA DR",166.00,S,N,A,-,N,,,,,,,,,,N,2,0,1,2,A,-,09,21804,A,N,G,B,F,A,H,-,A,D,0,Y,,,,Y,,D,22,1,0,0,0,1,0,0,0,0,"- ","- ",38.069038391113281,-122.54010772705078,MARIN,NOVATO,-122.54002380371094,38.068935394287109
9620360,2023,2023-10-16,2104,2023-09-02,1213,047,1,6,5,3,2104,0,0,0,,0,002,"MAGNOLIA AV","DOHERTY DR",0.00,,Y,A,-,N,,,,,,,,,,N,2,0,1,2,A,-,03,22350,,N,H,G,A,A,H,-,A,A,0,,Y,,,Y,,A,01,1,0,0,0,0,0,1,0,0,"- ","- ",37.93804931640625,-122.53486633300781,MARIN,LARKSPUR,-122.53480529785156,37.93804931640625
9620932,2023,2023-12-06,2109,2023-10-01,2500,476,21,7,5,5,2109,0,0,0,,0,003,"BELLAM BL","BELVEDERE ST",57.00,W,N,A,-,N,,,,,,,,,,Y,2,0,1,2,A,-,11,21950,B,F,G,B,D,A,H,-,C,D,0,Y,,,,Y,Y,N,60,1,0,0,0,1,0,0,0,0,"- ","- ",37.961261749267578,-122.50258636474609,MARIN,"SAN RAFAEL",-122.50282287597656,37.961311340332031
9621416,2023,2023-12-14,2109,2023-10-30,"833 ",665,16,1,5,5,2109,0,0,0,,0,002,"A ST","2ND ST",0.00,,Y,A,-,N,,,,,,,,,,N,2,0,1,2,A,-,12,21453,A,N,H,G,A,A,H,-,A,A,0,,Y,,,Y,,A,01,1,0,0,0,0,0,1,0,0,"- ","- ",,,MARIN,"SAN RAFAEL",-122.52854156494141,37.971179962158203
9621766,2023,2023-10-26,2109,2023-09-15,1939,524,42,5,5,5,2109,0,0,0,,0,,"MANUEL T FREITAS","LEA DR",0.00,,Y,A,-,N,,,,,,,,,,N,2,0,1,2,A,-,09,21801,A,N,H,G,A,A,H,-,C,D,0,,Y,,,Y,,A,07,1,0,0,0,0,0,1,0,0,"- ","- ",38.010169982910156,-122.56407165527344,MARIN,"SAN RAFAEL",-122.56412506103516,38.010250091552734
9622800,2023,2023-12-05,2109,2023-10-24,"703 ",665,17,2,5,5,2109,0,0,0,,0,002,"TAMALPAIS AV","3RD ST",0.00,,Y,A,-,N,,,,,,,,,,N,2,0,1,2,A,-,00,21955,A,N,G,B,D,A,H,-,A,D,0,Y,,,,Y,,N,60,1,0,0,0,1,0,0,0,0,"- ","- ",37.971099853515625,-122.52310943603516,MARIN,"SAN RAFAEL",-122.523193359375,37.971549987792969
9623850,2023,2024-02-01,2109,2023-11-10,2243,678,20,5,5,5,2109,0,0,0,,0,003,"MEDWAY RD","FRONT ST",4.00,S,N,A,-,N,,,,,,,,,,N,2,0,1,2,A,-,09,21800,A,F,A,C,A,A,H,-,C,A,0,,,,,Y,Y,D,22,1,0,0,0,0,0,0,0,0,"- ","- ",37.963878631591797,-122.50948333740234,MARIN,"SAN RAFAEL",-122.5096435546875,37.963680267333984
9627647,2023,2023-10-11,2102,2023-09-04,1139,163,2A,1,5,2,2102,0,0,0,,0,001,"TAMAL VISTA BL","TAMAL PLZ",182.00,N,N,A,-,N,,,,,,,,,,Y,2,0,1,1,A,-,03,22350,,N,E,I,A,A,H,-,A,D,0,,,Y,,Y,,C,02,1,0,0,0,0,0,0,0,1,"- ","- ",37.937229156494141,-122.52037048339844,MARIN,"CORTE MADERA",-122.51884460449219,37.937000274658203
9628405,2023,2023-11-07,2109,2023-10-06,1244,605,41,5,5,5,2109,0,0,0,,0,003,"RT 580","BELLAM BL",0.00,,Y,A,-,Y,MRN,4,580,-,-,4.622,R,4,E,Y,2,0,2,2,A,-,12,21453,A,N,D,C,A,A,H,-,A,A,0,,,,,Y,,A,07,1,1,0,0,0,0,0,0,0,EF,"- ",37.959140777587891,-122.50554656982422,MARIN,"SAN RAFAEL",-122.50711822509766,37.961124420166016
9630000,2023,2023-11-29,2106,2023-10-02,"959 ",508,N343,1,5,4,2106,0,0,0,,0,NP3,"ENFRENTE RD","ENTRADA DR",0.00,,Y,A,-,N,,,,,,,,,,Y,2,0,1,2,A,-,09,21802,A,N,B,C,A,A,H,-,A,A,0,,,,,Y,,A,01,1,0,0,0,0,0,0,0,0,"- ","- ",,,MARIN,NOVATO,-122.5401611328125,38.069377899169922
9631818,2023,2023-11-14,2104,2023-09-27,1356,138,1A,3,5,3,2104,0,0,0,,0,002,"MAGNOLIA AV","DARTMOUTH DR",0.00,,Y,A,-,N,,,,,,,,,,N,2,0,1,2,A,-,12,22450,A,N,D,C,A,A,H,-,A,A,0,,,Y,,Y,,C,03,1,0,0,0,0,0,0,0,1,"- ","- ",37.944858551025391,-122.54289245605469,MARIN,LARKSPUR,-122.54288482666016,37.944873809814453
9633615,2023,2023-11-07,2110,2023-10-20,2004,SP5284,10000,5,5,2,2110,0,0,0,,0,SP1,BRIDGEWAY,"PINE ST",20.00,N,N,A,-,N,,,,,,,,,,N,2,0,1,2,A,-,00,21754,D,F,B,G,A,A,H,-,C,D,0,,Y,,,Y,Y,-,,1,0,0,0,0,0,1,0,0,"- ","- ",,,MARIN,SAUSALITO,-122.48497009277344,37.859169006347656
9640341,2023,2025-06-25,2109,2023-09-16,"703 ",622,19,6,5,5,2109,0,0,0,,0,003,"CANAL ST","HARBOR ST",321.00,W,N,A,-,N,,,,,,,,,,Y,1,2,0,1,-,-,"- ",,A,N,E,I,A,A,G,-,B,D,0,,,,,Y,Y,A,01,0,0,0,0,0,0,0,0,0,"- ","- ",37.967460632324219,-122.51139068603516,MARIN,"SAN RAFAEL",-122.51287078857422,37.967765808105469
9640727,2024,2024-08-20,2103,2024-07-01,2230,181,OUT,1,5,2,2103,0,0,0,,0,DET,"SIR FRANCIS DRAKE BL","SHADOW CREEK CT",300.00,E,N,A,-,N,,,,,,,,,,N,1,1,0,1,A,-,01,23152,A,N,E,I,A,A,H,-,D,D,0,,,,,Y,Y,-,,0,0,0,0,0,0,0,0,0,"- ","- ",38.000228881835938,-122.60611724853516,MARIN,FAIRFAX,-122.60693359375,38.000362396240234
9657675,2024,2024-07-03,2110,2024-01-07,1048,SP5290,10000,7,5,2,2110,0,0,0,,0,SP2,BRIDGEWAY,"LIGHT STANDARD #314Y",62.00,S,N,A,-,N,,,,,,,,,,N,2,0,1,2,A,-,17,22517,,N,H,G,A,A,H,-,A,D,0,,Y,,,Y,,A,01,1,0,0,0,0,0,1,0,0,"- ","- ",,,MARIN,SAUSALITO,,
9659298,2024,2024-03-23,2106,2024-01-29,1515,505,,1,5,4,2106,0,0,0,,0,NP4,"HILL RD","DIABLO AV",38.00,S,N,A,-,N,,,,,,,,,,Y,2,0,1,2,A,-,03,22350,,F,G,B,B,A,H,-,A,A,0,Y,,,,Y,,A,01,1,0,0,0,1,0,0,0,0,"- ","- ",38.097278594970703,-122.57772827148438,MARIN,NOVATO,-122.57750701904297,38.097118377685547
9664571,2024,2024-04-18,2106,2024-02-13,1832,505,N101,2,5,4,2106,0,0,0,,0,NP1,"CENTER RD","HOLSTROM CIR",16.00,E,N,A,-,N,,,,,,,,,,Y,2,0,2,3,A,-,01,23152,F,F,C,G,A,A,H,-,C,D,0,,Y,,,Y,,A,01,1,1,0,0,0,0,2,0,0,"- ","- ",38.109020233154297,-122.59758758544922,MARIN,NOVATO,-122.59836578369141,38.109439849853516
9672094,2024,2024-03-05,2104,2024-01-15,1625,143,1,1,5,3,2104,0,0,0,,0,002,"LUCKY DR","DOHERTY DR",269.00,S,N,A,-,N,,,,,,,,,,N,2,0,1,2,A,-,08,22107,,N,H,G,A,A,H,-,A,D,0,,Y,,,Y,,L,04,1,0,0,0,0,0,1,0,0,"- ","- ",37.938251495361328,-122.52439117431641,MARIN,LARKSPUR,-122.52147674560547,37.937431335449219
9672095,2024,2024-03-05,2108,2024-01-11,"811 ",076,3,4,5,3,2108,0,0,0,,0,003,"AUSTIN AV","WAVERLY RD",0.00,,Y,A,-,N,,,,,,,,,,N,2,0,1,1,C,-,18,,,N,E,J,A,A,H,-,A,D,0,,Y,,,Y,,-,"- ",1,0,0,0,0,0,1,0,0,"- ","- ",37.969200134277344,-122.56832885742188,MARIN,"SAN ANSELMO",-122.56832885742188,37.969207763671875
9688260,2024,2024-04-18,2104,2024-01-29,1903,087,1,1,5,3,2104,0,0,0,,0,002,"MAGNOLIA AV","DOHERTY DR",462.00,N,N,A,-,N,,,,,,,,,,N,2,0,1,2,A,-,08,22107,,N,C,E,A,A,H,-,C,D,0,,,,,Y,Y,A,01,1,0,0,0,0,0,0,0,0,"- ","- ",37.938999176025391,-122.53600311279297,MARIN,LARKSPUR,-122.53578186035156,37.939022064208984
9726101,2024,2024-08-29,2105,2024-07-09,1237,MV6258,90004,2,5,3,2105,0,0,0,,0,MV2,"ELM AV","EAST BLITHEDALE AV",103.00,S,N,A,-,N,,,,,,,,,,N,2,0,1,1,A,-,03,22350,,N,E,I,A,A,H,-,A,D,0,,Y,,,Y,,L,04,1,0,0,0,0,0,1,0,0,"- ","- ",,,MARIN,"MILL VALLEY",-122.53694915771484,37.903759002685547
9736787,2024,2024-10-03,2106,2024-08-23,1048,467,N410,5,5,4,2106,0,0,0,,0,NP4,"ROWLAND BL","SOUTH NOVATO BL",0.00,,Y,A,-,N,,,,,,,,,,Y,2,0,1,3,C,-,18,,,N,D,C,A,A,H,-,A,A,0,,,,,Y,,-,"- ",1,0,0,0,0,0,0,0,0,"- ","- ",38.088031768798828,-122.56508636474609,MARIN,NOVATO,-122.56514739990234,38.087947845458984
9743055,2024,2024-11-18,2105,2024-10-16,2114,MV6258,90003,3,5,3,2105,0,0,0,,0,MV2,"STANTON WY","UNDERHILL RD",0.00,,Y,A,-,N,,,,,,,,,,Y,2,0,1,2,A,-,03,22350,,N,C,E,A,A,H,-,C,D,0,,,,,Y,,A,01,1,0,0,0,0,0,0,0,0,"- ","- ",,,MARIN,"MILL VALLEY",-122.52532958984375,37.910861968994141
9746484,2024,2024-11-15,2106,2024-10-15,1721,519,,2,5,4,2106,0,0,0,,0,,"VINEYARD RD","ANGELICA CT",0.00,,Y,A,-,N,,,,,,,,,,Y,2,0,1,2,A,-,09,21801,A,N,A,G,A,A,H,-,A,D,0,,Y,,,Y,,A,01,1,0,0,0,0,0,1,0,0,"- ","- ",38.104320526123047,-122.61366271972656,MARIN,NOVATO,-122.61328125,38.104255676269531
9747264,2024,2024-10-24,2106,2024-08-28,2140,503,N429,3,5,4,2106,0,0,0,,0,NP4,"2ND ST","GRANT AV",0.00,,Y,A,-,N,,,,,,,,,,N,2,0,1,2,A,-,11,21954,A,N,G,B,B,A,H,-,C,D,0,Y,,,,Y,,A,08,1,0,0,0,1,0,0,0,0,"- ","- ",38.107940673828125,-122.57225799560547,MARIN,NOVATO,-122.57266998291016,38.1080322265625
9748724,2024,2024-12-13,2103,2024-07-23,2054,171,DNTN,2,5,2,2103,0,0,0,,0,PAT,"SIR FRANCIS DRAKE BL","AZALEA AV",0.00,,Y,A,-,N,,,,,,,,,,Y,2,0,1,2,A,-,01,23153,B,N,G,B,B,A,H,-,C,D,0,Y,,,,Y,Y,A,01,1,0,0,0,1,0,0,0,0,"- ","- ",37.989128112792969,-122.59129333496094,MARIN,FAIRFAX,-122.59124755859375,37.989070892333984
9775772,2024,2025-01-30,2106,2024-12-11,"949 ",467,N101,3,5,4,2106,0,0,0,,0,NP1,"SAN MARIN DR","SIMMONS LN",225.00,W,N,A,-,N,,,,,,,,,,Y,2,0,2,1,C,-,18,,,N,E,I,A,A,H,-,A,D,0,,,,,Y,,-,"- ",2,0,0,0,0,0,0,0,0,"- ","- ",38.121589660644531,-122.58477783203125,MARIN,NOVATO,-122.58546447753906,38.121902465820312
9780806,2025,2025-03-25,2105,2025-02-19,1745,MV6236,90000,3,5,3,2105,0,0,0,,0,MV2,"MILLER AV","CAMINO ALTO",45.00,N,N,A,-,N,,,,,,,,,,Y,2,0,4,3,A,-,03,22350,,N,A,D,A,A,H,-,B,A,0,,,,,Y,,A,07,1,1,2,0,0,0,0,0,0,"- ","- ",,,MARIN,"MILL VALLEY",-122.53007507324219,37.892910003662109
9800360,2025,2025-04-15,2103,2025-02-23,1110,188,BOLIN,7,5,2,2103,0,0,0,,0,PAT,"458 BOLINAS RD","PORTEOUS AV",1385.00,S,N,A,-,N,,,,,,,,,,N,2,0,1,1,C,-,18,,,N,H,A,A,A,H,-,A,D,0,,Y,,,Y,,-,"- ",1,0,0,0,0,0,1,0,0,"- ","- ",,,MARIN,FAIRFAX,-122.59627532958984,37.979038238525391
9801782,2025,2025-04-10,2106,2025-02-15,1802,518,N344,6,5,4,2106,0,0,0,,0,NP3,"IGNACIO BL","ENFRENTE RD",255.00,E,N,A,-,N,,,,,,,,,,Y,2,0,1,2,A,-,10,21954,B,N,G,B,D,A,H,-,B,A,0,Y,,,,Y,,A,01,1,0,0,0,1,0,0,0,0,"- ","- ",38.065670013427734,-122.53916168212891,MARIN,NOVATO,-122.53811645507812,38.066055297851562
9805361,2025,2025-04-29,2110,2025-04-04,1410,SP5298,10000,5,5,2,2110,0,0,0,,0,SP1,"SAUSALITO BL","SAUSALITO BL 623",0.00,,Y,A,-,N,,,,,,,,,,N,2,0,1,2,A,-,21,22106,,N,E,I,A,A,H,-,A,A,0,,,,,Y,,A,01,1,0,0,0,0,0,0,0,0,"- ","- ",,,MARIN,SAUSALITO,,
9805846,2025,2025-05-09,2106,2025-04-19,1655,359,,6,5,4,2106,0,0,0,,0,,"CENTER RD","EUCALYPTUS AV",244.00,W,N,A,-,N,,,,,,,,,,N,2,0,1,2,A,-,03,22350,,N,C,E,A,A,H,-,A,D,0,,,Y,,Y,,C,03,1,0,0,0,0,0,0,0,1,"- ","- ",38.110641479492188,-122.60481262207031,MARIN,NOVATO,-122.60540771484375,38.110885620117188
9815578,2025,2025-06-03,2106,2025-05-25,"319 ",464,N339,7,5,4,2106,0,0,0,,0,NP3,"HAMILTON PKWY","PUETTS WAY",32.00,E,N,A,-,N,,,,,,,,,,Y,2,0,1,1,A,-,01,23153,A,N,E,I,A,A,H,-,C,B,0,,,,,Y,Y,A,01,1,0,0,0,0,0,0,0,0,"- ","- ",,,MARIN,NOVATO,-122.53033447265625,38.061931610107422