CASE_ID,ACCIDENT_YEAR,PROC_DATE,JURIS,COLLISION_DATE,COLLISION_TIME,OFFICER_ID,REPORTING_DISTRICT,DAY_OF_WEEK,CHP_SHIFT,POPULATION,CNTY_CITY_LOC,SPECIAL_COND,BEAT_TYPE,CHP_BEAT_TYPE,CITY_DIVISION_LAPD,CHP_BEAT_CLASS,BEAT_NUMBER,PRIMARY_RD,SECONDARY_RD,DISTANCE,DIRECTION,INTERSECTION,WEATHER_1,WEATHER_2,STATE_HWY_IND,CALTRANS_COUNTY,CALTRANS_DISTRICT,STATE_ROUTE,ROUTE_SUFFIX,POSTMILE_PREFIX,POSTMILE,LOCATION_TYPE,RAMP_INTERSECTION,SIDE_OF_HWY,TOW_AWAY,COLLISION_SEVERITY,NUMBER_KILLED,NUMBER_INJURED,PARTY_COUNT,PRIMARY_COLL_FACTOR,PCF_CODE_OF_VIOL,PCF_VIOL_CATEGORY,PCF_VIOLATION,PCF_VIOL_SUBSECTION,HIT_AND_RUN,TYPE_OF_COLLISION,MVIW,PED_ACTION,ROAD_SURFACE,ROAD_COND_1,ROAD_COND_2,LIGHTING,CONTROL_DEVICE,CHP_ROAD_TYPE,PEDESTRIAN_ACCIDENT,BICYCLE_ACCIDENT,MOTORCYCLE_ACCIDENT,TRUCK_ACCIDENT,NOT_PRIVATE_PROPERTY,ALCOHOL_INVOLVED,STWD_VEHTYPE_AT_FAULT,CHP_VEHTYPE_AT_FAULT,COUNT_SEVERE_INJ,COUNT_VISIBLE_INJ,COUNT_COMPLAINT_PAIN,COUNT_PED_KILLED,COUNT_PED_INJURED,COUNT_BICYCLIST_KILLED,COUNT_BICYCLIST_INJURED,COUNT_MC_KILLED,COUNT_MC_INJURED,PRIMARY_RAMP,SECONDARY_RAMP,LATITUDE,LONGITUDE,COUNTY,CITY,POINT_X,POINT_Y
9826178,2025,2025-07-10,2106,2025-05-29,2030,464,N201,4,5,4,2106,0,0,0,,0,NP2,"ROWLAND BL","RT 101",0.00,,Y,A,-,Y,MRN,4,101,-,-,19.958,R,4,N,N,2,0,1,1,A,-,03,22350,,N,H,A,A,A,H,-,B,A,0,,Y,,,Y,Y,L,04,1,0,0,0,0,0,1,0,0,"- ",NF,38.092910766601562,-122.55699920654297,MARIN,NOVATO,-122.55636596679688,38.089748382568359
9827327,2025,2025-07-10,2105,2025-06-12,2104,MV6258,90000,4,5,3,2105,0,0,0,,0,MV1,"150 MONTE VISTA AV","HAZEL AV",187.00,E,N,A,-,N,,,,,,,,,,N,2,0,1,2,A,-,10,21954,B,N,G,B,E,A,H,-,D,A,0,Y,,,,Y,,A,01,1,0,0,0,1,0,0,0,0,"- ","- ",,,MARIN,"MILL VALLEY",-122.56186676025391,37.905311584472656
9827331,2025,2025-07-10,2105,2025-06-06,1150,MV6234,90001,5,5,3,2105,0,0,0,,0,MV2,"CAMINO ALTO","OVERHILL RD",1570.00,N,N,A,-,N,,,,,,,,,,N,2,0,1,1,A,-,03,22350,,N,H,J,A,A,H,-,A,D,0,,Y,,,Y,,L,04,1,0,0,0,0,0,1,0,0,"- ","- ",,,MARIN,"MILL VALLEY",-122.52741241455078,37.911972045898438
6291798,2014,2016-01-05,9350,2014-11-01,0430,20613,,6,3,9,2100,0,1,2,,2,040,"RT 101","RT 131",1965.00,S,N,A,-,Y,MRN,4,101,-,-,5.320,H,-,N,Y,1,1,0,1,A,-,08,22107,,N,E,I,A,B,H,-,C,D,1,,,,,Y,,A,01,0,0,0,0,0,0,0,0,0,"- ","- ",37.89725,-122.5159,MARIN,UNINCORPORATED,-122.51601198,37.897328899999998
6370157,2014,2014-06-11,9350,2014-01-12,1510,18797,,7,2,9,2100,0,2,4,,1,016,"LUCAS VALLEY RD","HUCKLEBERRY RD",105.00,W,N,A,-,N,,,,,,,,,,N,2,0,1,2,A,-,03,22350,,N,C,G,A,A,H,-,A,D,0,,Y,,,Y,,A,01,1,0,0,0,0,0,1,0,0,"- ","- ",38.025579999999998,-122.56389,MARIN,UNINCORPORATED,-122.56380346,38.025546800000001
6448229,2014,2014-07-17,9350,2014-04-10,1810,17450,,4,2,9,2100,0,3,5,,2,006,"NICASIO VALLEY RD","SIR FRANCIS DRAKE BL",4224.00,N,N,A,-,N,,,,,,,,,,Y,2,0,1,1,A,-,03,22350,,N,F,A,A,A,H,-,A,D,0,,,Y,,Y,,C,02,1,0,0,0,0,0,0,0,1,"- ","- ",38.025320000000001,-122.66479,MARIN,UNINCORPORATED,-122.66315154999999,38.022258729999997
6467775,2014,2014-07-19,9350,2014-04-07,1700,15765,,1,2,9,2100,0,2,4,,2,026,"NOVATO BL","NOVATO CREEK RD",41.00,E,N,A,-,N,,,,,,,,,,Y,2,0,1,2,A,-,09,21801,A,N,A,G,A,A,H,-,A,D,0,,Y,,,Y,,A,07,1,0,0,0,0,0,1,0,0,"- ","- ",38.120530000000002,-122.63563000000001,MARIN,UNINCORPORATED,-122.63540894,38.120628250000003
6660510,2014,2014-10-23,2117,2014-08-14,2036,082,3,4,5,3,2108,0,0,0,,0,004,"ROSS AV","JONES ST",84.00,W,N,A,-,N,,,,,,,,,,N,2,0,1,2,A,-,10,21950,C,N,G,B,D,A,H,-,C,D,0,Y,,,,Y,,A,01,1,0,0,0,1,0,0,0,0,"- ","- ",37.971530000000001,-122.56564,MARIN,"SAN ANSELMO",-122.56560064999999,37.971334300000002
6881407,2015,2015-04-22,2109,2015-03-03,1718,476,7,2,5,5,2109,0,0,0,,0,001,"2ND ST","D ST",0.00,,Y,A,-,N,,,,,,,,,,N,2,0,1,2,A,-,12,21453,A,N,D,G,A,A,H,-,A,A,0,,Y,,,Y,,L,04,1,0,0,0,0,0,1,0,0,"- ","- ",37.971409999999999,-122.53261999999999,MARIN,"SAN RAFAEL",-122.53230994,37.971559919999997
7190597,2016,2016-12-01,2106,2016-10-25,0116,NP0373,13042,2,5,4,2106,0,0,0,,0,NP4,"ROWLAND BL","REDWOOD BL",200.00,E,N,B,C,N,,,,,,,,,,N,1,1,0,2,A,-,03,22350,,F,G,B,E,B,H,-,D,A,0,Y,,,,Y,,A,01,0,0,0,1,0,0,0,0,0,"- ","- ",,,MARIN,NOVATO,-122.56134421,38.090849400000003
8074662,2016,2016-07-06,2105,2016-06-19,1030,MV6200,MV2,7,5,3,2105,0,0,0,,0,MV2,"CAMINO ALTO","AZALEA DR",0.00,,Y,A,-,N,,,,,,,,,,Y,2,0,1,2,A,-,09,21804,A,M,D,C,A,A,H,-,A,D,0,,,Y,,Y,,A,01,1,0,0,0,0,0,0,0,1,"- ","- ",,,MARIN,"MILL VALLEY",-122.52691986000001,37.904169940000003
84457926,2024,2024-11-05,2109,2024-11-04,"832 ",669,,1,5,5,2109,0,0,0,,0,006,"SMITH RANCH RD","YOSEMITE RD",0.00,,Y,A,-,N,,,,,,,,,,N,2,0,1,2,A,-,10,21950,A,N,G,B,B,A,H,-,A,D,0,Y,,,,Y,,A,01,1,0,0,0,1,0,0,0,0,"- ","- ",38.018699645996094,-122.5286865234375,MARIN,"SAN RAFAEL",-122.52867126464844,38.018627166748047
8528297,2017,2018-01-12,2109,2017-12-26,1814,579,17,2,5,5,2109,0,0,0,,0,,"TAMALPAIS AV","3RD ST",0.00,,Y,A,-,N,,,,,,,,,,Y,2,0,1,2,A,-,09,21801,A,N,D,C,A,A,H,-,C,A,0,,,Y,,Y,Y,A,01,1,0,0,0,0,0,0,0,1,"- ","- ",37.97148,-122.52272000000001,MARIN,"SAN RAFAEL",-122.52318988,37.971549979999999
8845008,2019,2019-04-26,2103,2019-03-23,0920,169,EAST,6,5,2,2103,0,0,0,,0,PAT,"LANSDALE AV","BAYWOOD CT",195.00,W,N,A,-,N,,,,,,,,,,N,2,0,1,2,A,-,04,21703,,N,H,G,A,B,H,-,A,A,0,,Y,,,Y,,L,04,1,0,0,0,0,0,1,0,0,"- ","- ",37.984580993652344,-122.58101654052734,MARIN,FAIRFAX,-122.58152008056641,37.984893798828125
8941602,2019,2019-10-02,2109,2019-09-20,1105,609,16,5,5,5,2109,0,0,0,,0,002,"BROOKS ST","2ND ST",50.00,N,N,A,-,N,,,,,,,,,,N,2,0,1,2,A,-,00,21806,,N,G,B,B,A,H,-,A,D,0,Y,,,,Y,,A,01,1,0,0,0,1,0,0,0,0,"- ","- ",37.971080780029297,-122.52771759033203,MARIN,"SAN RAFAEL",-122.52766418457031,37.971206665039062
90076748,2015,2015-12-17,9350,2015-12-09,0645,013814,,3,1,4,2106,0,1,3,,2,037,"US-101 N/B FROM SR-37","U.S.101 N/B",464.00,E,N,B,E,Y,,,101,,,,R,,N,Y,2,0,1,2,A,-,03,22350,,N,E,I,A,B,H,-,B,D,0,,,Y,,Y,,C,02,1,0,0,0,0,0,0,0,1,"- ","- ",38.081330000000001,-122.54564000000001,MARIN,NOVATO,-122.54564000000001,38.081330000000001
90124633,2016,2016-02-26,9350,2016-02-12,1015,019678,,5,1,3,2105,0,1,2,,2,040,"REDWOOD HIGHWAY FRONTAGE RD.","US-101 O/C",60.00,N,N,A,-,N,,,,,,,,,,Y,2,0,1,1,A,-,08,22107,,N,F,A,A,A,H,-,A,D,0,,,Y,,Y,,C,02,1,0,0,0,0,0,0,0,1,"- ","- ",37.886749999999999,-122.51723,MARIN,"MILL VALLEY",-122.5170511,37.886400459999997
90277672,2016,2016-09-28,9350,2016-09-23,0650,018319,,5,1,4,2106,0,2,4,,2,017,"ATHERTON AVENUE","ARCHIBALD LN",1200.00,W,N,A,-,N,,,,,,,,,,Y,2,0,1,1,C,-,18,,,N,E,H,A,A,H,-,A,D,0,,,Y,,Y,,-,"- ",1,0,0,0,0,0,0,0,1,"- ","- ",38.11647,-122.54541,MARIN,NOVATO,-122.54544110000001,38.116516330000003
90410460,2017,2017-03-13,9350,2017-03-05,0300,021437,,7,3,5,2109,0,1,2,,1,060,"US-101 S/B","NORTH SAN PEDRO RD",1185.00,S,N,B,C,Y,,,101,,,,,,S,Y,2,0,1,1,A,-,01,23152,A,N,E,I,A,B,H,-,C,D,0,,,,,Y,Y,D,22,1,0,0,0,0,0,0,0,0,"- ","- ",37.991329999999998,-122.53017,MARIN,"SAN RAFAEL",-122.53016558,37.991334389999999
90474618,2017,2017-06-09,9350,2017-05-02,1023,013346,,2,1,9,2100,0,1,3,,1,042,"SR-1 (SHORELINE HIGHWAY)","BOLINAS FAIRFAX ROAD",2640.00,S,N,A,-,Y,,,1,,,,,,,Y,1,1,0,2,A,-,03,22350,,N,A,C,A,A,H,-,A,D,0,,,Y,,Y,,C,02,0,0,0,0,0,0,0,1,0,"- ","- ",37.931530000000002,-122.68853,MARIN,UNINCORPORATED,-122.68858207,37.931540990000002
90486871,2017,2017-06-23,9350,2017-06-17,1845,021343,,6,2,9,2100,0,2,4,,1,046,"POINT REYES PETALUMA RD","NOVATO BLVD",1584.00,W,N,A,-,N,,,,,,,,,,Y,2,0,1,1,A,-,03,22350,,N,E,I,A,A,H,-,A,D,0,,,Y,,Y,,C,02,1,0,0,0,0,0,0,0,1,"- ","- ",38.138710000000003,-122.70747,MARIN,UNINCORPORATED,-122.70759326,38.138482840000002
90578298,2017,2017-10-25,9350,2017-10-01,0300,021699,,7,3,9,2100,0,2,4,,1,044,"SIR FRANCIS DRAKE BLVD","BEAR VALLEY RD",1584.00,E,N,A,-,N,,,,,,,,,,Y,2,0,1,1,A,-,08,22107,,N,E,I,A,A,H,-,C,D,0,,,,,Y,,D,22,1,0,0,0,0,0,0,0,0,"- ","- ",38.06279,-122.81307,MARIN,UNINCORPORATED,-122.81251772,38.06298022
90697684,2018,2018-04-03,9350,2018-03-28,1750,019000,,3,2,9,2100,0,3,5,,2,003,BRIDGEWAY,"GATE 6 RD",0.00,,Y,B,-,Y,,,,,,,,,,N,2,0,1,2,A,-,12,21453,A,N,H,G,A,A,H,-,A,A,0,,Y,,,Y,,L,04,1,0,0,0,0,0,1,0,0,"- ","- ",37.872661590576172,-122.50560760498047,MARIN,UNINCORPORATED,-122.50570678710938,37.872600555419922
90724480,2018,2018-05-11,9350,2018-03-15,0001,021615,,4,3,9,2100,0,1,3,,1,052,"SR-1 S/B","CYPRESS ROAD",5702.00,N,N,A,-,Y,,,1,,,,,,S,Y,1,1,0,1,A,-,03,22350,,N,E,I,A,A,H,-,D,D,0,,,,,Y,,J,48,0,0,0,0,0,0,0,0,0,"- ","- ",38.092380523681641,-122.82617950439453,MARIN,UNINCORPORATED,-122.82622528076172,38.092453002929688
90835257,2018,2018-10-15,9350,2018-10-08,1130,021629,,1,1,2,2110,0,3,5,,2,003,"ALEXANDER AVE","BUNKER RD",53.00,E,N,A,-,N,,,,,,,,,,N,2,0,1,1,A,-,03,22350,,N,F,A,A,A,H,-,A,D,0,,Y,,,Y,,L,04,1,0,0,0,0,0,1,0,0,"- ","- ",37.839920043945312,-122.48130035400391,MARIN,SAUSALITO,-122.48301696777344,37.837860107421875
90835470,2018,2018-10-15,9350,2018-09-22,0150,022133,,6,3,4,2106,0,1,2,,2,070,"US-101 NB","NAVE DR O/C",1068.00,S,N,A,-,Y,,,101,,,,,,N,Y,2,0,4,1,A,-,01,23152,A,N,E,I,A,A,H,-,D,D,0,,,,,Y,Y,A,01,2,2,0,0,0,0,0,0,0,"- ","- ",38.044750213623047,-122.53415679931641,MARIN,NOVATO,-122.53426361083984,38.044822692871094
90974574,2019,2019-04-24,9350,2019-04-13,1640,021867,,6,2,9,2100,0,1,3,,1,052,SR-1,"TOMALES-PETALUMA ROAD",14256.00,S,N,A,-,Y,,,1,,,,,,,Y,2,0,1,3,A,-,03,22350,,N,F,A,A,A,H,-,A,D,0,,,Y,,Y,,C,02,1,0,0,0,0,0,0,0,1,"- ","- ",38.210659027099609,-122.92471313476562,MARIN,UNINCORPORATED,-122.92470550537109,38.210678100585938
91058314,2019,2019-08-23,9350,2019-08-16,1430,021739,,5,2,9,2100,0,1,3,,1,052,SR-1,"MARSHALL PETALUMA RD",1056.00,N,N,A,-,Y,,,1,,,,,,,Y,2,0,1,1,A,-,03,22350,,N,E,J,A,A,H,-,A,D,0,,,Y,,Y,,C,02,1,0,0,0,0,0,0,0,1,"- ","- ",38.172401428222656,-122.89823150634766,MARIN,UNINCORPORATED,-122.89824676513672,38.172378540039062
91093594,2019,2019-10-09,9350,2019-10-01,1738,019000,,2,2,9,2100,0,1,2,,2,040,"US-101 N/B","STRAWBERRY PEDESRIAN OC",825.00,S,N,A,-,Y,,,101,,,,,,N,N,2,0,1,2,A,-,03,22350,,N,C,C,A,A,H,-,A,D,0,,,Y,,Y,,C,02,1,0,0,0,0,0,0,0,1,"- ","- ",37.886768341064453,-122.51654815673828,MARIN,UNINCORPORATED,-122.51663208007812,37.886772155761719
91147328,2019,2020-02-25,9350,2019-09-29,2315,021668,,7,3,9,2100,0,3,5,,2,002,"SIR FRANCIS DRAKE BOULEVARD","PIERCE POINT ROAD",1727.00,W,N,A,-,N,,,,,,,,,,Y,1,1,0,1,A,-,01,23152,A,N,E,I,A,A,H,-,C,D,0,,,,,Y,Y,D,22,0,0,0,0,0,0,0,0,0,"- ","- ",38.109760284423828,-122.89736938476562,MARIN,UNINCORPORATED,-122.8935546875,38.109642028808594
91271634,2020,2020-07-21,9350,2020-07-04,1535,022441,,6,2,9,2100,0,1,3,,2,037,"SR-37 E/B","HARBOR DRIVE",250.00,E,N,A,-,Y,,,37,,,,,,E,Y,2,0,2,1,A,-,01,23152,A,N,E,I,A,A,H,-,A,D,0,,,,,Y,Y,A,07,2,0,0,0,0,0,0,0,0,"- ","- ",38.11492919921875,-122.50634765625,MARIN,UNINCORPORATED,-122.50634002685547,38.114913940429688
91288820,2020,2020-08-19,9350,2020-08-16,1836,022411,,7,2,9,2100,0,1,3,,2,037,"SR-37 E/B","ATHERTON AVE",3379.00,W,N,A,-,Y,,,,,,,,,,Y,2,0,1,1,A,-,03,22350,,N,F,A,A,A,G,-,A,D,0,,,Y,,Y,,C,02,1,0,0,0,0,0,0,0,1,"- ","- ",38.098529815673828,-122.52001953125,MARIN,UNINCORPORATED,-122.519775390625,38.098724365234375
91313673,2020,2020-09-29,9350,2020-09-20,2220,021699,,7,3,9,2100,0,1,2,,1,080,"US-101 S/B","AIRPORT RD",1340.00,N,N,A,-,Y,,,101,,,,,,S,Y,2,0,2,4,A,-,08,22107,,N,E,J,A,A,H,-,D,D,0,,,,,Y,,A,01,1,1,0,0,0,0,0,0,0,"- ","- ",38.144630432128906,-122.56481170654297,MARIN,UNINCORPORATED,-122.56471252441406,38.1446533203125
91327946,2020,2020-10-21,9350,2020-10-14,1705,019000,,3,2,9,2100,0,2,4,,1,044,"SIR FRANCIS DRAKE BLVD","NICASIO VALLEY RD",0.00,,Y,A,-,N,,,,,,,,,,N,2,0,1,2,A,-,08,22107,,N,H,G,A,A,H,-,A,D,0,,Y,,,Y,,-,99,1,0,0,0,0,0,1,0,0,"- ","- ",38.014579772949219,-122.66361999511719,MARIN,UNINCORPORATED,-122.66372680664062,38.014488220214844
91476810,2021,2021-05-27,9350,2021-05-10,1156,022108,,1,1,4,2106,0,1,2,,1,080,"US-101 SOUTHBOUND","SR-37 EB",38.00,N,N,A,-,Y,,,101,,,,,,S,Y,2,0,1,1,A,-,01,23152,F,N,E,I,A,A,H,-,A,D,0,,,,,Y,,A,07,1,0,0,0,0,0,0,0,0,"- ","- ",38.077610015869141,-122.54418182373047,MARIN,NOVATO,-122.54404449462891,38.077754974365234
91670862,2021,2022-01-05,9350,2021-12-23,1250,016034,,4,1,5,2109,0,1,1,,1,015,"I-580 W/B","SIR FRANCIS DRAKE BOULEVARD OVERCROSSING",323.00,E,N,B,-,Y,,,580,,,,,,W,N,2,0,2,1,A,-,03,22350,,N,E,8,A,B,H,-,A,D,0,,,,,Y,,A,01,2,0,0,0,0,0,0,0,0,"- ","- ",37.945388793945312,-122.48951721191406,MARIN,"SAN RAFAEL",-122.48949432373047,37.945442199707031
91712070,2022,2022-03-11,9350,2022-02-23,2330,017691,,3,3,9,2100,0,2,4,,1,046,"PT. REYES/PETALUMA ROAD","NICASIO VALLEY ROAD",1584.00,E,N,A,-,N,,,,,,,,,,Y,2,0,1,1,A,-,08,22107,,N,E,I,A,A,H,-,D,D,0,,,,,Y,,A,07,1,0,0,0,0,0,0,0,0,"- ","- ",38.109649658203125,-122.72138977050781,MARIN,UNINCORPORATED,-122.73094940185547,38.100902557373047
91768740,2022,2022-08-15,9350,2022-05-01,1630,022633,,7,2,9,2100,0,2,4,,1,044,"SIR FRANCIS DRAKE BLVD.","TAYLOR PARK RD.",1.40,E,N,A,-,N,,,,,,,,,,N,1,1,1,1,A,-,08,22107,,N,E,I,A,A,H,-,A,D,0,,,,,Y,,A,01,0,0,1,0,0,0,0,0,0,"- ","- ",38.020198822021484,-122.72724151611328,MARIN,UNINCORPORATED,-122.588134765625,37.987277984619141
91859684,2022,2022-09-08,9350,2022-09-03,1600,022271,,6,2,4,2106,0,1,2,,1,080,"US-101 S/B","ATHERTON AVE",8030.00,N,N,A,-,Y,MRN,,101,,,23.693,H,,L,N,2,0,1,1,A,-,08,22107,,N,F,A,A,A,H,-,A,D,0,,,,,Y,,D,22,1,0,0,0,0,0,0,0,0,"- ","- ",38.139488220214844,-122.56432342529297,MARIN,NOVATO,-122.56427001953125,38.139492034912109
91868736,2022,2022-09-20,9350,2022-09-03,1331,022577,,6,1,3,2104,0,1,2,,2,050,"US-101 SOUTHBOUND","SIR FRANCIS DRAKE BLVDE",1584.00,N,N,A,-,Y,MRN,,101,,,8.990,H,,L,N,2,0,1,1,A,-,08,22107,,N,E,9,A,A,H,-,A,D,0,,,,,Y,,A,07,1,0,0,0,0,0,0,0,0,"- ","- ",37.948860168457031,-122.51277923583984,MARIN,LARKSPUR,-122.51266479492188,37.948818206787109
92004174,2023,2023-02-27,9350,2023-02-17,1625,023069,,5,2,9,2100,0,1,3,,1,012,"ALMONTE BOULEVARD","ROSEMONT AVE",6.00,S,N,A,-,N,,,,,,,,,,N,2,0,1,2,A,-,11,21950,B,N,G,B,B,A,H,-,A,A,0,Y,,,,Y,,N,60,1,0,0,0,1,0,0,0,0,"- ","- ",37.884078979492188,-122.52474212646484,MARIN,UNINCORPORATED,-122.524658203125,37.884132385253906
92133925,2023,2023-08-02,9350,2023-07-20,1720,022395,,4,2,9,2100,0,1,2,,1,030,"US-101 NORTHBOUND","DONAHUE ST.",2323.00,S,N,A,-,Y,MRN,,101," "," ",2.989,H,,R,Y,2,0,1,2,A,-,03,22350,,N,C,C,A,A,H,-,A,D,0,,,,,Y,Y,A,01,1,0,0,0,0,0,0,0,0,"- ","- ",37.866058349609375,-122.50704956054688,MARIN,UNINCORPORATED,-122.50704193115234,37.866058349609375
92133973,2023,2023-08-02,9350,2023-07-22,1510,020979,,6,2,9,2100,0,2,4,,1,016,"LUCAS VALLEY RD","LOMA ALTA FIRE ROAD",3801.00,E,N,A,-,N,,,,,,,,,,N,2,0,1,1,A,-,03,22350,,N,F,A,A,A,H,-,A,D,0,,Y,,,Y,,L,04,1,0,0,0,0,0,1,0,0,"- ","- ",38.043781280517578,-122.61312866210938,MARIN,UNINCORPORATED,,
92223905,2023,2023-10-31,9350,2023-10-21,"951 ",022577,,6,1,2,2110,0,1,2,,2,020,"US-101 NORTHBOUND TO RODEO AVENUE","RODEO AVE",5.00,N,N,A,-,Y,,,,,,,,,,N,2,0,2,1,A,-,03,22350,,N,E,I,A,A,H,-,A,D,0,,,,,Y,,A,01,1,1,0,0,0,0,0,0,0,"- ","- ",37.860420227050781,-122.50090789794922,MARIN,SAUSALITO,-122.50090789794922,37.860420227050781
92352406,2024,2024-04-02,9350,2024-03-08,2131,023482,,5,2,9,2100,0,1,2,,1,080,"SR-37 E/B","HARBOR DRIVE U/C",100.00,W,N,A,-,Y,MRN,,37," "," ",14.465,H,,R,Y,2,0,2,3,A,-,01,23152,A,F,A,C,A,A,H,-,D,D,0,,,,,Y,Y,A,01,1,1,0,0,0,0,0,0,0,"- ","- ",38.114170074462891,-122.50727081298828,MARIN,UNINCORPORATED,-122.50731658935547,38.114200592041016
9321171,2023,2023-03-09,2106,2023-02-10,1123,415,,5,5,4,2106,0,0,0,,0,,"HAMILTON PKWY","NAVE DR",621.00,E,N,A,-,N,,,,,,,,,,Y,1,1,0,2,A,-,12,22451,B,N,H,F,A,A,H,-,A,A,0,,,,,Y,,A,01,0,0,0,0,0,0,0,0,0,"- ","- ",38.061088562011719,-122.531982421875,MARIN,NOVATO,-122.53036499023438,38.061920166015625
94361709,2024,2024-08-20,9350,2024-08-12,"755 ",017978,,1,1,4,2106,0,1,2,,2,070,"US-101 N/B","IGNACIO BLVD OVERCROSSING",2385.00,S,N,B,-,Y,MRN,,101," "," ",17.541,H,,R,Y,2,0,3,1,A,-,03,22350,,N,E,8,A,A,H,-,A,D,0,,,,,Y,,A,01,1,2,0,0,0,0,0,0,0,"- ","- ",38.060779571533203,-122.53224182128906,MARIN,NOVATO,-122.53237152099609,38.060714721679688
9450922,2022,2022-06-15,2104,2022-05-31,1725,138,1B,2,5,3,2104,0,0,0,,0,002,"S ELISEO DR","BON AIR RD",680.00,N,N,A,-,N,,,,,,,,,,Y,2,0,1,1,A,-,08,22107,,N,E,I,A,A,H,-,A,D,0,,,,,Y,,A,01,1,0,0,0,0,0,0,0,0,"- ","- ",37.944290161132812,-122.53553009033203,MARIN,LARKSPUR,-122.53753662109375,37.945240020751953
94777084,2025,2025-07-25,9350,2025-06-04,"336 ",023068,,3,3,5,2109,0,1,2,,1,060,"US-101 SOUTHBOUND","N. SAN PEDRO RD",1665.00,N,N,A,-,Y,MRN,,101," "," ",12.960,H,,L,N,2,0,1,1,A,-,08,22107,,N,E,I,A,A,H,-,C,D,0,,,,,Y,,A,07,1,0,0,0,0,0,0,0,0,"- ","- ",37.997428894042969,-122.53462982177734,MARIN,"SAN RAFAEL",-122.53471374511719,37.997386932373047
9485860,2022,2022-09-07,2109,2022-08-20,1633,651,19,6,5,5,2109,0,0,0,,0,003,"FRANCISCO BL E","HARBOR ST",0.00,,Y,A,-,N,,,,,,,,,,N,2,0,1,2,A,-,09,21801,A,N,H,C,A,A,H,-,A,D,0,,,Y,,Y,,A,01,1,0,0,0,0,0,0,0,1,"- ","- ",37.965488433837891,-122.5140380859375,MARIN,"SAN RAFAEL",-122.51396179199219,37.965049743652344
9539022,2022,2023-01-27,2108,2022-12-16,0840,138,3,5,5,3,2108,0,0,0,,0,003,"BUTTERFIELD RD","ROSEMONT AV",154.00,S,N,A,-,N,,,,,,,,,,N,2,0,2,3,A,-,17,22517,,N,H,G,A,A,H,-,A,D,0,,Y,,,Y,,-,,2,0,0,0,0,0,2,0,0,"- ","- ",37.990791320800781,-122.57701873779297,MARIN,"SAN ANSELMO",-122.57718658447266,37.990367889404297
9553040,2023,2023-04-04,2109,2023-02-22,1440,642,28,3,5,5,2109,0,0,0,,0,004,"ACACIA AV","GRAND AV",0.00,,Y,A,-,N,,,,,,,,,,N,2,0,1,2,A,-,16,26708,A,N,G,B,B,A,H,-,A,A,0,Y,,,,Y,,A,01,1,0,0,0,1,0,0,0,0,"- ","- ",37.979351043701172,-122.51573181152344,MARIN,"SAN RAFAEL",-122.51576995849609,37.979362487792969
9647690,2023,2023-12-16,2104,2023-10-25,1643,111,1,3,5,3,2104,0,0,0,,0,002,"ONYX ST","MADRONE AV",184.00,N,N,A,-,N,,,,,,,,,,N,2,0,1,1,A,-,16,24002,A,N,E,I,A,A,H,-,A,D,0,,Y,,,Y,,L,04,1,0,0,0,0,0,1,0,0,"- ","- ",37.931480407714844,-122.53838348388672,MARIN,LARKSPUR,-122.53804779052734,37.931442260742188
9672156,2024,2024-04-16,2102,2024-02-09,"748 ",138,2,5,5,2,2102,0,0,0,,0,001,"MEADOWSWEET DR","CONOW ST",0.00,,Y,A,-,N,,,,,,,,,,N,2,0,1,2,A,-,09,21800,A,N,H,G,A,D,H,-,A,A,0,,Y,,,Y,,A,01,1,0,0,0,0,0,1,0,0,"- ","- ",37.923568725585938,-122.51484680175781,MARIN,"CORTE MADERA",-122.51480865478516,37.923553466796875
9678935,2023,2024-03-23,2103,2023-11-18,1511,181,MH,6,5,2,2103,0,0,0,,0,PAT,"WREDEN AV","MANZANITA RD",0.00,,Y,B,C,N,,,,,,,,,,Y,2,0,1,1,A,-,08,22107,,N,F,A,A,B,H,-,A,D,0,,,,,Y,,A,01,1,0,0,0,0,0,0,0,0,"- ","- ",37.986080169677734,-122.59496307373047,MARIN,FAIRFAX,-122.59457397460938,37.985740661621094
9720294,2024,2024-10-15,2105,2024-07-03,2143,MV6257,90002,3,5,3,2105,0,0,0,,0,MV2,"TIBURON BL","RT 101",150.00,E,N,A,-,Y,MRN,4,101,-,-,5.728,R,4,S,Y,2,0,1,1,A,-,08,22107,,N,E,I,A,A,H,-,C,A,0,,,,,Y,,A,01,1,0,0,0,0,0,0,0,0,"- ",SF,,,MARIN,"MILL VALLEY",-122.51580810546875,37.903255462646484
9748661,2024,2024-12-09,2103,2024-10-10,1024,171,DNTN,4,5,2,2103,0,0,0,,0,PAT,"CENTER BL","PASTORI AV",290.00,W,N,A,-,N,,,,,,,,,,N,2,0,1,2,A,-,10,21950,A,N,G,B,C,A,H,-,A,D,0,Y,,,,Y,,A,01,1,0,0,0,1,0,0,0,0,"- ","- ",37.985950469970703,-122.58376312255859,MARIN,FAIRFAX,-122.58353424072266,37.986034393310547